{
  "type": "FeatureCollection",
  "generator": "overpass-turbo",
  "copyright": "The data included in this document is from www.openstreetmap.org. The data is made available under ODbL.",
  "timestamp": "2026-06-08T17:49:16Z",
  "features": [
    {
      "type": "Feature",
      "properties": {
        "@id": "relation/5688341",
        "addr:full": "Jl. Thoyib Hadiwijaya",
        "amenity": "school",
        "name": "SMK SPP Negeri Samarinda",
        "operator:type": "government",
        "school:type_idn": "SMK",
        "type": "multipolygon",
        "url": "http://www.spma-samarinda.sch.id/selamat-datang",
        "website": "https://referensi.data.kemdikbud.go.id/tabs.php?npsn=30407652",
        "@geometry": "center"
      },
      "geometry": {
        "type": "Point",
        "coordinates": [
          117.1599284,
          -0.4470387
        ]
      },
      "id": "relation/5688341"
    },
    {
      "type": "Feature",
      "properties": {
        "@id": "relation/16540953",
        "addr:full": "Jl. Siti Aisyah",
        "amenity": "school",
        "building": "yes",
        "building:levels": "3",
        "capacity:persons": "1200",
        "name": "SD Muhammadiyah 2 Samarinda",
        "operator:type": "private",
        "school:type_idn": "SD/MI",
        "type": "multipolygon",
        "url": "www.sdmuhammadiyah2smd.sch.id",
        "@geometry": "center"
      },
      "geometry": {
        "type": "Point",
        "coordinates": [
          117.1341944,
          -0.4972108
        ]
      },
      "id": "relation/16540953"
    },
    {
      "type": "Feature",
      "properties": {
        "@id": "relation/20349368",
        "addr:city": "Samarinda",
        "addr:street": "Jalan Tongkol",
        "amenity": "school",
        "education": "school",
        "name": "SMP Negeri 21 Samarinda",
        "type": "multipolygon",
        "@geometry": "center"
      },
      "geometry": {
        "type": "Point",
        "coordinates": [
          117.158115,
          -0.5072752
        ]
      },
      "id": "relation/20349368"
    },
    {
      "type": "Feature",
      "properties": {
        "@id": "way/145085165",
        "leisure": "stadium",
        "name": "Stadion Madya Sempaja",
        "sport": "multi",
        "@geometry": "center"
      },
      "geometry": {
        "type": "Point",
        "coordinates": [
          117.1567272,
          -0.4531773
        ]
      },
      "id": "way/145085165"
    },
    {
      "type": "Feature",
      "properties": {
        "@id": "way/145441215",
        "amenity": "marketplace",
        "name": "Pasar Kedondong",
        "@geometry": "center"
      },
      "geometry": {
        "type": "Point",
        "coordinates": [
          117.1160513,
          -0.5085055
        ]
      },
      "id": "way/145441215"
    },
    {
      "type": "Feature",
      "properties": {
        "@id": "way/145441216",
        "leisure": "park",
        "@geometry": "center"
      },
      "geometry": {
        "type": "Point",
        "coordinates": [
          117.1217827,
          -0.503379
        ]
      },
      "id": "way/145441216"
    },
    {
      "type": "Feature",
      "properties": {
        "@id": "way/191817385",
        "alt_name": "Stadion Palaran",
        "leisure": "stadium",
        "name": "Stadion Utama Kaltim",
        "name:en": "Palaran Stadium",
        "name:id": "Stadion Utama Kaltim",
        "wikidata": "Q2280722",
        "wikipedia": "id:Stadion Utama Palaran",
        "@geometry": "center"
      },
      "geometry": {
        "type": "Point",
        "coordinates": [
          117.1315662,
          -0.586371
        ]
      },
      "id": "way/191817385"
    },
    {
      "type": "Feature",
      "properties": {
        "@id": "way/245566489",
        "addr:city": "Samarinda",
        "addr:full": "Jl. Ciptomangunkusumo",
        "addr:housename": "LPMP Kalimantan Timur",
        "addr:postcode": "75131",
        "addr:street": "Jl.Cipto Mangun Kusumo",
        "admin_level": "4",
        "building": "yes",
        "building:levels": "1",
        "name": "LPMP Kalimantan Timur",
        "office": "government",
        "url": "http://lpmpkaltim.org/",
        "@geometry": "center"
      },
      "geometry": {
        "type": "Point",
        "coordinates": [
          117.1218325,
          -0.5332792
        ]
      },
      "id": "way/245566489"
    },
    {
      "type": "Feature",
      "properties": {
        "@id": "way/245566960",
        "amenity": "school",
        "name": "SMK Negeri 8 Samarinda",
        "@geometry": "center"
      },
      "geometry": {
        "type": "Point",
        "coordinates": [
          117.1172072,
          -0.5492732
        ]
      },
      "id": "way/245566960"
    },
    {
      "type": "Feature",
      "properties": {
        "@id": "way/245567529",
        "building": "yes",
        "building:levels": "2",
        "name": "Kantor Kelurahan Harapan Baru",
        "office": "government",
        "opening_hours": "08:00-15:00",
        "short_name": "Kantor Lurah Harapan Baru",
        "@geometry": "center"
      },
      "geometry": {
        "type": "Point",
        "coordinates": [
          117.1059238,
          -0.5400541
        ]
      },
      "id": "way/245567529"
    },
    {
      "type": "Feature",
      "properties": {
        "@id": "way/245568682",
        "addr:full": "Jl. Cipto Mangunkusumo",
        "amenity": "school",
        "capacity:persons": "610",
        "name": "SD Negeri 002 Loa Janan Ilir",
        "old_name": "SDN 010 Samarinda Seberang",
        "operator:type": "government",
        "school:type_idn": "SD/MI",
        "website": "https://referensi.data.kemdikbud.go.id/tabs.php?npsn=30401367",
        "@geometry": "center"
      },
      "geometry": {
        "type": "Point",
        "coordinates": [
          117.1058289,
          -0.5405016
        ]
      },
      "id": "way/245568682"
    },
    {
      "type": "Feature",
      "properties": {
        "@id": "way/246448688",
        "Commercial": "Toko Kelontong",
        "addr:full": "Jl. Bhayangkara",
        "building": "yes",
        "building:levels": "4-7",
        "capacity:persons": "2000",
        "name": "Plaza Mulia",
        "shop": "mall",
        "website": "plazamulia.com",
        "@geometry": "center"
      },
      "geometry": {
        "type": "Point",
        "coordinates": [
          117.1460206,
          -0.4907943
        ]
      },
      "id": "way/246448688"
    },
    {
      "type": "Feature",
      "properties": {
        "@id": "way/246449120",
        "addr:full": "Jl. Kusuma Bangsa",
        "amenity": "townhall",
        "building": "yes",
        "building:levels": "3",
        "government": "administrative",
        "name": "Balai Kota Samarinda",
        "name:en": "Samarinda City Hall",
        "office": "government",
        "townhall:type": "city",
        "website": "https://www.samarindakota.go.id/",
        "@geometry": "center"
      },
      "geometry": {
        "type": "Point",
        "coordinates": [
          117.1458202,
          -0.4921759
        ]
      },
      "id": "way/246449120"
    },
    {
      "type": "Feature",
      "properties": {
        "@id": "way/246449695",
        "amenity": "fuel",
        "name": "SPBU",
        "operator": "Pertamina",
        "@geometry": "center"
      },
      "geometry": {
        "type": "Point",
        "coordinates": [
          117.1462131,
          -0.489936
        ]
      },
      "id": "way/246449695"
    },
    {
      "type": "Feature",
      "properties": {
        "@id": "way/247345638",
        "addr:city": "Samarinda",
        "addr:full": "Jl. Slamet Riyadi",
        "addr:street": "Slamet Riyadi",
        "amenity": "police",
        "capacity:persons": "1000",
        "name": "Kepolisian Resort Kota Samarinda",
        "name:en": "Police of Samarinda City",
        "@geometry": "center"
      },
      "geometry": {
        "type": "Point",
        "coordinates": [
          117.1156314,
          -0.5167629
        ]
      },
      "id": "way/247345638"
    },
    {
      "type": "Feature",
      "properties": {
        "@id": "way/249659245",
        "amenity": "fuel",
        "name": "SPBU 61-75102",
        "operator": "PT Pertamina",
        "@geometry": "center"
      },
      "geometry": {
        "type": "Point",
        "coordinates": [
          117.1241629,
          -0.5011234
        ]
      },
      "id": "way/249659245"
    },
    {
      "type": "Feature",
      "properties": {
        "@id": "way/272551344",
        "addr:full": "Jl. Drs. H. Anang Hasyim Perumahan Kehutanan",
        "amenity": "school",
        "building:levels": "2",
        "capacity:persons": "1200",
        "name": "SMA Negeri 1 Samarinda",
        "operator:type": "government",
        "school:type_idn": "SMA/MA",
        "url": "sma1samarinda.net",
        "@geometry": "center"
      },
      "geometry": {
        "type": "Point",
        "coordinates": [
          117.1300176,
          -0.465735
        ]
      },
      "id": "way/272551344"
    },
    {
      "type": "Feature",
      "properties": {
        "@id": "way/272551345",
        "addr:full": "Jl. Drs. H. Anang Hasyim Perumahan Kehutanan",
        "amenity": "school",
        "building:levels": "3",
        "capacity:persons": "1000",
        "name": "SD dan SMP Islam Terpadu Cordova Samarinda",
        "operator:type": "private",
        "school:type_idn": "SMP/MTs",
        "url": "smpitcordova.org",
        "@geometry": "center"
      },
      "geometry": {
        "type": "Point",
        "coordinates": [
          117.1303777,
          -0.4682782
        ]
      },
      "id": "way/272551345"
    },
    {
      "type": "Feature",
      "properties": {
        "@id": "way/272551346",
        "addr:city": "Samarinda",
        "addr:full": "Jl. Drs. H. Anang Hasyim Perumahan Kehutanan",
        "addr:street": "Drs. H. Anang Hasyim",
        "amenity": "school",
        "building:levels": "3",
        "capacity:persons": "1200",
        "name": "SMP Negeri 1 Samarinda",
        "operator:type": "government",
        "school:type_idn": "SMP/MTs",
        "url": "www.smpn1samarinda.sch.id",
        "@geometry": "center"
      },
      "geometry": {
        "type": "Point",
        "coordinates": [
          117.1292948,
          -0.4678554
        ]
      },
      "id": "way/272551346"
    },
    {
      "type": "Feature",
      "properties": {
        "@id": "way/274713263",
        "building": "yes",
        "government": "administrative",
        "name": "Kantor Gubernur Kalimantan Timur",
        "name:en": "East Kalimantan Governor Office",
        "office": "government",
        "@geometry": "center"
      },
      "geometry": {
        "type": "Point",
        "coordinates": [
          117.13928,
          -0.5010178
        ]
      },
      "id": "way/274713263"
    },
    {
      "type": "Feature",
      "properties": {
        "@id": "way/274786468",
        "amenity": "fuel",
        "building": "yes",
        "name": "SPBU Gunung Lipan",
        "operator": "Pertamina",
        "@geometry": "center"
      },
      "geometry": {
        "type": "Point",
        "coordinates": [
          117.1164907,
          -0.537553
        ]
      },
      "id": "way/274786468"
    },
    {
      "type": "Feature",
      "properties": {
        "@id": "way/300408603",
        "leisure": "park",
        "name": "Merak Intersection Garden",
        "@geometry": "center"
      },
      "geometry": {
        "type": "Point",
        "coordinates": [
          117.1545251,
          -0.4792516
        ]
      },
      "id": "way/300408603"
    },
    {
      "type": "Feature",
      "properties": {
        "@id": "way/303288204",
        "addr:full": "Jl. Ciptomangunkusumo",
        "amenity": "university",
        "name": "Politeknik Negeri Samarinda",
        "operator:type": "government",
        "url": "http://www.polnes.ac.id/",
        "@geometry": "center"
      },
      "geometry": {
        "type": "Point",
        "coordinates": [
          117.1251615,
          -0.5340731
        ]
      },
      "id": "way/303288204"
    },
    {
      "type": "Feature",
      "properties": {
        "@id": "way/304067324",
        "addr:full": "Jl. Awang Long No 2",
        "amenity": "school",
        "building": "yes",
        "building:levels": "2",
        "capacity:persons": "400",
        "name": "SD Negeri 009 Samarinda Kota",
        "old_name": "SDN 005 Samarinda Ilir",
        "operator:type": "government",
        "school:type_idn": "SD/MI",
        "short_name": "SDN 009 Samarinda Kota",
        "url": "http://referensi.data.kemdikbud.go.id/tabs.php?npsn=30401128",
        "@geometry": "center"
      },
      "geometry": {
        "type": "Point",
        "coordinates": [
          117.1437117,
          -0.5019163
        ]
      },
      "id": "way/304067324"
    },
    {
      "type": "Feature",
      "properties": {
        "@id": "way/304084975",
        "addr:full": "Jalan Merbabu Nomor 62",
        "amenity": "hospital",
        "healthcare": "hospital",
        "name": "RS Dirgahayu Samarinda",
        "operator:type": "private",
        "rooms": "231",
        "website": "http://www.rsdirgahayu.com/",
        "@geometry": "center"
      },
      "geometry": {
        "type": "Point",
        "coordinates": [
          117.1369385,
          -0.4975237
        ]
      },
      "id": "way/304084975"
    },
    {
      "type": "Feature",
      "properties": {
        "@id": "way/304174778",
        "addr:full": "Jl. Tirta Kencana No.14",
        "amenity": "school",
        "building": "yes",
        "building:levels": "2",
        "capacity:persons": "400",
        "name": "SD Negeri 001 Samarinda Kota",
        "old_name": "SDN 002 Samarinda Ulu",
        "operator:type": "government",
        "school:type_idn": "SD/MI",
        "short_name": "SDN 001 Samarinda Kota",
        "url": "http://referensi.data.kemdikbud.go.id/tabs.php?npsn=30401124",
        "@geometry": "center"
      },
      "geometry": {
        "type": "Point",
        "coordinates": [
          117.1417905,
          -0.4999958
        ]
      },
      "id": "way/304174778"
    },
    {
      "type": "Feature",
      "properties": {
        "@id": "way/307985723",
        "leisure": "park",
        "name": "Taman Segiri",
        "name:en": "Segiri Park",
        "@geometry": "center"
      },
      "geometry": {
        "type": "Point",
        "coordinates": [
          117.1471151,
          -0.488929
        ]
      },
      "id": "way/307985723"
    },
    {
      "type": "Feature",
      "properties": {
        "@id": "way/307985724",
        "amenity": "fuel",
        "building": "yes",
        "name": "Pertamina",
        "@geometry": "center"
      },
      "geometry": {
        "type": "Point",
        "coordinates": [
          117.1336688,
          -0.5010065
        ]
      },
      "id": "way/307985724"
    },
    {
      "type": "Feature",
      "properties": {
        "@id": "way/307985725",
        "leisure": "park",
        "name": "Teluk Lerong Garden",
        "@geometry": "center"
      },
      "geometry": {
        "type": "Point",
        "coordinates": [
          117.1341982,
          -0.5013169
        ]
      },
      "id": "way/307985725"
    },
    {
      "type": "Feature",
      "properties": {
        "@id": "way/307987700",
        "addr:full": "Jl. Ir. H. Juanda",
        "amenity": "college",
        "building": "yes",
        "building:levels": "3",
        "capacity:persons": "500",
        "layer": "1",
        "name": "Universitas Muhammadiyah Kalimantan Timur",
        "operator:type": "private",
        "short_name": "UMKT",
        "url": "www.stikesmuda.ac.id",
        "@geometry": "center"
      },
      "geometry": {
        "type": "Point",
        "coordinates": [
          117.1390949,
          -0.4749011
        ]
      },
      "id": "way/307987700"
    },
    {
      "type": "Feature",
      "properties": {
        "@id": "way/308996107",
        "addr:full": "Jl. Harmonika",
        "building": "yes",
        "building:levels": "1",
        "government": "administrative",
        "name": "Kemenag Samarinda",
        "office": "government",
        "url": "http://kemenag-samarinda.com/",
        "@geometry": "center"
      },
      "geometry": {
        "type": "Point",
        "coordinates": [
          117.1487718,
          -0.4897809
        ]
      },
      "id": "way/308996107"
    },
    {
      "type": "Feature",
      "properties": {
        "@id": "way/308996109",
        "amenity": "clinic",
        "building": "yes",
        "healthcare": "clinic",
        "name": "Klinik Pengobatan Dhuafa Baznas",
        "@geometry": "center"
      },
      "geometry": {
        "type": "Point",
        "coordinates": [
          117.1485495,
          -0.4895578
        ]
      },
      "id": "way/308996109"
    },
    {
      "type": "Feature",
      "properties": {
        "@id": "way/309155867",
        "addr:full": "Jl. Kusuma Banga",
        "building": "yes",
        "building:levels": "2",
        "government": "administrative",
        "name": "Dinas Kelautan & Perikan Prov. Kaltim",
        "office": "government",
        "url": "http://dkp.kaltimprov.go.id/hubungi-kami.html",
        "@geometry": "center"
      },
      "geometry": {
        "type": "Point",
        "coordinates": [
          117.1481471,
          -0.4905015
        ]
      },
      "id": "way/309155867"
    },
    {
      "type": "Feature",
      "properties": {
        "@id": "way/309155870",
        "addr:full": "Jl. Harmonika",
        "building": "yes",
        "building:levels": "3",
        "government": "administrative",
        "name": "MUI Kaltim",
        "office": "government",
        "url": "http://www.halalmui.org/newMUI/index.php/main/go_to_section/16/42/page",
        "@geometry": "center"
      },
      "geometry": {
        "type": "Point",
        "coordinates": [
          117.1483894,
          -0.4903517
        ]
      },
      "id": "way/309155870"
    },
    {
      "type": "Feature",
      "properties": {
        "@id": "way/309155871",
        "building:part": "yes",
        "government": "administrative",
        "name": "UPT Penanggulangan Kebakaran Hutan & Lahan",
        "office": "government",
        "@geometry": "center"
      },
      "geometry": {
        "type": "Point",
        "coordinates": [
          117.1489083,
          -0.4904851
        ]
      },
      "id": "way/309155871"
    },
    {
      "type": "Feature",
      "properties": {
        "@id": "way/309155872",
        "addr:full": "Jl. Kusuma Banga",
        "amenity": "community_centre",
        "building": "yes",
        "building:levels": "2",
        "government": "administrative",
        "name": "KONI Kaltim",
        "office": "government",
        "url": "http://kaltim.tribunnews.com/2015/03/12/sempat-kesulitan-tempat-rapat-koni-kaltim-digelar-16-maret",
        "@geometry": "center"
      },
      "geometry": {
        "type": "Point",
        "coordinates": [
          117.1476009,
          -0.4909774
        ]
      },
      "id": "way/309155872"
    },
    {
      "type": "Feature",
      "properties": {
        "@id": "way/309155873",
        "addr:full": "Jl. Kusuma Bangsa",
        "amenity": "bank",
        "building": "yes",
        "building:levels": "2",
        "capacity:persons": "500",
        "name": "Bank Mandiri KCP Kesuma Bangsa",
        "website": "https://www.bankmandiri.co.id/",
        "@geometry": "center"
      },
      "geometry": {
        "type": "Point",
        "coordinates": [
          117.146474,
          -0.4902563
        ]
      },
      "id": "way/309155873"
    },
    {
      "type": "Feature",
      "properties": {
        "@id": "way/309398812",
        "addr:full": "Jl. Untung Suropati",
        "building": "yes",
        "building:levels": "7",
        "capacity:persons": "10000",
        "name": "Big Mall",
        "shop": "mall",
        "@geometry": "center"
      },
      "geometry": {
        "type": "Point",
        "coordinates": [
          117.1157743,
          -0.5261444
        ]
      },
      "id": "way/309398812"
    },
    {
      "type": "Feature",
      "properties": {
        "@id": "way/309403662",
        "alt_name": "SDN 025 Harapan Baru",
        "amenity": "school",
        "building": "yes",
        "capacity:persons": "700",
        "name": "SD Negeri 006 Loa Janan Ilir",
        "old_name": "SDN 025 Samarinda Seberang",
        "operator:type": "government",
        "school:type_idn": "SD/MI",
        "short_name": "SDN 025 Samarinda Seberang",
        "website": "https://referensi.data.kemdikbud.go.id/tabs.php?npsn=30400998",
        "@geometry": "center"
      },
      "geometry": {
        "type": "Point",
        "coordinates": [
          117.1063415,
          -0.5430246
        ]
      },
      "id": "way/309403662"
    },
    {
      "type": "Feature",
      "properties": {
        "@id": "way/311130161",
        "building": "yes",
        "name": "Kantor Kelurahan Karang Asam Ulu",
        "office": "government",
        "short_name": "Kantor Lurah Karang Asam Ulu",
        "@geometry": "center"
      },
      "geometry": {
        "type": "Point",
        "coordinates": [
          117.1136766,
          -0.5212484
        ]
      },
      "id": "way/311130161"
    },
    {
      "type": "Feature",
      "properties": {
        "@id": "way/311130164",
        "addr:full": "Jl. Untung Suropati",
        "amenity": "school",
        "capacity:persons": "1000",
        "name": "SMP Negeri 10 Samarinda",
        "operator:type": "government",
        "school:type_idn": "SMP/MTs",
        "url": "http://referensi.data.kemdikbud.go.id/pd_index.php?kode=166004&level=3",
        "@geometry": "center"
      },
      "geometry": {
        "type": "Point",
        "coordinates": [
          117.1150215,
          -0.5215169
        ]
      },
      "id": "way/311130164"
    },
    {
      "type": "Feature",
      "properties": {
        "@id": "way/311130176",
        "addr:full": "Jl. Ulin",
        "admin_level": "7",
        "building": "yes",
        "building:levels": "2",
        "name": "Kantor Kelurahan Karang Asam Ilir",
        "office": "government",
        "short_name": "Kantor Lurah Karang Asam Ilir",
        "@geometry": "center"
      },
      "geometry": {
        "type": "Point",
        "coordinates": [
          117.1167636,
          -0.5084608
        ]
      },
      "id": "way/311130176"
    },
    {
      "type": "Feature",
      "properties": {
        "@id": "way/311130178",
        "addr:full": "Jl. MT. Haryono",
        "admin_level": "7",
        "building": "yes",
        "building:levels": "2",
        "name": "Kantor Kelurahan Karang Anyar",
        "office": "government",
        "short_name": "Kantor Lurah Karang Anyar",
        "@geometry": "center"
      },
      "geometry": {
        "type": "Point",
        "coordinates": [
          117.1134745,
          -0.4987558
        ]
      },
      "id": "way/311130178"
    },
    {
      "type": "Feature",
      "properties": {
        "@id": "way/311135924",
        "addr:full": "Jl.Propinsi",
        "admin_level": "7",
        "building": "yes",
        "building:levels": "1",
        "name": "Kantor Kelurahan Makroman",
        "office": "government",
        "short_name": "Kantor Lurah Makroman",
        "@geometry": "center"
      },
      "geometry": {
        "type": "Point",
        "coordinates": [
          117.2268014,
          -0.5392638
        ]
      },
      "id": "way/311135924"
    },
    {
      "type": "Feature",
      "properties": {
        "@id": "way/311139751",
        "leisure": "park",
        "@geometry": "center"
      },
      "geometry": {
        "type": "Point",
        "coordinates": [
          117.1456438,
          -0.4753771
        ]
      },
      "id": "way/311139751"
    },
    {
      "type": "Feature",
      "properties": {
        "@id": "way/311139752",
        "leisure": "park",
        "@geometry": "center"
      },
      "geometry": {
        "type": "Point",
        "coordinates": [
          117.146008,
          -0.4751874
        ]
      },
      "id": "way/311139752"
    },
    {
      "type": "Feature",
      "properties": {
        "@id": "way/311578165",
        "building": "yes",
        "name": "Kantor Kelurahan Selili",
        "office": "government",
        "short_name": "Kantor Lurah Selili",
        "@geometry": "center"
      },
      "geometry": {
        "type": "Point",
        "coordinates": [
          117.162864,
          -0.5194608
        ]
      },
      "id": "way/311578165"
    },
    {
      "type": "Feature",
      "properties": {
        "@id": "way/311578167",
        "addr:full": "Jl. Imam Bonjol Gg. Dharma",
        "admin_level": "7",
        "building": "yes",
        "building:levels": "1",
        "government": "administrative",
        "name": "Kantor Kelurahan Pelabuhan",
        "office": "government",
        "short_name": "Kantor Lurah Pelabuhan",
        "@geometry": "center"
      },
      "geometry": {
        "type": "Point",
        "coordinates": [
          117.1544168,
          -0.4989574
        ]
      },
      "id": "way/311578167"
    },
    {
      "type": "Feature",
      "properties": {
        "@id": "way/311578172",
        "building": "yes",
        "government": "administrative",
        "name": "Kantor Kelurahan Pasar Pagi",
        "office": "government",
        "short_name": "Kantor Lurah Pasar Pagi",
        "@geometry": "center"
      },
      "geometry": {
        "type": "Point",
        "coordinates": [
          117.146238,
          -0.4989355
        ]
      },
      "id": "way/311578172"
    },
    {
      "type": "Feature",
      "properties": {
        "@id": "way/311578174",
        "addr:full": "Jl.Pirus",
        "amenity": "school",
        "building": "yes",
        "building:levels": "1",
        "capacity:persons": "500",
        "name": "SMP Negeri 35 Samarinda",
        "operator:type": "government",
        "school:type_idn": "SMP/MTs",
        "url": "http://referensi.data.kemdikbud.go.id/tabs.php?npsn=30401030",
        "@geometry": "center"
      },
      "geometry": {
        "type": "Point",
        "coordinates": [
          117.1458386,
          -0.4985745
        ]
      },
      "id": "way/311578174"
    },
    {
      "type": "Feature",
      "properties": {
        "@id": "way/311578176",
        "addr:full": "Jl.Pirus",
        "amenity": "school",
        "building": "yes",
        "building:levels": "1",
        "capacity:persons": "400",
        "name": "SDN 004 Samarinda Kota (SDN 015 Smd Ilir)",
        "operator:type": "government",
        "school:type_idn": "SD/MI",
        "url": "http://referensi.data.kemdikbud.go.id/tabs.php?npsn=30401197",
        "@geometry": "center"
      },
      "geometry": {
        "type": "Point",
        "coordinates": [
          117.1459081,
          -0.4987767
        ]
      },
      "id": "way/311578176"
    },
    {
      "type": "Feature",
      "properties": {
        "@id": "way/311581027",
        "addr:city": "Samarinda",
        "addr:street": "Jenderal Sudirman",
        "amenity": "bank",
        "atm": "yes",
        "building": "yes",
        "name": "Bank Mandiri",
        "@geometry": "center"
      },
      "geometry": {
        "type": "Point",
        "coordinates": [
          117.1454199,
          -0.501094
        ]
      },
      "id": "way/311581027"
    },
    {
      "type": "Feature",
      "properties": {
        "@id": "way/311581030",
        "Commercial": "Toko Kelontong",
        "addr:full": "Jl. KH. KHalid",
        "building": "yes",
        "building:levels": "4-7",
        "capacity:persons": "1000",
        "name": "Mesra Indah Mall",
        "shop": "mall",
        "@geometry": "center"
      },
      "geometry": {
        "type": "Point",
        "coordinates": [
          117.1465026,
          -0.5011011
        ]
      },
      "id": "way/311581030"
    },
    {
      "type": "Feature",
      "properties": {
        "@id": "way/316479958",
        "addr:city": "Samarinda",
        "addr:district": "Samarinda Utara",
        "addr:full": "Jl. Citanduy. RT 23",
        "addr:province": "Kalimantan Timur",
        "addr:subdistrict": "Tanah Merah",
        "admin_level": "7",
        "building": "yes",
        "building:levels": "1",
        "name": "Kantor Kelurahan Tanah Merah",
        "office": "government",
        "short_name": "Kantor Lurah Tanah Merah",
        "@geometry": "center"
      },
      "geometry": {
        "type": "Point",
        "coordinates": [
          117.2210169,
          -0.4351712
        ]
      },
      "id": "way/316479958"
    },
    {
      "type": "Feature",
      "properties": {
        "@id": "way/316622205",
        "amenity": "marketplace",
        "building": "yes",
        "name": "Pasar Mahabbah",
        "@geometry": "center"
      },
      "geometry": {
        "type": "Point",
        "coordinates": [
          117.1048441,
          -0.541246
        ]
      },
      "id": "way/316622205"
    },
    {
      "type": "Feature",
      "properties": {
        "@id": "way/316622421",
        "addr:street": "Angklung",
        "building": "yes",
        "government": "administrative",
        "name": "Kantor Kelurahan Dadi Mulya",
        "office": "government",
        "short_name": "Kantor Lurah Dadimulya",
        "@geometry": "center"
      },
      "geometry": {
        "type": "Point",
        "coordinates": [
          117.1492722,
          -0.486131
        ]
      },
      "id": "way/316622421"
    },
    {
      "type": "Feature",
      "properties": {
        "@id": "way/316657160",
        "building": "yes",
        "government": "administrative",
        "name": "Kantor Kelurahan Sengkotek",
        "office": "government",
        "short_name": "Kantor Lurah Sengkotek",
        "@geometry": "center"
      },
      "geometry": {
        "type": "Point",
        "coordinates": [
          117.0878623,
          -0.5548473
        ]
      },
      "id": "way/316657160"
    },
    {
      "type": "Feature",
      "properties": {
        "@id": "way/316680960",
        "building": "yes",
        "name": "Kantor Kelurahan Bukit Pinang",
        "office": "government",
        "short_name": "Kantor Lurah Bukit Pinang",
        "@geometry": "center"
      },
      "geometry": {
        "type": "Point",
        "coordinates": [
          117.1146368,
          -0.4617971
        ]
      },
      "id": "way/316680960"
    },
    {
      "type": "Feature",
      "properties": {
        "@id": "way/316685635",
        "building": "yes",
        "name": "Kantor Kelurahan Loa Buah",
        "office": "government",
        "short_name": "Kantor Lurah Loa Buah",
        "@geometry": "center"
      },
      "geometry": {
        "type": "Point",
        "coordinates": [
          117.0769335,
          -0.5556532
        ]
      },
      "id": "way/316685635"
    },
    {
      "type": "Feature",
      "properties": {
        "@id": "way/316686541",
        "building": "yes",
        "government": "administrative",
        "name": "Kantor Kelurahan Tani Aman",
        "office": "government",
        "short_name": "Kantor Lurah Tani Aman",
        "@geometry": "center"
      },
      "geometry": {
        "type": "Point",
        "coordinates": [
          117.1098048,
          -0.5863793
        ]
      },
      "id": "way/316686541"
    },
    {
      "type": "Feature",
      "properties": {
        "@id": "way/316686542",
        "amenity": "school",
        "name": "SMK Negeri 14 Samarinda",
        "@geometry": "center"
      },
      "geometry": {
        "type": "Point",
        "coordinates": [
          117.1167799,
          -0.5869675
        ]
      },
      "id": "way/316686542"
    },
    {
      "type": "Feature",
      "properties": {
        "@id": "way/316695698",
        "addr:full": "Jl. Cempaka",
        "admin_level": "7",
        "building": "yes",
        "building:levels": "2",
        "government": "administrative",
        "name": "Kantor Kelurahan Bugis",
        "office": "government",
        "short_name": "Kantor Lurah Bugis",
        "@geometry": "center"
      },
      "geometry": {
        "type": "Point",
        "coordinates": [
          117.1453537,
          -0.4950271
        ]
      },
      "id": "way/316695698"
    },
    {
      "type": "Feature",
      "properties": {
        "@id": "way/316695699",
        "building": "yes",
        "name": "Kantor Kelurahan Jawa",
        "office": "government",
        "short_name": "Kantor Lurah Jawa",
        "@geometry": "center"
      },
      "geometry": {
        "type": "Point",
        "coordinates": [
          117.1355329,
          -0.4978639
        ]
      },
      "id": "way/316695699"
    },
    {
      "type": "Feature",
      "properties": {
        "@id": "way/316695700",
        "building": "yes",
        "government": "administrative",
        "name": "Kantor Kelurahan Mesjid",
        "office": "government",
        "short_name": "Kantor Lurah Mesjid",
        "@geometry": "center"
      },
      "geometry": {
        "type": "Point",
        "coordinates": [
          117.1476481,
          -0.51852
        ]
      },
      "id": "way/316695700"
    },
    {
      "type": "Feature",
      "properties": {
        "@id": "way/316695702",
        "admin_level": "7",
        "building": "yes",
        "name": "Kantor Kelurahan Teluk Lerong Ilir",
        "office": "government",
        "short_name": "Kantor Lurah Teluk Lerong Ilir",
        "@geometry": "center"
      },
      "geometry": {
        "type": "Point",
        "coordinates": [
          117.1346346,
          -0.4973938
        ]
      },
      "id": "way/316695702"
    },
    {
      "type": "Feature",
      "properties": {
        "@id": "way/316695703",
        "addr:full": "Jl. Cendana",
        "addr:street": "Cendana",
        "admin_level": "7",
        "building": "yes",
        "building:levels": "3",
        "name": "Kantor Kelurahan Teluk Lerong Ulu",
        "office": "government",
        "short_name": "Kantor Lurah Teluk Lerong Ulu",
        "@geometry": "center"
      },
      "geometry": {
        "type": "Point",
        "coordinates": [
          117.1256255,
          -0.4980348
        ]
      },
      "id": "way/316695703"
    },
    {
      "type": "Feature",
      "properties": {
        "@id": "way/316695710",
        "amenity": "school",
        "building": "yes",
        "@geometry": "center"
      },
      "geometry": {
        "type": "Point",
        "coordinates": [
          117.1158871,
          -0.5215963
        ]
      },
      "id": "way/316695710"
    },
    {
      "type": "Feature",
      "properties": {
        "@id": "way/316700086",
        "addr:full": "Jl. Untung Suropati",
        "amenity": "fuel",
        "building": "yes",
        "building:levels": "2",
        "capacity:persons": "100",
        "name": "SPBU Untung Suropati",
        "@geometry": "center"
      },
      "geometry": {
        "type": "Point",
        "coordinates": [
          117.1007685,
          -0.5322168
        ]
      },
      "id": "way/316700086"
    },
    {
      "type": "Feature",
      "properties": {
        "@id": "way/316793614",
        "addr:city": "Samarinda",
        "addr:full": "Jalan Gurami No.18 Samarinda",
        "addr:housenumber": "18",
        "addr:street": "Gurami",
        "amenity": "hospital",
        "capacity:persons": "3000",
        "emergency": "yes",
        "hospital:type": "C",
        "name": "Rumah Sakit Islam Samarinda",
        "operator": "Yayasan Rumah Sakit Islam",
        "operator:type": "private",
        "phone": "+62 541 741510",
        "website": "https://dhonypratama.com/rumah-sakit-di-samarinda-daftar-lengkap",
        "@geometry": "center"
      },
      "geometry": {
        "type": "Point",
        "coordinates": [
          117.1595442,
          -0.5067751
        ]
      },
      "id": "way/316793614"
    },
    {
      "type": "Feature",
      "properties": {
        "@id": "way/317762493",
        "addr:city": "Samarinda",
        "addr:full": "Jalan Kakap 23, Sungai Dama, Kec. Samarinda Ilir, Kota Samarinda, Kalimantan Timur 75242",
        "amenity": "hospital",
        "capacity:persons": "1500",
        "healthcare": "hospital",
        "healthcare:speciality": "psychiatry",
        "hospital:type": "A",
        "name": "RSJD Atma Husada Mahakam",
        "official_name": "Rumah Sakit Jiwa Daerah Atma Husada Mahakam",
        "operator": "Pemerintah Kota Samarinda",
        "operator:type": "government",
        "rooms": "50",
        "@geometry": "center"
      },
      "geometry": {
        "type": "Point",
        "coordinates": [
          117.1599373,
          -0.5056023
        ]
      },
      "id": "way/317762493"
    },
    {
      "type": "Feature",
      "properties": {
        "@id": "way/324369003",
        "addr:city": "Samarinda",
        "addr:housenumber": "19",
        "addr:street": "Mohammad Yamin",
        "area": "yes",
        "government": "administrative",
        "name": "Kejaksaan Negeri Samarinda",
        "office": "government",
        "@geometry": "center"
      },
      "geometry": {
        "type": "Point",
        "coordinates": [
          117.1480992,
          -0.4698579
        ]
      },
      "id": "way/324369003"
    },
    {
      "type": "Feature",
      "properties": {
        "@id": "way/324420704",
        "addr:full": "Jl. Kadrie Oening",
        "amenity": "school",
        "building": "yes",
        "building:levels": "2",
        "capacity:persons": "1100",
        "name": "SMP Negeri 7 Samarinda",
        "operator:type": "government",
        "school:type_idn": "SMP/MTs",
        "short_name": "SMPN 7 Samarinda",
        "url": "http://referensi.data.kemdikbud.go.id/pd_index.php?kode=166005&level=3",
        "@geometry": "center"
      },
      "geometry": {
        "type": "Point",
        "coordinates": [
          117.1313119,
          -0.4727991
        ]
      },
      "id": "way/324420704"
    },
    {
      "type": "Feature",
      "properties": {
        "@id": "way/324624724",
        "addr:city": "Samarinda",
        "addr:street": "Dr. Soetomo",
        "building": "yes",
        "government": "administrative",
        "name": "Kantor Kelurahan Sidodadi",
        "office": "government",
        "short_name": "Kantor Lurah Sidodadi",
        "@geometry": "center"
      },
      "geometry": {
        "type": "Point",
        "coordinates": [
          117.1470581,
          -0.4794686
        ]
      },
      "id": "way/324624724"
    },
    {
      "type": "Feature",
      "properties": {
        "@id": "way/324630563",
        "brand": "Alfamart",
        "brand:wikidata": "Q23745600",
        "name": "Alfamart",
        "operator": "PT Sumber Alfaria Trijaya,Tbk",
        "shop": "convenience",
        "toilets": "yes",
        "toilets:access": "permissive",
        "toilets:unisex": "yes",
        "website": "https://alfamart.co.id",
        "@geometry": "center"
      },
      "geometry": {
        "type": "Point",
        "coordinates": [
          117.1354488,
          -0.4921532
        ]
      },
      "id": "way/324630563"
    },
    {
      "type": "Feature",
      "properties": {
        "@id": "way/324649469",
        "amenity": "school",
        "name": "SDN 018 & SMU. N 16",
        "@geometry": "center"
      },
      "geometry": {
        "type": "Point",
        "coordinates": [
          117.1493845,
          -0.4885292
        ]
      },
      "id": "way/324649469"
    },
    {
      "type": "Feature",
      "properties": {
        "@id": "way/325855517",
        "addr:full": "Jl. Niaga Timur",
        "admin_level": "5",
        "building": "yes",
        "building:levels": "2",
        "government": "administrative",
        "name": "Pelindo 4 Samarinda",
        "name:en": "Port of Samarinda",
        "office": "government",
        "website": "https://www.www.pelindo.co.id/",
        "@geometry": "center"
      },
      "geometry": {
        "type": "Point",
        "coordinates": [
          117.1514077,
          -0.5045636
        ]
      },
      "id": "way/325855517"
    },
    {
      "type": "Feature",
      "properties": {
        "@id": "way/325856441",
        "addr:full": "Jl. Niaga Timur",
        "admin_level": "5",
        "building": "yes",
        "building:levels": "3",
        "building:roof": "tile",
        "building:structure": "reinforced_masonry",
        "building:use": "government",
        "building:walls": "brick",
        "government": "administrative",
        "name": "Bea Cukai Samarinda",
        "name:en": "Custom of Samarinda",
        "office": "government",
        "website": "www.bcsamarinda.ne",
        "@geometry": "center"
      },
      "geometry": {
        "type": "Point",
        "coordinates": [
          117.1515965,
          -0.504191
        ]
      },
      "id": "way/325856441"
    },
    {
      "type": "Feature",
      "properties": {
        "@id": "way/325857310",
        "addr:city": "Samarinda",
        "addr:street": "Panglima Batur",
        "amenity": "bank",
        "atm": "yes",
        "building": "yes",
        "name": "Bank Internasional Indonesia",
        "operator": "BII Maybank",
        "website": "http://www.bii.co.id/",
        "@geometry": "center"
      },
      "geometry": {
        "type": "Point",
        "coordinates": [
          117.1504577,
          -0.5018673
        ]
      },
      "id": "way/325857310"
    },
    {
      "type": "Feature",
      "properties": {
        "@id": "way/325857539",
        "addr:city": "Samarinda",
        "addr:full": "Jl. Pulau Sebatik",
        "addr:street": "Pulau Sebatik",
        "amenity": "bank",
        "atm": "yes",
        "branch": "46",
        "brand": "BNI",
        "brand:wikidata": "Q2882611",
        "building": "yes",
        "building:levels": "4-7",
        "capacity:persons": "500",
        "name": "BNI",
        "official_name": "Bank Negara Indonesia",
        "operator": "BNI",
        "website": "https://ibank.bni.co.id/",
        "@geometry": "center"
      },
      "geometry": {
        "type": "Point",
        "coordinates": [
          117.1516808,
          -0.5018996
        ]
      },
      "id": "way/325857539"
    },
    {
      "type": "Feature",
      "properties": {
        "@id": "way/325857541",
        "addr:city": "Samarinda",
        "addr:street": "Pengeran Diponegoro",
        "amenity": "bank",
        "atm": "yes",
        "building": "yes",
        "name": "Commonwealth Bank",
        "@geometry": "center"
      },
      "geometry": {
        "type": "Point",
        "coordinates": [
          117.1508533,
          -0.5003754
        ]
      },
      "id": "way/325857541"
    },
    {
      "type": "Feature",
      "properties": {
        "@id": "way/325857881",
        "addr:city": "Samarinda",
        "addr:street": "Pengeran Diponegoro",
        "amenity": "bank",
        "atm": "yes",
        "building": "yes",
        "name": "CIMB Niaga",
        "@geometry": "center"
      },
      "geometry": {
        "type": "Point",
        "coordinates": [
          117.1504933,
          -0.5002594
        ]
      },
      "id": "way/325857881"
    },
    {
      "type": "Feature",
      "properties": {
        "@id": "way/325859283",
        "addr:city": "Samarinda",
        "addr:full": "Jl. Pangeran Diponegoro",
        "addr:street": "Pengeran Diponegoro",
        "amenity": "bank",
        "atm": "yes",
        "building": "yes",
        "building:levels": "2",
        "capacity:persons": "300",
        "name": "Bank Permata",
        "website": "https://www.permatabank.com/",
        "@geometry": "center"
      },
      "geometry": {
        "type": "Point",
        "coordinates": [
          117.149956,
          -0.4999943
        ]
      },
      "id": "way/325859283"
    },
    {
      "type": "Feature",
      "properties": {
        "@id": "way/325863077",
        "addr:city": "Samarinda",
        "addr:street": "Jalan Insinyur Haji Juanda",
        "amenity": "fuel",
        "brand": "Pertamina",
        "brand:wikidata": "Q1641044",
        "building": "yes",
        "name": "SPBU Pertamina 64.751.03",
        "operator": "Pertamina",
        "@geometry": "center"
      },
      "geometry": {
        "type": "Point",
        "coordinates": [
          117.1321915,
          -0.4825578
        ]
      },
      "id": "way/325863077"
    },
    {
      "type": "Feature",
      "properties": {
        "@id": "way/325924716",
        "addr:full": "Jl. P. Suryanata",
        "amenity": "school",
        "building": "yes",
        "building:levels": "2",
        "capacity:persons": "600",
        "name": "MA Negeri 1 Samarinda",
        "operator:type": "government",
        "school:type_idn": "SMA/MA",
        "url": "www.man1samarinda.sch.id",
        "@geometry": "center"
      },
      "geometry": {
        "type": "Point",
        "coordinates": [
          117.1257903,
          -0.4788251
        ]
      },
      "id": "way/325924716"
    },
    {
      "type": "Feature",
      "properties": {
        "@id": "way/326039132",
        "addr:city": "Samarinda",
        "addr:street": "Laksamana Yos Sudarso",
        "amenity": "police",
        "building": "yes",
        "floating": "yes",
        "layer": "1",
        "name": "Polsek Kawasan Pelabuhan",
        "name:en": "Port Police of Samarinda",
        "@geometry": "center"
      },
      "geometry": {
        "type": "Point",
        "coordinates": [
          117.1564753,
          -0.5084053
        ]
      },
      "id": "way/326039132"
    },
    {
      "type": "Feature",
      "properties": {
        "@id": "way/326043268",
        "Commercial": "Toko Kelontong",
        "addr:city": "Samarinda",
        "addr:street": "Mulawarman",
        "baby_feeding": "room",
        "building": "yes",
        "name": "Samarinda Central Plaza (SCP)",
        "shop": "mall",
        "toilets": "yes",
        "@geometry": "center"
      },
      "geometry": {
        "type": "Point",
        "coordinates": [
          117.1550281,
          -0.5035681
        ]
      },
      "id": "way/326043268"
    },
    {
      "type": "Feature",
      "properties": {
        "@id": "way/326043269",
        "addr:city": "Samarinda",
        "addr:street": "Pulau Irian",
        "amenity": "bank",
        "atm": "yes",
        "building": "yes",
        "name": "Bank Mandiri Irian",
        "operator": "PT Bank Mandiri Tbk",
        "@geometry": "center"
      },
      "geometry": {
        "type": "Point",
        "coordinates": [
          117.1556676,
          -0.5036442
        ]
      },
      "id": "way/326043269"
    },
    {
      "type": "Feature",
      "properties": {
        "@id": "way/326051389",
        "addr:city": "Samarinda",
        "addr:street": "KH Khalid",
        "amenity": "bank",
        "atm": "yes",
        "building": "yes",
        "name": "CIMB Niaga",
        "@geometry": "center"
      },
      "geometry": {
        "type": "Point",
        "coordinates": [
          117.1478704,
          -0.5005534
        ]
      },
      "id": "way/326051389"
    },
    {
      "type": "Feature",
      "properties": {
        "@id": "way/326051393",
        "addr:full": "Jl. Awang long",
        "amenity": "bank",
        "atm": "yes",
        "building": "yes",
        "building:levels": "4-7",
        "capacity:persons": "1000",
        "name": "Bank Kaltim",
        "url": "http://www.bankaltim.co.id",
        "@geometry": "center"
      },
      "geometry": {
        "type": "Point",
        "coordinates": [
          117.1434445,
          -0.5007389
        ]
      },
      "id": "way/326051393"
    },
    {
      "type": "Feature",
      "properties": {
        "@id": "way/326051394",
        "addr:city": "Samarinda",
        "addr:street": "Gajah Mada",
        "building": "yes",
        "government": "central_bank",
        "name": "Bank Indonesia",
        "office": "government",
        "@geometry": "center"
      },
      "geometry": {
        "type": "Point",
        "coordinates": [
          117.138065,
          -0.5004762
        ]
      },
      "id": "way/326051394"
    },
    {
      "type": "Feature",
      "properties": {
        "@id": "way/326054195",
        "addr:city": "Samarinda",
        "addr:street": "Ir. H. Juanda",
        "amenity": "police",
        "building": "yes",
        "name": "Polsek Samarinda Ulu",
        "name:en": "Police Sector Samarinda Ulu",
        "@geometry": "center"
      },
      "geometry": {
        "type": "Point",
        "coordinates": [
          117.130382,
          -0.483398
        ]
      },
      "id": "way/326054195"
    },
    {
      "type": "Feature",
      "properties": {
        "@id": "way/326054198",
        "addr:full": "Jl. Ir. H. Juanda No. 80",
        "amenity": "university",
        "capacity:persons": "1000",
        "name": "Universitas Tujuh Belas Agustus Samarinda",
        "operator:type": "private",
        "url": "www.untag-smd.ac.id",
        "@geometry": "center"
      },
      "geometry": {
        "type": "Point",
        "coordinates": [
          117.1341726,
          -0.4798617
        ]
      },
      "id": "way/326054198"
    },
    {
      "type": "Feature",
      "properties": {
        "@id": "way/326085453",
        "Commercial": "Toko Kelontong",
        "addr:full": "Jl. Niaga Timur",
        "building": "yes",
        "building:levels": "3",
        "capacity:persons": "1500",
        "name": "Plaza 21",
        "shop": "mall",
        "@geometry": "center"
      },
      "geometry": {
        "type": "Point",
        "coordinates": [
          117.1514457,
          -0.5028166
        ]
      },
      "id": "way/326085453"
    },
    {
      "type": "Feature",
      "properties": {
        "@id": "way/326091411",
        "amenity": "marketplace",
        "name": "Pasar Pagi",
        "@geometry": "center"
      },
      "geometry": {
        "type": "Point",
        "coordinates": [
          117.1464541,
          -0.5026084
        ]
      },
      "id": "way/326091411"
    },
    {
      "type": "Feature",
      "properties": {
        "@id": "way/326091412",
        "addr:city": "Samarinda",
        "addr:street": "Jenderal Sudirman",
        "amenity": "bank",
        "atm": "yes",
        "building": "yes",
        "name": "Bank Danamon",
        "@geometry": "center"
      },
      "geometry": {
        "type": "Point",
        "coordinates": [
          117.1440814,
          -0.5010574
        ]
      },
      "id": "way/326091412"
    },
    {
      "type": "Feature",
      "properties": {
        "@id": "way/326091413",
        "amenity": "bank",
        "atm": "yes",
        "building": "yes",
        "name": "Bank DBS",
        "@geometry": "center"
      },
      "geometry": {
        "type": "Point",
        "coordinates": [
          117.144258,
          -0.5010299
        ]
      },
      "id": "way/326091413"
    },
    {
      "type": "Feature",
      "properties": {
        "@id": "way/326091414",
        "amenity": "bank",
        "atm": "yes",
        "building": "yes",
        "name": "Bank Panin",
        "@geometry": "center"
      },
      "geometry": {
        "type": "Point",
        "coordinates": [
          117.1443903,
          -0.5010673
        ]
      },
      "id": "way/326091414"
    },
    {
      "type": "Feature",
      "properties": {
        "@id": "way/326091415",
        "amenity": "bank",
        "atm": "yes",
        "brand": "OCBC",
        "brand:wikidata": "Q19724214",
        "building": "yes",
        "name": "OCBC",
        "official_name": "Bank OCBC NISP",
        "@geometry": "center"
      },
      "geometry": {
        "type": "Point",
        "coordinates": [
          117.1445279,
          -0.5012049
        ]
      },
      "id": "way/326091415"
    },
    {
      "type": "Feature",
      "properties": {
        "@id": "way/326091416",
        "amenity": "bank",
        "atm": "yes",
        "building": "yes",
        "name": "Bank Bukopin",
        "@geometry": "center"
      },
      "geometry": {
        "type": "Point",
        "coordinates": [
          117.1449986,
          -0.5012792
        ]
      },
      "id": "way/326091416"
    },
    {
      "type": "Feature",
      "properties": {
        "@id": "way/326091417",
        "addr:full": "Jl. KH. Abul Hasan",
        "amenity": "college",
        "capacity:persons": "1000",
        "name": "STAIN Samarinda",
        "operator:type": "government",
        "website": "https://www.iain-samarinda.ac.id",
        "@geometry": "center"
      },
      "geometry": {
        "type": "Point",
        "coordinates": [
          117.1483764,
          -0.497406
        ]
      },
      "id": "way/326091417"
    },
    {
      "type": "Feature",
      "properties": {
        "@id": "way/326091418",
        "addr:full": "Jl. Dahlia",
        "amenity": "hospital",
        "capacity:persons": "1000",
        "healthcare": "hospital",
        "hospital:type": "A",
        "name": "RS Haji Darjad",
        "operator:type": "private",
        "rooms": "200",
        "website": "https://rshajidarjad.com/",
        "@geometry": "center"
      },
      "geometry": {
        "type": "Point",
        "coordinates": [
          117.1487801,
          -0.4947813
        ]
      },
      "id": "way/326091418"
    },
    {
      "type": "Feature",
      "properties": {
        "@id": "way/326097094",
        "addr:full": "Jl. Kusuma Bangsa",
        "building": "yes",
        "building:levels": "2",
        "government": "administrative",
        "name": "Dinas Kehutanan Prov. Kaltim",
        "office": "government",
        "website": "https://dishut.kaltimprov.go.id/",
        "@geometry": "center"
      },
      "geometry": {
        "type": "Point",
        "coordinates": [
          117.1490544,
          -0.490932
        ]
      },
      "id": "way/326097094"
    },
    {
      "type": "Feature",
      "properties": {
        "@id": "way/326097095",
        "amenity": "university",
        "name": "Fakultas Keguruan & Ilmu Pendidikan",
        "operator": "Universitas Mulawarman",
        "@geometry": "center"
      },
      "geometry": {
        "type": "Point",
        "coordinates": [
          117.1473994,
          -0.4884368
        ]
      },
      "id": "way/326097095"
    },
    {
      "type": "Feature",
      "properties": {
        "@id": "way/326101483",
        "Commercial": "Toko Kelontong",
        "name": "Samarinda Square",
        "shop": "mall",
        "@geometry": "center"
      },
      "geometry": {
        "type": "Point",
        "coordinates": [
          117.146828,
          -0.4696473
        ]
      },
      "id": "way/326101483"
    },
    {
      "type": "Feature",
      "properties": {
        "@id": "way/326101499",
        "addr:full": "Jl. Wahid Hasyim No.28 Samarinda Utara Kota Samarinda, Kalimantan Timur 75119",
        "amenity": "university",
        "capacity:persons": "2000",
        "name": "Universitas Widya Gama Mahakam",
        "name:en": "Widya Gama Mahakam University",
        "operator:type": "private",
        "url": "https://plus.google.com/101501859592675238163/about?gl=id&hl=id",
        "website": "http://uwgm-smr.ac.id/",
        "@geometry": "center"
      },
      "geometry": {
        "type": "Point",
        "coordinates": [
          117.1491788,
          -0.4613189
        ]
      },
      "id": "way/326101499"
    },
    {
      "type": "Feature",
      "properties": {
        "@id": "way/326200094",
        "addr:city": "Samarinda",
        "addr:street": "Jalan Insinyur Haji Juanda",
        "amenity": "bank",
        "atm": "yes",
        "brand": "BTN",
        "brand:en": "BTN",
        "brand:id": "BTN",
        "brand:wikidata": "Q12474534",
        "building": "yes",
        "name": "BTN",
        "official_name": "Bank Tabungan Negara",
        "@geometry": "center"
      },
      "geometry": {
        "type": "Point",
        "coordinates": [
          117.1336225,
          -0.4820136
        ]
      },
      "id": "way/326200094"
    },
    {
      "type": "Feature",
      "properties": {
        "@id": "way/326200095",
        "addr:street": "Ir. H. Juanda",
        "amenity": "bank",
        "atm": "yes",
        "brand": "Bank Mandiri",
        "brand:wikidata": "Q806639",
        "building": "yes",
        "name": "Bank Mandiri",
        "@geometry": "center"
      },
      "geometry": {
        "type": "Point",
        "coordinates": [
          117.1330579,
          -0.4821867
        ]
      },
      "id": "way/326200095"
    },
    {
      "type": "Feature",
      "properties": {
        "@id": "way/326200096",
        "addr:city": "Samarinda",
        "addr:street": "Ir. H. Juanda",
        "amenity": "bank",
        "atm": "yes",
        "branch": "Syariah",
        "brand": "CIMB Niaga",
        "brand:wikidata": "Q5011747",
        "building": "yes",
        "name": "CIMB Niaga",
        "@geometry": "center"
      },
      "geometry": {
        "type": "Point",
        "coordinates": [
          117.1332019,
          -0.4821829
        ]
      },
      "id": "way/326200096"
    },
    {
      "type": "Feature",
      "properties": {
        "@id": "way/326200097",
        "addr:city": "Samarinda",
        "addr:street": "Jalan Insinyur Haji Juanda",
        "amenity": "bank",
        "atm": "yes",
        "brand": "Bank Syariah Indonesia",
        "brand:wikidata": "Q105574200",
        "building": "yes",
        "name": "Bank Syariah Indonesia",
        "short_name": "BSI",
        "@geometry": "center"
      },
      "geometry": {
        "type": "Point",
        "coordinates": [
          117.133252,
          -0.4821621
        ]
      },
      "id": "way/326200097"
    },
    {
      "type": "Feature",
      "properties": {
        "@id": "way/326200098",
        "addr:city": "Samarinda",
        "addr:street": "Jalan Insinyur Haji Juanda",
        "amenity": "bank",
        "atm": "yes",
        "building": "yes",
        "name": "Bank Kaltimtara",
        "short_name": "Bankkaltimtara",
        "@geometry": "center"
      },
      "geometry": {
        "type": "Point",
        "coordinates": [
          117.1333031,
          -0.4821398
        ]
      },
      "id": "way/326200098"
    },
    {
      "type": "Feature",
      "properties": {
        "@id": "way/326200412",
        "addr:city": "Samarinda",
        "addr:full": "Jl. Ir. H. Juanda",
        "addr:street": "Ir. H. Juanda",
        "admin_level": "5",
        "building": "yes",
        "building:levels": "2",
        "name": "Sekretariat KPU Daerah Kota Samarinda",
        "office": "government",
        "url": "http://www.mysamarinda.com/direktori.php?kategori=Pemerintahan&sub=Kantor",
        "@geometry": "center"
      },
      "geometry": {
        "type": "Point",
        "coordinates": [
          117.1299195,
          -0.4835959
        ]
      },
      "id": "way/326200412"
    },
    {
      "type": "Feature",
      "properties": {
        "@id": "way/326203936",
        "amenity": "bank",
        "atm": "yes",
        "brand": "Bank Syariah Indonesia",
        "brand:wikidata": "Q105574200",
        "building": "yes",
        "name": "Bank Syariah Indonesia",
        "short_name": "BSI",
        "@geometry": "center"
      },
      "geometry": {
        "type": "Point",
        "coordinates": [
          117.1272552,
          -0.4908244
        ]
      },
      "id": "way/326203936"
    },
    {
      "type": "Feature",
      "properties": {
        "@id": "way/326313121",
        "addr:city": "Samarinda",
        "addr:full": "Jl. P. Hidayatullah No. 21",
        "addr:street": "Pangeran Hidayatullah",
        "amenity": "school",
        "building": "yes",
        "building:levels": "2",
        "capacity:persons": "1000",
        "name": "SD Katolik 3 WR Soepratman Samarinda",
        "name:etymology:wikidata": "Q1144049",
        "name:etymology:wikipedia": "id:Wage Rudolf Soepratman",
        "operator:type": "private",
        "school:type_idn": "SD/MI",
        "website": "http://www.kesekolah.com/direktori/sekolah/sd-katolik-3-wr-soepratman-no-044-samarinda-kalimantan-timur.html#sthash.T6n3iqn9.dpbs",
        "@geometry": "center"
      },
      "geometry": {
        "type": "Point",
        "coordinates": [
          117.1575605,
          -0.5022457
        ]
      },
      "id": "way/326313121"
    },
    {
      "type": "Feature",
      "properties": {
        "@id": "way/326313123",
        "Commercial": "Pasar",
        "amenity": "marketplace",
        "building": "yes",
        "name": "Pasar Sungai Dama",
        "@geometry": "center"
      },
      "geometry": {
        "type": "Point",
        "coordinates": [
          117.1602956,
          -0.5041485
        ]
      },
      "id": "way/326313123"
    },
    {
      "type": "Feature",
      "properties": {
        "@id": "way/326314201",
        "building": "yes",
        "name": "KUA Samarinda",
        "office": "government",
        "@geometry": "center"
      },
      "geometry": {
        "type": "Point",
        "coordinates": [
          117.1305277,
          -0.4832496
        ]
      },
      "id": "way/326314201"
    },
    {
      "type": "Feature",
      "properties": {
        "@id": "way/326315458",
        "addr:city": "Samarinda",
        "addr:full": "Jl. Basuki Rahmat",
        "addr:street": "Jl.Basuki Rahmat",
        "building": "yes",
        "building:levels": "2",
        "government": "administrative",
        "name": "DPRD Kota Samarinda",
        "office": "government",
        "@geometry": "center"
      },
      "geometry": {
        "type": "Point",
        "coordinates": [
          117.1526987,
          -0.4967488
        ]
      },
      "id": "way/326315458"
    },
    {
      "type": "Feature",
      "properties": {
        "@id": "way/326315459",
        "addr:city": "Samarinda",
        "addr:full": "Jl. Basuki Rahmat",
        "addr:street": "Jalan Basuki Rahmat",
        "building": "yes",
        "building:levels": "2",
        "government": "administrative",
        "name": "Dinas Sosial Provinsi Kalimantan Timur",
        "office": "government",
        "website": "https://dinsos.kaltimprov.go.id/",
        "@geometry": "center"
      },
      "geometry": {
        "type": "Point",
        "coordinates": [
          117.1506601,
          -0.4963418
        ]
      },
      "id": "way/326315459"
    },
    {
      "type": "Feature",
      "properties": {
        "@id": "way/326315461",
        "addr:full": "JL. Abul hasan",
        "amenity": "school",
        "building": "yes",
        "building:levels": "2",
        "capacity:persons": "400",
        "name": "SMP Al-Khairiyah",
        "operator:type": "private",
        "school:type_idn": "SMP/MTs",
        "url": "http://referensi.data.kemdikbud.go.id/tabs.php?npsn=30401021",
        "@geometry": "center"
      },
      "geometry": {
        "type": "Point",
        "coordinates": [
          117.1498349,
          -0.4959823
        ]
      },
      "id": "way/326315461"
    },
    {
      "type": "Feature",
      "properties": {
        "@id": "way/326315897",
        "addr:full": "Jl. K.H. Abul Hasan",
        "amenity": "bank",
        "atm": "yes",
        "building": "yes",
        "building:levels": "2",
        "capacity:persons": "200",
        "name": "BCA KCP Abul Hasan",
        "@geometry": "center"
      },
      "geometry": {
        "type": "Point",
        "coordinates": [
          117.1490611,
          -0.4965006
        ]
      },
      "id": "way/326315897"
    },
    {
      "type": "Feature",
      "properties": {
        "@id": "way/326315898",
        "amenity": "bank",
        "building": "yes",
        "@geometry": "center"
      },
      "geometry": {
        "type": "Point",
        "coordinates": [
          117.1492555,
          -0.4971781
        ]
      },
      "id": "way/326315898"
    },
    {
      "type": "Feature",
      "properties": {
        "@id": "way/326320581",
        "addr:full": "Jl. Ir. H. Juanda",
        "amenity": "cafe",
        "building": "yes",
        "building:levels": "1",
        "capacity:persons": "200",
        "name": "D'Corners Cafe",
        "@geometry": "center"
      },
      "geometry": {
        "type": "Point",
        "coordinates": [
          117.1333469,
          -0.4812703
        ]
      },
      "id": "way/326320581"
    },
    {
      "type": "Feature",
      "properties": {
        "@id": "way/326320582",
        "addr:city": "Samarinda",
        "addr:full": "Jl. Ir. H. Juanda",
        "addr:street": "Ir. H. Juanda",
        "admin_level": "5",
        "building": "yes",
        "building:levels": "2",
        "name": "BPJS Ketenagakerjaan Samarinda",
        "office": "government",
        "url": "http://www.bpjsketenagakerjaan.go.id/kanwil/907/KANWIL-KALIMANTAN.html",
        "@geometry": "center"
      },
      "geometry": {
        "type": "Point",
        "coordinates": [
          117.1345568,
          -0.4816318
        ]
      },
      "id": "way/326320582"
    },
    {
      "type": "Feature",
      "properties": {
        "@id": "way/326320696",
        "addr:full": "Jl. AW. Syahranie",
        "amenity": "school",
        "building": "yes",
        "building:levels": "2",
        "capacity:persons": "1000",
        "name": "SMK Negeri 2 Samarinda",
        "operator:type": "government",
        "school:type_idn": "SMK",
        "short_name": "SMKN 2 Samarinda",
        "url": "www.smkn2-smr.sch.id",
        "@geometry": "center"
      },
      "geometry": {
        "type": "Point",
        "coordinates": [
          117.1383379,
          -0.4713615
        ]
      },
      "id": "way/326320696"
    },
    {
      "type": "Feature",
      "properties": {
        "@id": "way/326320746",
        "addr:city": "Samarinda",
        "addr:full": "Jalan Kadrie Oening No.86 RT. 35, Air Putih, Kec. Samarinda Ulu, Kota Samarinda, Kalimantan Timur 75124",
        "amenity": "hospital",
        "healthcare": "hospital",
        "hospital:type": "C",
        "name": "RSU Samarinda Medika Citra",
        "operator:type": "private",
        "website": "http://rsusmc.com/",
        "@geometry": "center"
      },
      "geometry": {
        "type": "Point",
        "coordinates": [
          117.1245627,
          -0.4723295
        ]
      },
      "id": "way/326320746"
    },
    {
      "type": "Feature",
      "properties": {
        "@id": "way/326320920",
        "amenity": "hospital",
        "healthcare": "hospital",
        "name": "RS Siaga Al Munawarah Samarinda",
        "@geometry": "center"
      },
      "geometry": {
        "type": "Point",
        "coordinates": [
          117.1419624,
          -0.4740759
        ]
      },
      "id": "way/326320920"
    },
    {
      "type": "Feature",
      "properties": {
        "@id": "way/326320969",
        "addr:city": "Samarinda",
        "addr:full": "Jalan Palang Merah No.1, Sidodadi, Kec. Samarinda Ulu, Kota Samarinda, Kalimantan Timur 75123",
        "addr:postcode": "75123",
        "addr:street": "Jl. Palang Merah No.1",
        "amenity": "hospital",
        "email": "unithumas@rsudaws.co.id",
        "emergency": "yes",
        "fax": "(0541) 744988",
        "healthcare": "hospital",
        "name": "RSUD Abdul Wahab Sjahranie",
        "operator:type": "government",
        "phone": "(0541) 738118",
        "website": "https://www.rsudaws.co.id/",
        "@geometry": "center"
      },
      "geometry": {
        "type": "Point",
        "coordinates": [
          117.1441953,
          -0.4808695
        ]
      },
      "id": "way/326320969"
    },
    {
      "type": "Feature",
      "properties": {
        "@id": "way/326368131",
        "leisure": "park",
        "@geometry": "center"
      },
      "geometry": {
        "type": "Point",
        "coordinates": [
          117.1171533,
          -0.5183361
        ]
      },
      "id": "way/326368131"
    },
    {
      "type": "Feature",
      "properties": {
        "@id": "way/326368133",
        "addr:full": "Jl. P. Antasari No.18",
        "building": "yes",
        "building:levels": "2",
        "capacity:persons": "850",
        "name": "Pandansari Jaya",
        "shop": "supermarket",
        "@geometry": "center"
      },
      "geometry": {
        "type": "Point",
        "coordinates": [
          117.1275179,
          -0.493818
        ]
      },
      "id": "way/326368133"
    },
    {
      "type": "Feature",
      "properties": {
        "@id": "way/326372520",
        "leisure": "park",
        "name": "Taman Cerdas",
        "@geometry": "center"
      },
      "geometry": {
        "type": "Point",
        "coordinates": [
          117.1501078,
          -0.4760296
        ]
      },
      "id": "way/326372520"
    },
    {
      "type": "Feature",
      "properties": {
        "@id": "way/326675189",
        "addr:full": "Jl. Jendral Sudirman",
        "admin_level": "4",
        "building": "yes",
        "building:levels": "2",
        "government": "administrative",
        "name": "Dinas Kebudayaan dan Pariwisata Provinsi Kaltim",
        "office": "government",
        "website": "http://www.pariwisatakaltim.com",
        "@geometry": "center"
      },
      "geometry": {
        "type": "Point",
        "coordinates": [
          117.1431145,
          -0.5013463
        ]
      },
      "id": "way/326675189"
    },
    {
      "type": "Feature",
      "properties": {
        "@id": "way/327404669",
        "Commercial": "Toko Kelontong",
        "addr:street": "Mayjend S. Parman",
        "building": "yes",
        "building:levels": "4",
        "name": "Mall Lembuswana",
        "shop": "mall",
        "@geometry": "center"
      },
      "geometry": {
        "type": "Point",
        "coordinates": [
          117.1472189,
          -0.4751511
        ]
      },
      "id": "way/327404669"
    },
    {
      "type": "Feature",
      "properties": {
        "@id": "way/327404673",
        "addr:full": "Jl. Letjen Suprapto Kompleks Voorvo",
        "amenity": "clinic",
        "building": "yes",
        "building:levels": "2",
        "capacity:persons": "200",
        "healthcare": "clinic",
        "name": "RS Bersalin PKBI",
        "operator:type": "private",
        "rooms": "20",
        "url": "www.pkbi.or.id",
        "@geometry": "center"
      },
      "geometry": {
        "type": "Point",
        "coordinates": [
          117.1421012,
          -0.4728926
        ]
      },
      "id": "way/327404673"
    },
    {
      "type": "Feature",
      "properties": {
        "@id": "way/328500302",
        "leisure": "park",
        "@geometry": "center"
      },
      "geometry": {
        "type": "Point",
        "coordinates": [
          117.1471724,
          -0.473607
        ]
      },
      "id": "way/328500302"
    },
    {
      "type": "Feature",
      "properties": {
        "@id": "way/328902078",
        "addr:full": "Jl. Lai No. 32",
        "amenity": "school",
        "building": "yes",
        "building:levels": "3",
        "name": "TK Negeri 1 Samarinda",
        "operator:type": "government",
        "school:type_idn": "TK/Paud",
        "short_name": "TKN 1 Samarinda",
        "@geometry": "center"
      },
      "geometry": {
        "type": "Point",
        "coordinates": [
          117.1448248,
          -0.4718511
        ]
      },
      "id": "way/328902078"
    },
    {
      "type": "Feature",
      "properties": {
        "@id": "way/328902084",
        "addr:full": "Jl. Limau No. 50, Vorfo",
        "amenity": "school",
        "building": "yes",
        "building:levels": "1",
        "capacity:persons": "400",
        "name": "TK Immanuel Samarinda",
        "operator:type": "private",
        "url": "http://referensi.data.kemdikbud.go.id/tabs.php?npsn=30401024",
        "@geometry": "center"
      },
      "geometry": {
        "type": "Point",
        "coordinates": [
          117.1455428,
          -0.4696865
        ]
      },
      "id": "way/328902084"
    },
    {
      "type": "Feature",
      "properties": {
        "@id": "way/328902086",
        "addr:full": "Jl. Limau No. 50, Vorfo",
        "amenity": "school",
        "building": "yes",
        "building:levels": "1",
        "capacity:persons": "400",
        "name": "SMP Immanuel Samarinda",
        "operator:type": "private",
        "school:type_idn": "SMP/MTs",
        "url": "http://referensi.data.kemdikbud.go.id/tabs.php?npsn=30401024",
        "@geometry": "center"
      },
      "geometry": {
        "type": "Point",
        "coordinates": [
          117.1456048,
          -0.4694141
        ]
      },
      "id": "way/328902086"
    },
    {
      "type": "Feature",
      "properties": {
        "@id": "way/328902089",
        "amenity": "bank",
        "building": "yes",
        "name": "Mandiri ATM Drive Thru",
        "@geometry": "center"
      },
      "geometry": {
        "type": "Point",
        "coordinates": [
          117.1481943,
          -0.4766105
        ]
      },
      "id": "way/328902089"
    },
    {
      "type": "Feature",
      "properties": {
        "@id": "way/328902090",
        "addr:full": "Jl. Limau No.50 Vorvo Samarinda",
        "amenity": "school",
        "building": "yes",
        "building:levels": "1",
        "capacity:persons": "600",
        "name": "SD Immanuel Samarinda",
        "operator:type": "private",
        "url": "http://referensi.data.kemdikbud.go.id/tabs.php?npsn=30401062",
        "@geometry": "center"
      },
      "geometry": {
        "type": "Point",
        "coordinates": [
          117.1456859,
          -0.4692218
        ]
      },
      "id": "way/328902090"
    },
    {
      "type": "Feature",
      "properties": {
        "@id": "way/328902092",
        "addr:full": "Jl. Kedondong, Voorvo",
        "amenity": "school",
        "building": "yes",
        "building:levels": "2",
        "capacity:persons": "500",
        "name": "SD Negeri 008 Samarinda Ulu",
        "old_name": "SDN 011 Samarinda Ulu",
        "operator:type": "government",
        "school:type_idn": "SD/MI",
        "short_name": "SDN 008 Samarinda Ulu",
        "url": "http://referensi.data.kemdikbud.go.id/index11_sd.php?kode=166005&level=3",
        "@geometry": "center"
      },
      "geometry": {
        "type": "Point",
        "coordinates": [
          117.1449508,
          -0.4715171
        ]
      },
      "id": "way/328902092"
    },
    {
      "type": "Feature",
      "properties": {
        "@id": "way/328902094",
        "addr:full": "Jl. Kedondong, Voorvo",
        "amenity": "school",
        "building": "yes",
        "building:levels": "2",
        "capacity:persons": "500",
        "name": "SD Negeri 008 Samarinda Ulu",
        "old_name": "SDN 011 Samarinda Ulu",
        "operator:type": "government",
        "school:type_idn": "SD/MI",
        "short_name": "SDN 008 Samarinda Ulu",
        "url": "http://referensi.data.kemdikbud.go.id/index11_sd.php?kode=166005&level=3",
        "@geometry": "center"
      },
      "geometry": {
        "type": "Point",
        "coordinates": [
          117.1451344,
          -0.4713214
        ]
      },
      "id": "way/328902094"
    },
    {
      "type": "Feature",
      "properties": {
        "@id": "way/328902097",
        "addr:full": "Jl. Limau No.50 Vorvo Samarinda",
        "amenity": "school",
        "building": "yes",
        "building:levels": "1",
        "capacity:persons": "600",
        "name": "SMA Immanuel Samarinda",
        "operator:type": "private",
        "school:type_idn": "SMA/MA",
        "url": "http://referensi.data.kemdikbud.go.id/tabs.php?npsn=30401062",
        "@geometry": "center"
      },
      "geometry": {
        "type": "Point",
        "coordinates": [
          117.1458795,
          -0.4690201
        ]
      },
      "id": "way/328902097"
    },
    {
      "type": "Feature",
      "properties": {
        "@id": "way/328902099",
        "addr:full": "Jl. Kedondong, Voorvo",
        "amenity": "school",
        "building": "yes",
        "building:levels": "2",
        "capacity:persons": "500",
        "name": "SD Negeri 008 Samarinda Ulu",
        "old_name": "SDN 011 Samarinda Ulu",
        "operator:type": "government",
        "school:type_idn": "SD/MI",
        "short_name": "SDN 008 Samarinda Ulu",
        "url": "http://referensi.data.kemdikbud.go.id/index11_sd.php?kode=166005&level=3",
        "@geometry": "center"
      },
      "geometry": {
        "type": "Point",
        "coordinates": [
          117.1448786,
          -0.4712265
        ]
      },
      "id": "way/328902099"
    },
    {
      "type": "Feature",
      "properties": {
        "@id": "way/328902101",
        "addr:full": "Jalan M.Yamin 02",
        "admin_level": "5",
        "building": "yes",
        "building:levels": "1",
        "government": "administrative",
        "name": "Kantor KPPN",
        "office": "government",
        "@geometry": "center"
      },
      "geometry": {
        "type": "Point",
        "coordinates": [
          117.1485674,
          -0.4690838
        ]
      },
      "id": "way/328902101"
    },
    {
      "type": "Feature",
      "properties": {
        "@id": "way/328902102",
        "government": "administrative",
        "name": "Karantina Imigrasi",
        "office": "government",
        "@geometry": "center"
      },
      "geometry": {
        "type": "Point",
        "coordinates": [
          117.1474175,
          -0.4711596
        ]
      },
      "id": "way/328902102"
    },
    {
      "type": "Feature",
      "properties": {
        "@id": "way/328902104",
        "government": "administrative",
        "name": "Badan Kepegawaian Daerah Kaltim",
        "office": "government",
        "@geometry": "center"
      },
      "geometry": {
        "type": "Point",
        "coordinates": [
          117.1482505,
          -0.4693541
        ]
      },
      "id": "way/328902104"
    },
    {
      "type": "Feature",
      "properties": {
        "@id": "way/328903096",
        "addr:full": "Jl.Jendral Soeprapto",
        "admin_level": "5",
        "building": "yes",
        "name": "BPOM",
        "office": "government",
        "@geometry": "center"
      },
      "geometry": {
        "type": "Point",
        "coordinates": [
          117.1418034,
          -0.4726768
        ]
      },
      "id": "way/328903096"
    },
    {
      "type": "Feature",
      "properties": {
        "@id": "way/328903098",
        "addr:city": "Samarinda",
        "addr:street": "Jalan Durian",
        "amenity": "school",
        "building": "yes",
        "building:levels": "1",
        "name": "TK Inklusif Multitalenta",
        "school:type_idn": "TK",
        "@geometry": "center"
      },
      "geometry": {
        "type": "Point",
        "coordinates": [
          117.1435057,
          -0.4733624
        ]
      },
      "id": "way/328903098"
    },
    {
      "type": "Feature",
      "properties": {
        "@id": "way/328903099",
        "access:roof": "no",
        "addr:full": "Jl.Delima",
        "amenity": "school",
        "building": "yes",
        "building:levels": "1",
        "capacity:persons": "50",
        "name": "TK Khalifah",
        "school:type_idn": "TK",
        "@geometry": "center"
      },
      "geometry": {
        "type": "Point",
        "coordinates": [
          117.141363,
          -0.4761981
        ]
      },
      "id": "way/328903099"
    },
    {
      "type": "Feature",
      "properties": {
        "@id": "way/328903100",
        "addr:full": "Jl. Jendral soeprapto",
        "amenity": "school",
        "building": "yes",
        "building:levels": "1",
        "name": "TK Sejahtera",
        "school:type_idn": "TK",
        "@geometry": "center"
      },
      "geometry": {
        "type": "Point",
        "coordinates": [
          117.1430092,
          -0.4740105
        ]
      },
      "id": "way/328903100"
    },
    {
      "type": "Feature",
      "properties": {
        "@id": "way/328903101",
        "access:roof": "no",
        "addr:full": "Jl.Manggis",
        "amenity": "school",
        "building": "yes",
        "building:levels": "1",
        "name": "TK Tunas",
        "school:type_idn": "TK",
        "@geometry": "center"
      },
      "geometry": {
        "type": "Point",
        "coordinates": [
          117.1434315,
          -0.475601
        ]
      },
      "id": "way/328903101"
    },
    {
      "type": "Feature",
      "properties": {
        "@id": "way/328905439",
        "amenity": "school",
        "name": "SD-SMP-SMA Fransiskus Assisi",
        "@geometry": "center"
      },
      "geometry": {
        "type": "Point",
        "coordinates": [
          117.1546259,
          -0.4760894
        ]
      },
      "id": "way/328905439"
    },
    {
      "type": "Feature",
      "properties": {
        "@id": "way/328905440",
        "amenity": "school",
        "building": "yes",
        "building:levels": "1",
        "building:roof": "asbestos",
        "building:structure": "reinforced_masonry",
        "building:walls": "brick",
        "name": "SMA Kesatuan 1 Samarinda",
        "@geometry": "center"
      },
      "geometry": {
        "type": "Point",
        "coordinates": [
          117.1504916,
          -0.4715998
        ]
      },
      "id": "way/328905440"
    },
    {
      "type": "Feature",
      "properties": {
        "@id": "way/328905441",
        "amenity": "school",
        "building": "yes",
        "building:levels": "1",
        "building:roof": "tile",
        "building:structure": "reinforced_masonry",
        "building:use": "SMK Husada",
        "building:walls": "brick",
        "name": "SMK Husada Prima",
        "@geometry": "center"
      },
      "geometry": {
        "type": "Point",
        "coordinates": [
          117.1504287,
          -0.4728474
        ]
      },
      "id": "way/328905441"
    },
    {
      "type": "Feature",
      "properties": {
        "@id": "way/328905442",
        "amenity": "school",
        "building": "yes",
        "building:levels": "3",
        "building:roof": "asbestos",
        "building:structure": "reinforced_masonry",
        "building:use": "SMK Kesatuan 2",
        "building:walls": "brick",
        "name": "SMK Kesatuan 2 Samarinda",
        "@geometry": "center"
      },
      "geometry": {
        "type": "Point",
        "coordinates": [
          117.151649,
          -0.4726574
        ]
      },
      "id": "way/328905442"
    },
    {
      "type": "Feature",
      "properties": {
        "@id": "way/328905443",
        "amenity": "school",
        "building": "yes",
        "building:roof": "asbestos",
        "building:structure": "reinforced_masonry",
        "building:walls": "brick",
        "name": "SMP Kesatuan 1 Samarinda",
        "@geometry": "center"
      },
      "geometry": {
        "type": "Point",
        "coordinates": [
          117.150439,
          -0.4719375
        ]
      },
      "id": "way/328905443"
    },
    {
      "type": "Feature",
      "properties": {
        "@id": "way/328918313",
        "addr:full": "Jl. Belatuk No.23 Rt.17",
        "amenity": "school",
        "building": "yes",
        "building:levels": "2",
        "capacity:persons": "450",
        "name": "SD Katolik Santo Fransiskus Assisi Samarinda",
        "operator:type": "private",
        "school:type_idn": "SD/MI",
        "website": "https://referensi.data.kemdikbud.go.id/index11.php?kode=166008&level=3",
        "@geometry": "center"
      },
      "geometry": {
        "type": "Point",
        "coordinates": [
          117.1527002,
          -0.4790607
        ]
      },
      "id": "way/328918313"
    },
    {
      "type": "Feature",
      "properties": {
        "@id": "way/329089654",
        "amenity": "fuel",
        "building": "yes",
        "name": "Pertamina",
        "@geometry": "center"
      },
      "geometry": {
        "type": "Point",
        "coordinates": [
          117.2276697,
          -0.653478
        ]
      },
      "id": "way/329089654"
    },
    {
      "type": "Feature",
      "properties": {
        "@id": "way/329093467",
        "amenity": "fuel",
        "building": "yes",
        "name": "SPBU",
        "operator": "Pertamina",
        "@geometry": "center"
      },
      "geometry": {
        "type": "Point",
        "coordinates": [
          117.1349971,
          -0.5110571
        ]
      },
      "id": "way/329093467"
    },
    {
      "type": "Feature",
      "properties": {
        "@id": "way/329093468",
        "addr:full": "Jl. Bung Tomo",
        "admin_level": "5",
        "building": "yes",
        "building:levels": "2",
        "name": "Badan Arsip Daerah",
        "office": "government",
        "url": "arsip.kaltimprov.go.id",
        "@geometry": "center"
      },
      "geometry": {
        "type": "Point",
        "coordinates": [
          117.1343347,
          -0.5126837
        ]
      },
      "id": "way/329093468"
    },
    {
      "type": "Feature",
      "properties": {
        "@id": "way/329093471",
        "addr:full": "Jl. Bung Tomo",
        "amenity": "school",
        "building": "yes",
        "building:levels": "2",
        "capacity:persons": "400",
        "name": "SD Negeri 016 Samarinda Seberang",
        "old_name": "SDN 022 Samarinda Seberang",
        "operator:type": "government",
        "school:type_idn": "SD/MI",
        "short_name": "SDN 016 Samarinda Seberang",
        "url": "http://referensi.data.kemdikbud.go.id/ptk_index.php?kode=166003&level=3",
        "@geometry": "center"
      },
      "geometry": {
        "type": "Point",
        "coordinates": [
          117.1249252,
          -0.516258
        ]
      },
      "id": "way/329093471"
    },
    {
      "type": "Feature",
      "properties": {
        "@id": "way/329093474",
        "leisure": "park",
        "@geometry": "center"
      },
      "geometry": {
        "type": "Point",
        "coordinates": [
          117.117388,
          -0.5155513
        ]
      },
      "id": "way/329093474"
    },
    {
      "type": "Feature",
      "properties": {
        "@id": "way/329093475",
        "leisure": "park",
        "@geometry": "center"
      },
      "geometry": {
        "type": "Point",
        "coordinates": [
          117.1188229,
          -0.5083251
        ]
      },
      "id": "way/329093475"
    },
    {
      "type": "Feature",
      "properties": {
        "@id": "way/329093476",
        "leisure": "park",
        "@geometry": "center"
      },
      "geometry": {
        "type": "Point",
        "coordinates": [
          117.1205865,
          -0.5047943
        ]
      },
      "id": "way/329093476"
    },
    {
      "type": "Feature",
      "properties": {
        "@id": "way/329101367",
        "building": "yes",
        "government": "administrative",
        "name": "BNN Kota Samarinda",
        "office": "government",
        "@geometry": "center"
      },
      "geometry": {
        "type": "Point",
        "coordinates": [
          117.1407822,
          -0.4738106
        ]
      },
      "id": "way/329101367"
    },
    {
      "type": "Feature",
      "properties": {
        "@id": "way/329821033",
        "addr:full": "Jl. Biola",
        "building": "yes",
        "building:levels": "1",
        "government": "administrative",
        "name": "dinas ketahanan pangan dan pertanian",
        "office": "government",
        "url": "http://blh.samarindakota.go.id/index.php/public/newsticker/detail/28",
        "@geometry": "center"
      },
      "geometry": {
        "type": "Point",
        "coordinates": [
          117.1485629,
          -0.4893369
        ]
      },
      "id": "way/329821033"
    },
    {
      "type": "Feature",
      "properties": {
        "@id": "way/329821034",
        "amenity": "school",
        "name": "MTs Negeri Model Samarinda",
        "@geometry": "center"
      },
      "geometry": {
        "type": "Point",
        "coordinates": [
          117.1502483,
          -0.4896825
        ]
      },
      "id": "way/329821034"
    },
    {
      "type": "Feature",
      "properties": {
        "@id": "way/329821326",
        "addr:full": "Jl. Harmonika No. 98",
        "amenity": "school",
        "capacity:persons": "500",
        "name": "MA Negeri 2 Samarinda",
        "operator:type": "government",
        "school:type_idn": "SMA/MA",
        "website": "http://man2model-radio.com",
        "@geometry": "center"
      },
      "geometry": {
        "type": "Point",
        "coordinates": [
          117.1501942,
          -0.4904948
        ]
      },
      "id": "way/329821326"
    },
    {
      "type": "Feature",
      "properties": {
        "@id": "way/329821870",
        "addr:full": "Jl. Piano No. 33",
        "amenity": "school",
        "capacity:persons": "500",
        "name": "SMK Negeri 9 Samarinda",
        "operator:type": "government",
        "school:type_idn": "SMK",
        "url": "http://referensi.data.kemdikbud.go.id/tabs.php?npsn=30404605",
        "@geometry": "center"
      },
      "geometry": {
        "type": "Point",
        "coordinates": [
          117.1497432,
          -0.4876167
        ]
      },
      "id": "way/329821870"
    },
    {
      "type": "Feature",
      "properties": {
        "@id": "way/329821871",
        "amenity": "school",
        "name": "SD. N 009 & 029",
        "@geometry": "center"
      },
      "geometry": {
        "type": "Point",
        "coordinates": [
          117.1495889,
          -0.4880208
        ]
      },
      "id": "way/329821871"
    },
    {
      "type": "Feature",
      "properties": {
        "@id": "way/330758383",
        "addr:city": "Samarinda",
        "addr:housenumber": "23",
        "addr:postcode": "75242",
        "addr:street": "Jl. Mulawarman No.23, Pelabuhan, Kec. Samarinda Kota",
        "amenity": "bank",
        "atm": "yes",
        "brand": "Bank Mandiri",
        "brand:wikidata": "Q806639",
        "building": "yes",
        "description": "Bank Mandiri Mulawarman, Jl. Mulawarman No.23, Pelabuhan, Kec. Samarinda Kota, Kota Samarinda, Kalimantan Timur 75242",
        "name": "Bank Mandiri",
        "@geometry": "center"
      },
      "geometry": {
        "type": "Point",
        "coordinates": [
          117.1540241,
          -0.5042611
        ]
      },
      "id": "way/330758383"
    },
    {
      "type": "Feature",
      "properties": {
        "@id": "way/330758390",
        "leisure": "park",
        "@geometry": "center"
      },
      "geometry": {
        "type": "Point",
        "coordinates": [
          117.1481277,
          -0.5033637
        ]
      },
      "id": "way/330758390"
    },
    {
      "type": "Feature",
      "properties": {
        "@id": "way/330758393",
        "amenity": "bank",
        "atm": "yes",
        "building": "yes",
        "name": "Bank Syariah Mandiri",
        "@geometry": "center"
      },
      "geometry": {
        "type": "Point",
        "coordinates": [
          117.1453532,
          -0.5018571
        ]
      },
      "id": "way/330758393"
    },
    {
      "type": "Feature",
      "properties": {
        "@id": "way/330758394",
        "amenity": "bank",
        "atm": "yes",
        "building": "yes",
        "name": "BCA",
        "@geometry": "center"
      },
      "geometry": {
        "type": "Point",
        "coordinates": [
          117.1446942,
          -0.5020121
        ]
      },
      "id": "way/330758394"
    },
    {
      "type": "Feature",
      "properties": {
        "@id": "way/331774872",
        "Commercial": "Toko Kelontong",
        "building": "yes",
        "shop": "supermarket",
        "@geometry": "center"
      },
      "geometry": {
        "type": "Point",
        "coordinates": [
          117.1466107,
          -0.4745275
        ]
      },
      "id": "way/331774872"
    },
    {
      "type": "Feature",
      "properties": {
        "@id": "way/331774877",
        "amenity": "school",
        "@geometry": "center"
      },
      "geometry": {
        "type": "Point",
        "coordinates": [
          117.1480409,
          -0.4734559
        ]
      },
      "id": "way/331774877"
    },
    {
      "type": "Feature",
      "properties": {
        "@id": "way/331775214",
        "leisure": "park",
        "@geometry": "center"
      },
      "geometry": {
        "type": "Point",
        "coordinates": [
          117.1463859,
          -0.4895845
        ]
      },
      "id": "way/331775214"
    },
    {
      "type": "Feature",
      "properties": {
        "@id": "way/341092381",
        "addr:subdistrict": "Samarinda Ulu",
        "addr:suburb": "Air Hitam",
        "amenity": "college",
        "building": "yes",
        "contact:phone": "0541-742478",
        "established": "1986",
        "name": "STIKom Mahakam",
        "website": "http://www.stikom-mahakam.ac.id/",
        "@geometry": "center"
      },
      "geometry": {
        "type": "Point",
        "coordinates": [
          117.1383516,
          -0.4687421
        ]
      },
      "id": "way/341092381"
    },
    {
      "type": "Feature",
      "properties": {
        "@id": "way/341230633",
        "addr:full": "Jl.Dharma Bakti",
        "amenity": "school",
        "building": "yes",
        "building:levels": "1",
        "capacity:persons": "200",
        "name": "SD Negeri 015 Samarinda Utara",
        "old_name": "SDN 027 Samarinda Utara",
        "operator:type": "government",
        "school:type_idn": "SD/MI",
        "website": "https://referensi.data.kemdikbud.go.id/tabs.php?npsn=30400988",
        "@geometry": "center"
      },
      "geometry": {
        "type": "Point",
        "coordinates": [
          117.1913967,
          -0.4074427
        ]
      },
      "id": "way/341230633"
    },
    {
      "type": "Feature",
      "properties": {
        "@id": "way/341230634",
        "addr:full": "Jl.Dharma Bakti",
        "amenity": "school",
        "building": "yes",
        "building:levels": "1",
        "capacity:persons": "200",
        "name": "SD Negeri 015 Samarinda Utara",
        "old_name": "SDN 027 Samarinda Utara",
        "operator:type": "government",
        "school:type_idn": "SD/MI",
        "website": "https://referensi.data.kemdikbud.go.id/tabs.php?npsn=30400988",
        "@geometry": "center"
      },
      "geometry": {
        "type": "Point",
        "coordinates": [
          117.191366,
          -0.4072849
        ]
      },
      "id": "way/341230634"
    },
    {
      "type": "Feature",
      "properties": {
        "@id": "way/341230635",
        "addr:full": "Jl.Dharma Bakti",
        "amenity": "school",
        "building": "yes",
        "building:levels": "1",
        "capacity:persons": "200",
        "name": "SD Negeri 015 Samarinda Utara",
        "old_name": "SDN 027 Samarinda Utara",
        "operator:type": "government",
        "school:type_idn": "SD/MI",
        "website": "https://referensi.data.kemdikbud.go.id/tabs.php?npsn=30400988",
        "@geometry": "center"
      },
      "geometry": {
        "type": "Point",
        "coordinates": [
          117.1914407,
          -0.4071
        ]
      },
      "id": "way/341230635"
    },
    {
      "type": "Feature",
      "properties": {
        "@id": "way/341234343",
        "admin_level": "7",
        "building": "yes",
        "building:levels": "1",
        "government": "administrative",
        "name": "Kantor Kelurahan Lempake",
        "office": "government",
        "short_name": "Kantor Lurah Lempake",
        "@geometry": "center"
      },
      "geometry": {
        "type": "Point",
        "coordinates": [
          117.1941514,
          -0.4400793
        ]
      },
      "id": "way/341234343"
    },
    {
      "type": "Feature",
      "properties": {
        "@id": "way/341234345",
        "addr:full": "Jl. Lempake Jaya Lempake",
        "amenity": "school",
        "building": "yes",
        "building:levels": "1",
        "capacity:persons": "300",
        "name": "SD Negeri 001 Samarinda Utara",
        "operator:type": "government",
        "school:type_idn": "SD/MI",
        "website": "http://kecsmdutara.samarindakota.go.id/sekolah",
        "@geometry": "center"
      },
      "geometry": {
        "type": "Point",
        "coordinates": [
          117.1801688,
          -0.4322856
        ]
      },
      "id": "way/341234345"
    },
    {
      "type": "Feature",
      "properties": {
        "@id": "way/341234346",
        "addr:full": "Jl. Lempake Jaya Lempake",
        "amenity": "school",
        "building": "yes",
        "building:levels": "1",
        "capacity:persons": "300",
        "name": "SD Negeri 001 Samarinda Utara",
        "operator:type": "government",
        "school:type_idn": "SD/MI",
        "website": "http://kecsmdutara.samarindakota.go.id/sekolah",
        "@geometry": "center"
      },
      "geometry": {
        "type": "Point",
        "coordinates": [
          117.1801164,
          -0.4321591
        ]
      },
      "id": "way/341234346"
    },
    {
      "type": "Feature",
      "properties": {
        "@id": "way/341234348",
        "addr:full": "Jl. Lempake Jaya Lempake",
        "amenity": "school",
        "building": "yes",
        "building:levels": "1",
        "capacity:persons": "300",
        "name": "SD Negeri 001 Samarinda Utara",
        "operator:type": "government",
        "school:type_idn": "SD/MI",
        "website": "http://kecsmdutara.samarindakota.go.id/sekolah",
        "@geometry": "center"
      },
      "geometry": {
        "type": "Point",
        "coordinates": [
          117.1798689,
          -0.4323235
        ]
      },
      "id": "way/341234348"
    },
    {
      "type": "Feature",
      "properties": {
        "@id": "way/341234349",
        "addr:full": "Jl. Lempake Jaya Lempake",
        "amenity": "school",
        "building": "yes",
        "building:levels": "1",
        "capacity:persons": "300",
        "name": "SD Negeri 001 Samarinda Utara",
        "operator:type": "government",
        "school:type_idn": "SD/MI",
        "website": "http://kecsmdutara.samarindakota.go.id/sekolah",
        "@geometry": "center"
      },
      "geometry": {
        "type": "Point",
        "coordinates": [
          117.1797256,
          -0.4325577
        ]
      },
      "id": "way/341234349"
    },
    {
      "type": "Feature",
      "properties": {
        "@id": "way/354214034",
        "amenity": "hospital",
        "healthcare": "hospital",
        "name": "Rumah Sakit Tk. IV",
        "operator:type": "private",
        "website": "http://kesehatan.kaltimprov.go.id/downlot.php?file=Buku%20Saku%20kesehatan%20tahun%202014.pdf",
        "@geometry": "center"
      },
      "geometry": {
        "type": "Point",
        "coordinates": [
          117.1428524,
          -0.5013614
        ]
      },
      "id": "way/354214034"
    },
    {
      "type": "Feature",
      "properties": {
        "@id": "way/355391198",
        "addr:city": "Samarinda",
        "addr:full": "Jl. P. Hidayatullah",
        "addr:street": "Pangeran Hidayatullah",
        "amenity": "pharmacy",
        "building": "yes",
        "building:levels": "2",
        "capacity:persons": "200",
        "name": "Apotek Kimia Farma 4",
        "smoking": "no",
        "@geometry": "center"
      },
      "geometry": {
        "type": "Point",
        "coordinates": [
          117.1545524,
          -0.5020711
        ]
      },
      "id": "way/355391198"
    },
    {
      "type": "Feature",
      "properties": {
        "@id": "way/355419786",
        "addr:full": "Jl. Awang Long No 2",
        "amenity": "school",
        "building": "yes",
        "building:levels": "2",
        "capacity:persons": "400",
        "name": "SD Negeri 008 Samarinda Kota",
        "old_name": "SDN 004 Samarinda Ilir",
        "operator:type": "government",
        "school:type_idn": "SD/MI",
        "short_name": "SDN 008 Samarinda Kota",
        "url": "http://referensi.data.kemdikbud.go.id/tabs.php?npsn=30401134",
        "@geometry": "center"
      },
      "geometry": {
        "type": "Point",
        "coordinates": [
          117.1438037,
          -0.5015551
        ]
      },
      "id": "way/355419786"
    },
    {
      "type": "Feature",
      "properties": {
        "@id": "way/355644114",
        "admin_level": "7",
        "building": "yes",
        "government": "administrative",
        "name": "Kantor Kelurahan Sempaja Selatan",
        "office": "government",
        "short_name": "Kantor Lurah Sempaja Selatan",
        "@geometry": "center"
      },
      "geometry": {
        "type": "Point",
        "coordinates": [
          117.1497744,
          -0.4587485
        ]
      },
      "id": "way/355644114"
    },
    {
      "type": "Feature",
      "properties": {
        "@id": "way/355644115",
        "addr:city": "Samarinda",
        "addr:full": "Jl. Karya Baru 1",
        "addr:housenumber": "6",
        "addr:street": "jalan Karaya Baru 1",
        "amenity": "fire_station",
        "building": "yes",
        "building:levels": "1",
        "capacity:persons": "20",
        "name": "Balakarcana",
        "@geometry": "center"
      },
      "geometry": {
        "type": "Point",
        "coordinates": [
          117.1485166,
          -0.4588988
        ]
      },
      "id": "way/355644115"
    },
    {
      "type": "Feature",
      "properties": {
        "@id": "way/355650651",
        "addr:full": "Jl. D.I Panjaitan",
        "amenity": "bank",
        "building": "yes",
        "building:levels": "2",
        "capacity:persons": "100",
        "name": "Bank BNI Panjaitan",
        "website": "https://www.daftarperusahaan.com/bank/bank-bni-atm-kk-pasar-segiri-2",
        "@geometry": "center"
      },
      "geometry": {
        "type": "Point",
        "coordinates": [
          117.1890072,
          -0.4588684
        ]
      },
      "id": "way/355650651"
    },
    {
      "type": "Feature",
      "properties": {
        "@id": "way/355650652",
        "addr:full": "Jl. Mugirejo",
        "amenity": "clinic",
        "building": "yes",
        "building:levels": "1",
        "capacity:persons": "30",
        "healthcare": "clinic",
        "name": "Posyandu Kaca Piring",
        "operator": "Posyandu",
        "operator:type": "private",
        "operator:wikidata": "Q12506263",
        "rooms": "2",
        "@geometry": "center"
      },
      "geometry": {
        "type": "Point",
        "coordinates": [
          117.1925294,
          -0.4669735
        ]
      },
      "id": "way/355650652"
    },
    {
      "type": "Feature",
      "properties": {
        "@id": "way/355651703",
        "access:roof": "no",
        "addr:full": "Jl. Adam Malik",
        "amenity": "pharmacy",
        "building": "yes",
        "building:levels": "1",
        "building:roof": "tile",
        "building:structure": "reinforced_masonry",
        "building:walls": "brick",
        "capacity:persons": "10",
        "name": "Apotek Marisa",
        "rooms": "2",
        "@geometry": "center"
      },
      "geometry": {
        "type": "Point",
        "coordinates": [
          117.1129636,
          -0.5133405
        ]
      },
      "id": "way/355651703"
    },
    {
      "type": "Feature",
      "properties": {
        "@id": "way/355651712",
        "access:roof": "yes",
        "addr:full": "Jl. Adam Malik",
        "amenity": "school",
        "building:levels": "2",
        "building:roof": "tile",
        "building:structure": "reinforced_masonry",
        "building:walls": "brick",
        "capacity:persons": "600",
        "name": "SD Negeri 003 Sungai Kunjang",
        "operator:type": "government",
        "school:type_idn": "SD",
        "url": "http://referensi.data.kemdikbud.go.id/pd_index.php?kode=166004&level=3",
        "@geometry": "center"
      },
      "geometry": {
        "type": "Point",
        "coordinates": [
          117.1142613,
          -0.5133414
        ]
      },
      "id": "way/355651712"
    },
    {
      "type": "Feature",
      "properties": {
        "@id": "way/355652836",
        "access:roof": "yes",
        "amenity": "college",
        "building": "yes",
        "building:levels": "2",
        "building:roof": "tile",
        "building:structure": "reinforced_masonry",
        "building:walls": "brick",
        "name": "Lembaga Penelitian",
        "@geometry": "center"
      },
      "geometry": {
        "type": "Point",
        "coordinates": [
          117.1557239,
          -0.4680671
        ]
      },
      "id": "way/355652836"
    },
    {
      "type": "Feature",
      "properties": {
        "@id": "way/355652837",
        "access:roof": "yes",
        "amenity": "school",
        "building": "yes",
        "building:levels": "2",
        "building:roof": "tin",
        "building:structure": "confined_masonry",
        "building:walls": "brick",
        "capacity:persons": "600",
        "name": "SD Negeri 027 Samarinda Ulu",
        "old_name": "SDN 034 Samarinda Ulu",
        "school:type_idn": "SD/MI",
        "short_name": "SDN 027 Samarinda Ulu",
        "@geometry": "center"
      },
      "geometry": {
        "type": "Point",
        "coordinates": [
          117.1536079,
          -0.4640997
        ]
      },
      "id": "way/355652837"
    },
    {
      "type": "Feature",
      "properties": {
        "@id": "way/355652839",
        "addr:full": "Jl. Suwandi, Blok.C RT.23 Samarinda",
        "amenity": "university",
        "capacity:persons": "800",
        "name": "IKIP PGRI Kaltim",
        "operator:type": "private",
        "url": "http://www.ikippgrikaltim.ac.id/",
        "@geometry": "center"
      },
      "geometry": {
        "type": "Point",
        "coordinates": [
          117.1476757,
          -0.4628861
        ]
      },
      "id": "way/355652839"
    },
    {
      "type": "Feature",
      "properties": {
        "@id": "way/355652840",
        "access:roof": "no",
        "addr:full": "Jl. M.Yamin",
        "building": "yes",
        "building:levels": "3",
        "building:roof": "tin",
        "building:structure": "reinforced_masonry",
        "building:walls": "brick",
        "name": "Kantor Badan Pemeriksa Keuangan RI Provinsi",
        "office": "government",
        "@geometry": "center"
      },
      "geometry": {
        "type": "Point",
        "coordinates": [
          117.1490463,
          -0.463806
        ]
      },
      "id": "way/355652840"
    },
    {
      "type": "Feature",
      "properties": {
        "@id": "way/355652841",
        "access:roof": "yes",
        "amenity": "college",
        "building": "yes",
        "building:condition": "good",
        "building:floor": "ceramics",
        "building:levels": "3",
        "building:material": "concrete",
        "building:roof": "tin",
        "building:structure": "reinforced_masonry",
        "building:walls": "brick",
        "capacity:persons": "500",
        "name": "STIMI Samarinda",
        "@geometry": "center"
      },
      "geometry": {
        "type": "Point",
        "coordinates": [
          117.1497006,
          -0.4624706
        ]
      },
      "id": "way/355652841"
    },
    {
      "type": "Feature",
      "properties": {
        "@id": "way/355652842",
        "access:roof": "yes",
        "addr:full": "Jl. M.Yamin",
        "amenity": "college",
        "building:levels": "3",
        "building:roof": "tin",
        "building:structure": "plastered",
        "building:walls": "brick",
        "name": "STIMIK Widya Cipta Dharma",
        "@geometry": "center"
      },
      "geometry": {
        "type": "Point",
        "coordinates": [
          117.1494991,
          -0.4635739
        ]
      },
      "id": "way/355652842"
    },
    {
      "type": "Feature",
      "properties": {
        "@id": "way/355652844",
        "access:roof": "no",
        "addr:full": "JL. WAHID HASYIM GG. KAMPUS BIR",
        "amenity": "school",
        "building": "yes",
        "building:levels": "1",
        "building:roof": "tin",
        "building:structure": "plastered",
        "building:walls": "brick",
        "capacity:persons": "400",
        "name": "PG, TK, SD, SMP AL AZHAR SHIFA BUDI",
        "operator:type": "private",
        "school:type_idn": "SMP/MTs",
        "website": "http://kecsmdutara.samarindakota.go.id/sekolah",
        "@geometry": "center"
      },
      "geometry": {
        "type": "Point",
        "coordinates": [
          117.147745,
          -0.4611376
        ]
      },
      "id": "way/355652844"
    },
    {
      "type": "Feature",
      "properties": {
        "@id": "way/355652943",
        "access:roof": "no",
        "addr:full": "Jl. D.I Panjaitan",
        "amenity": "bank",
        "building": "yes",
        "building:levels": "1",
        "capacity:persons": "3",
        "name": "Kios ATM BNI, BRI, Muamalat",
        "@geometry": "center"
      },
      "geometry": {
        "type": "Point",
        "coordinates": [
          117.184324,
          -0.4619572
        ]
      },
      "id": "way/355652943"
    },
    {
      "type": "Feature",
      "properties": {
        "@id": "way/355652947",
        "addr:full": "Jl. Di Panjaitan Komplek Ruko I Walk Cp 05-06 Citraland City, Samarinda T: (0541) 4100392",
        "amenity": "school",
        "building": "yes",
        "building:levels": "2",
        "capacity:persons": "300",
        "name": "Sekolah Citra Kasih",
        "operator:type": "private",
        "school:type_idn": "TK/Paud",
        "url": "http://www.citrakasih.sch.id/samarinda/",
        "@geometry": "center"
      },
      "geometry": {
        "type": "Point",
        "coordinates": [
          117.1865551,
          -0.458542
        ]
      },
      "id": "way/355652947"
    },
    {
      "type": "Feature",
      "properties": {
        "@id": "way/355652949",
        "access:roof": "yes",
        "addr:full": "Jl. D.I Panjaitan",
        "building": "yes",
        "building:levels": "3",
        "capacity:persons": "1000",
        "name": "Eramart Panjaitan",
        "shop": "supermarket",
        "url": "http://era5000.com/",
        "@geometry": "center"
      },
      "geometry": {
        "type": "Point",
        "coordinates": [
          117.1887514,
          -0.4594656
        ]
      },
      "id": "way/355652949"
    },
    {
      "type": "Feature",
      "properties": {
        "@id": "way/355652951",
        "access:roof": "yes",
        "addr:full": "Jl. D.I Panjaitan",
        "building": "yes",
        "building:levels": "3",
        "capacity:persons": "75",
        "name": "JNE Cabang D.I Panjaitan",
        "office": "government",
        "@geometry": "center"
      },
      "geometry": {
        "type": "Point",
        "coordinates": [
          117.1842457,
          -0.4618209
        ]
      },
      "id": "way/355652951"
    },
    {
      "type": "Feature",
      "properties": {
        "@id": "way/355652955",
        "access:roof": "yes",
        "addr:full": "Jl. D.I Panjaitan",
        "building": "yes",
        "building:levels": "2",
        "capacity:persons": "300",
        "name": "Natasha Mart",
        "shop": "convenience",
        "@geometry": "center"
      },
      "geometry": {
        "type": "Point",
        "coordinates": [
          117.1838705,
          -0.4617638
        ]
      },
      "id": "way/355652955"
    },
    {
      "type": "Feature",
      "properties": {
        "@id": "way/355652957",
        "access:roof": "yes",
        "addr:full": "Jl. D.I Panjaitan No. 77",
        "amenity": "hospital",
        "building:levels": "3",
        "capacity:persons": "100",
        "healthcare": "hospital",
        "name": "RS Bersalin Qurrataayun",
        "operator:type": "private",
        "rooms": "20",
        "website": "https://id.indonesiayp.com/company/541263/Rumah_Sakit_Qurrata_Ayun",
        "@geometry": "center"
      },
      "geometry": {
        "type": "Point",
        "coordinates": [
          117.1832383,
          -0.4622561
        ]
      },
      "id": "way/355652957"
    },
    {
      "type": "Feature",
      "properties": {
        "@id": "way/355652959",
        "access:roof": "no",
        "addr:full": "Perumahan Kesejahteraan D.I Panjaitan",
        "amenity": "school",
        "building": "yes",
        "building:levels": "1",
        "capacity:persons": "50",
        "name": "Yayasan Pendidikan Unggul Jaya 2R",
        "school:type_idn": "Paud & TK",
        "@geometry": "center"
      },
      "geometry": {
        "type": "Point",
        "coordinates": [
          117.1832043,
          -0.4597702
        ]
      },
      "id": "way/355652959"
    },
    {
      "type": "Feature",
      "properties": {
        "@id": "way/355652967",
        "access:roof": "yes",
        "addr:full": "Jl. D.I Panjaitan",
        "building": "yes",
        "building:levels": "3",
        "capacity:persons": "1000",
        "name": "Eramart Panjaitan",
        "shop": "supermarket",
        "url": "http://era5000.com/",
        "@geometry": "center"
      },
      "geometry": {
        "type": "Point",
        "coordinates": [
          117.1888766,
          -0.4600852
        ]
      },
      "id": "way/355652967"
    },
    {
      "type": "Feature",
      "properties": {
        "@id": "way/355654086",
        "access:roof": "yes",
        "addr:full": "Jl. Slamet Riyadi",
        "amenity": "pharmacy",
        "building": "yes",
        "building:levels": "3",
        "building:roof": "tile",
        "building:structure": "reinforced_masonry",
        "building:walls": "brick",
        "capacity:persons": "50",
        "name": "Apotek Sun Medica",
        "rooms": "6",
        "@geometry": "center"
      },
      "geometry": {
        "type": "Point",
        "coordinates": [
          117.116924,
          -0.5124319
        ]
      },
      "id": "way/355654086"
    },
    {
      "type": "Feature",
      "properties": {
        "@id": "way/355654087",
        "access:roof": "no",
        "addr:full": "Jl. Budiman",
        "amenity": "doctors",
        "building:levels": "2",
        "building:roof": "tile",
        "building:structure": "reinforced_masonry",
        "building:walls": "brick",
        "capacity:persons": "40",
        "name": "Bidan Hj. Hartati, S.ST",
        "@geometry": "center"
      },
      "geometry": {
        "type": "Point",
        "coordinates": [
          117.1160008,
          -0.5099643
        ]
      },
      "id": "way/355654087"
    },
    {
      "type": "Feature",
      "properties": {
        "@id": "way/355654088",
        "access:roof": "no",
        "addr:full": "Jl. Slamet Riyadi",
        "amenity": "clinic",
        "building": "yes",
        "building:levels": "2",
        "building:roof": "tile",
        "building:structure": "reinforced_masonry",
        "building:walls": "brick",
        "capacity:persons": "200",
        "healthcare": "clinic",
        "name": "Puskesmas Karang Asam",
        "operator": "Ministry of Health",
        "operator:en": "Ministry of Health",
        "operator:id": "Kementerian Kesehatan",
        "operator:type": "government",
        "operator:wikidata": "Q12490745",
        "rooms": "10",
        "@geometry": "center"
      },
      "geometry": {
        "type": "Point",
        "coordinates": [
          117.1175122,
          -0.5101354
        ]
      },
      "id": "way/355654088"
    },
    {
      "type": "Feature",
      "properties": {
        "@id": "way/355654089",
        "addr:full": "Jl. Slamet Riyadi",
        "amenity": "school",
        "name": "SD Negeri 009 Sungai Kunjang",
        "operator:type": "government",
        "school:type_idn": "sd",
        "url": "http://referensi.data.kemdikbud.go.id/pd_index.php?kode=166004&level=3",
        "@geometry": "center"
      },
      "geometry": {
        "type": "Point",
        "coordinates": [
          117.1169283,
          -0.5118007
        ]
      },
      "id": "way/355654089"
    },
    {
      "type": "Feature",
      "properties": {
        "@id": "way/355654090",
        "addr:full": "Jl. Slamet Riyadi",
        "amenity": "school",
        "name": "SMP & SMA Muhammadiyah 2",
        "school:type_idn": "smp",
        "@geometry": "center"
      },
      "geometry": {
        "type": "Point",
        "coordinates": [
          117.1153407,
          -0.5100766
        ]
      },
      "id": "way/355654090"
    },
    {
      "type": "Feature",
      "properties": {
        "@id": "way/355654395",
        "amenity": "school",
        "name": "Primagama",
        "@geometry": "center"
      },
      "geometry": {
        "type": "Point",
        "coordinates": [
          117.1523634,
          -0.4552509
        ]
      },
      "id": "way/355654395"
    },
    {
      "type": "Feature",
      "properties": {
        "@id": "way/355654396",
        "amenity": "police",
        "name": "Samsat",
        "@geometry": "center"
      },
      "geometry": {
        "type": "Point",
        "coordinates": [
          117.152144,
          -0.4571154
        ]
      },
      "id": "way/355654396"
    },
    {
      "type": "Feature",
      "properties": {
        "@id": "way/355655475",
        "amenity": "bus_station",
        "landuse": "brownfield",
        "name": "Terminal Lempake",
        "@geometry": "center"
      },
      "geometry": {
        "type": "Point",
        "coordinates": [
          117.1915111,
          -0.4549477
        ]
      },
      "id": "way/355655475"
    },
    {
      "type": "Feature",
      "properties": {
        "@id": "way/355655476",
        "addr:full": "Jl. Panjaitan",
        "amenity": "clinic",
        "building": "yes",
        "building:levels": "1",
        "capacity:persons": "10",
        "name": "Puskesmas Lempake",
        "rooms": "1",
        "website": "http://kecsmdutara.samarindakota.go.id/puskesmas",
        "@geometry": "center"
      },
      "geometry": {
        "type": "Point",
        "coordinates": [
          117.1902187,
          -0.4545607
        ]
      },
      "id": "way/355655476"
    },
    {
      "type": "Feature",
      "properties": {
        "@id": "way/355655477",
        "access:roof": "no",
        "addr:full": "Jl. D.I Panjaitan",
        "amenity": "school",
        "building": "yes",
        "building:levels": "3",
        "building:roof": "tile",
        "building:structure": "reinforced_masonry",
        "building:walls": "brick",
        "capacity:persons": "1000",
        "name": "Yayasan Bunga Bangsa Kecamatan Sungai Pinang",
        "operator:type": "private",
        "school:type_idn": "SD",
        "url": "www.yayasanbungabangsa.org",
        "@geometry": "center"
      },
      "geometry": {
        "type": "Point",
        "coordinates": [
          117.1909571,
          -0.4572213
        ]
      },
      "id": "way/355655477"
    },
    {
      "type": "Feature",
      "properties": {
        "@id": "way/355665485",
        "access:roof": "no",
        "addr:full": "Jalan Mugirejo",
        "admin_level": "7",
        "building": "yes",
        "building:levels": "1",
        "building:roof": "tile",
        "building:structure": "reinforced_masonry",
        "building:walls": "brick",
        "capacity:persons": "50",
        "name": "Kelurahan Mugirejo",
        "office": "government",
        "@geometry": "center"
      },
      "geometry": {
        "type": "Point",
        "coordinates": [
          117.1902475,
          -0.4645645
        ]
      },
      "id": "way/355665485"
    },
    {
      "type": "Feature",
      "properties": {
        "@id": "way/355665695",
        "access:roof": "no",
        "addr:full": "JL.Cendana",
        "amenity": "clinic",
        "building": "yes",
        "building:levels": "1",
        "building:roof": "tile",
        "building:structure": "reinforced_masonry",
        "building:walls": "brick",
        "capacity:persons": "20",
        "name": "Klinik Islamic Center UGD",
        "rooms": "4",
        "@geometry": "center"
      },
      "geometry": {
        "type": "Point",
        "coordinates": [
          117.1186772,
          -0.5014038
        ]
      },
      "id": "way/355665695"
    },
    {
      "type": "Feature",
      "properties": {
        "@id": "way/355665696",
        "access:roof": "yes",
        "addr:full": "JL.Ulin",
        "amenity": "marketplace",
        "building": "yes",
        "building:levels": "2",
        "building:roof": "tin",
        "building:structure": "reinforced_masonry",
        "building:walls": "brick",
        "capacity:persons": "461",
        "name": "Pasar Kedondong",
        "website": "https://kaltim.tribunnews.com/2013/12/30/pasar-kedondong-samarinda-diresmikan-januari",
        "@geometry": "center"
      },
      "geometry": {
        "type": "Point",
        "coordinates": [
          117.1170182,
          -0.5081402
        ]
      },
      "id": "way/355665696"
    },
    {
      "type": "Feature",
      "properties": {
        "@id": "way/355665697",
        "access:roof": "no",
        "addr:full": "JL.Ulin",
        "amenity": "school",
        "building": "yes",
        "building:levels": "1",
        "building:roof": "tin",
        "building:structure": "plastered",
        "building:walls": "brick",
        "capacity:persons": "800",
        "name": "SD Negeri 008 Sungai Kunjang",
        "operator:type": "government",
        "school:type_idn": "sd",
        "url": "http://referensi.data.kemdikbud.go.id/pd_index.php?kode=166004&level=3",
        "@geometry": "center"
      },
      "geometry": {
        "type": "Point",
        "coordinates": [
          117.1155319,
          -0.5057229
        ]
      },
      "id": "way/355665697"
    },
    {
      "type": "Feature",
      "properties": {
        "@id": "way/355665698",
        "access:roof": "yes",
        "addr:full": "JL.Meranti",
        "amenity": "school",
        "building": "yes",
        "building:levels": "2",
        "building:roof": "tin",
        "building:structure": "plastered",
        "building:walls": "brick",
        "capacity:persons": "903",
        "name": "SD Negeri 021 Sungai Kunjang",
        "operator:type": "government",
        "school:type_idn": "sd",
        "url": "http://referensi.data.kemdikbud.go.id/pd_index.php?kode=166004&level=3",
        "@geometry": "center"
      },
      "geometry": {
        "type": "Point",
        "coordinates": [
          117.1195164,
          -0.5047708
        ]
      },
      "id": "way/355665698"
    },
    {
      "type": "Feature",
      "properties": {
        "@id": "way/355665700",
        "access:roof": "yes",
        "addr:full": "JL.Ulin Gang 5",
        "amenity": "school",
        "building": "yes",
        "building:levels": "2",
        "building:roof": "tin",
        "building:structure": "plastered",
        "building:walls": "brick",
        "capacity:persons": "375",
        "name": "TK, MI, MTS AL-Muna",
        "school:type_idn": "TK, SD, SMP",
        "@geometry": "center"
      },
      "geometry": {
        "type": "Point",
        "coordinates": [
          117.115459,
          -0.5063756
        ]
      },
      "id": "way/355665700"
    },
    {
      "type": "Feature",
      "properties": {
        "@id": "way/355665735",
        "Commercial": "Toko Kelontong",
        "access:roof": "no",
        "addr:city": "Samarinda",
        "addr:postcode": "75123",
        "addr:street": "Mohammad Yamin",
        "building": "yes",
        "building:levels": "2",
        "building:roof": "tin",
        "building:structure": "reinforced_masonry",
        "building:walls": "brick",
        "capacity:persons": "500",
        "name": "HayyuMart",
        "shop": "convenience",
        "@geometry": "center"
      },
      "geometry": {
        "type": "Point",
        "coordinates": [
          117.1488583,
          -0.4653839
        ]
      },
      "id": "way/355665735"
    },
    {
      "type": "Feature",
      "properties": {
        "@id": "way/355665737",
        "access:roof": "no",
        "amenity": "school",
        "building": "yes",
        "building:levels": "1",
        "building:roof": "tin",
        "building:structure": "reinforced_masonry",
        "building:walls": "brick",
        "capacity:persons": "200",
        "name": "PG Dan TK Islam Silmi",
        "school:type_idn": "Taman Kanak-Kanak",
        "@geometry": "center"
      },
      "geometry": {
        "type": "Point",
        "coordinates": [
          117.1522966,
          -0.4542562
        ]
      },
      "id": "way/355665737"
    },
    {
      "type": "Feature",
      "properties": {
        "@id": "way/355665738",
        "access:roof": "no",
        "amenity": "school",
        "building": "yes",
        "building:levels": "1",
        "building:roof": "tin",
        "building:structure": "reinforced_masonry",
        "building:walls": "brick",
        "capacity:persons": "200",
        "name": "Yayasan Bitama",
        "school:type_idn": "Taman Kanak-Kanak",
        "@geometry": "center"
      },
      "geometry": {
        "type": "Point",
        "coordinates": [
          117.1515373,
          -0.4541637
        ]
      },
      "id": "way/355665738"
    },
    {
      "type": "Feature",
      "properties": {
        "@id": "way/355847381",
        "amenity": "cafe",
        "building": "yes",
        "@geometry": "center"
      },
      "geometry": {
        "type": "Point",
        "coordinates": [
          117.1173779,
          -0.519872
        ]
      },
      "id": "way/355847381"
    },
    {
      "type": "Feature",
      "properties": {
        "@id": "way/355856253",
        "addr:full": "Jl. D.I Panjaitan",
        "amenity": "townhall",
        "building": "yes",
        "building:levels": "2",
        "capacity:persons": "150",
        "name": "LDCC",
        "@geometry": "center"
      },
      "geometry": {
        "type": "Point",
        "coordinates": [
          117.1729674,
          -0.4641196
        ]
      },
      "id": "way/355856253"
    },
    {
      "type": "Feature",
      "properties": {
        "@id": "way/355858241",
        "addr:full": "Jl. KH. WAHID HASYIM No. 76",
        "amenity": "school",
        "capacity:persons": "400",
        "name": "SMK Negeri 3 Samarinda",
        "operator:type": "government",
        "school:type_idn": "SMK",
        "website": "https://referensi.data.kemdikbud.go.id/tabs.php?npsn=30401080",
        "@geometry": "center"
      },
      "geometry": {
        "type": "Point",
        "coordinates": [
          117.148678,
          -0.4600634
        ]
      },
      "id": "way/355858241"
    },
    {
      "type": "Feature",
      "properties": {
        "@id": "way/355858242",
        "addr:full": "Jl. KH. WAHID HASYIM No. 75",
        "amenity": "school",
        "building": "yes",
        "building:levels": "2",
        "capacity:persons": "300",
        "name": "SMK Negeri 5 Samarinda",
        "operator:type": "government",
        "school:type_idn": "SMK",
        "url": "http://www.smkn5samarinda.sch.id/",
        "website": "https://referensi.data.kemdikbud.go.id/tabs.php?npsn=30401071",
        "@geometry": "center"
      },
      "geometry": {
        "type": "Point",
        "coordinates": [
          117.1490203,
          -0.4605727
        ]
      },
      "id": "way/355858242"
    },
    {
      "type": "Feature",
      "properties": {
        "@id": "way/355858298",
        "addr:full": "Jl. K.H. Wahid Hasyim",
        "amenity": "clinic",
        "building": "yes",
        "building:levels": "2",
        "capacity:persons": "50",
        "healthcare": "clinic",
        "name": "Klinik Metta Medika",
        "website": "http://telpon.info/apotik/samarinda/meta-medika/29553.html",
        "@geometry": "center"
      },
      "geometry": {
        "type": "Point",
        "coordinates": [
          117.1500625,
          -0.4596118
        ]
      },
      "id": "way/355858298"
    },
    {
      "type": "Feature",
      "properties": {
        "@id": "way/355859554",
        "access:roof": "no",
        "amenity": "school",
        "building": "yes",
        "building:levels": "1",
        "building:roof": "tile",
        "building:structure": "reinforced_masonry",
        "building:walls": "brick",
        "capacity:persons": "150",
        "name": "SD Negeri 003 Palaran",
        "school:type_idn": "SD",
        "short_name": "SDN 003 Palaran",
        "@geometry": "center"
      },
      "geometry": {
        "type": "Point",
        "coordinates": [
          117.1791372,
          -0.5671478
        ]
      },
      "id": "way/355859554"
    },
    {
      "type": "Feature",
      "properties": {
        "@id": "way/355859569",
        "addr:full": "Jl. P. Antasari",
        "amenity": "school",
        "building": "yes",
        "building:levels": "2",
        "capacity:persons": "1200",
        "name": "SD Negeri 016 Sungai Kunjang",
        "operator:type": "government",
        "school:type_idn": "SD/MI",
        "url": "http://referensi.data.kemdikbud.go.id/pd_index.php?kode=166004&level=3",
        "@geometry": "center"
      },
      "geometry": {
        "type": "Point",
        "coordinates": [
          117.1269942,
          -0.4977368
        ]
      },
      "id": "way/355859569"
    },
    {
      "type": "Feature",
      "properties": {
        "@id": "way/355859575",
        "addr:full": "Jl. P. Antasari",
        "building": "yes",
        "building:levels": "3",
        "capacity:persons": "200",
        "name": "Long Surya",
        "opening_hours": "Mo-Fr 08:30-20:00, Tu-Su 08:00-15:00; Sa 08:00-12:00",
        "shop": "convenience",
        "@geometry": "center"
      },
      "geometry": {
        "type": "Point",
        "coordinates": [
          117.1270764,
          -0.4982764
        ]
      },
      "id": "way/355859575"
    },
    {
      "type": "Feature",
      "properties": {
        "@id": "way/355861855",
        "addr:full": "Jl. Siti Aisyah",
        "amenity": "school",
        "building": "yes",
        "building:levels": "2",
        "capacity:persons": "500",
        "name": "Pondok Pesantren Darul Ihsan",
        "operator:type": "private",
        "school:type_idn": "Pesantren",
        "website": "http://telpon.info/pondok-pesantren/samarinda/",
        "@geometry": "center"
      },
      "geometry": {
        "type": "Point",
        "coordinates": [
          117.1349657,
          -0.4941863
        ]
      },
      "id": "way/355861855"
    },
    {
      "type": "Feature",
      "properties": {
        "@id": "way/355867440",
        "addr:full": "Jl. Pangeran M. Noor, Sempaja PO Box 1832 Samarinda 75119 - Kalimantan Timur",
        "admin_level": "4",
        "building": "yes",
        "building:levels": "1",
        "government": "administrative",
        "name": "Balai Pengkajian Teknologi Pertanian Kaltim",
        "office": "government",
        "url": "http://kaltim.litbang.pertanian.go.id/ind/",
        "website": "http://www.litbang.pertanian.go.id/unker/one/1283/",
        "@geometry": "center"
      },
      "geometry": {
        "type": "Point",
        "coordinates": [
          117.1587332,
          -0.4504156
        ]
      },
      "id": "way/355867440"
    },
    {
      "type": "Feature",
      "properties": {
        "@id": "way/355867456",
        "addr:full": "Jl. Pangeran M. Noor No. 2 Sempaja, Samarinda 75119",
        "admin_level": "4",
        "building": "yes",
        "building:levels": "1",
        "government": "administrative",
        "name": "Badan Karantina Pertanian Samarinda",
        "office": "government",
        "url": "skpsamarinda.org",
        "website": "https://www.pertanian.go.id/upt/alamt%20upt%20per%20provinsi/ALAMAT%20UPT/23.html",
        "@geometry": "center"
      },
      "geometry": {
        "type": "Point",
        "coordinates": [
          117.1591302,
          -0.4503809
        ]
      },
      "id": "way/355867456"
    },
    {
      "type": "Feature",
      "properties": {
        "@id": "way/355867477",
        "addr:full": "Jl. Pangeran M. Noor, Sempaja PO Box 1832 Samarinda 75119 - Kalimantan Timur",
        "admin_level": "4",
        "building": "yes",
        "building:levels": "1",
        "government": "administrative",
        "name": "Balai Pengkajian Teknologi Pertanian Kaltim",
        "office": "government",
        "url": "http://kaltim.litbang.pertanian.go.id/ind/",
        "website": "http://www.litbang.pertanian.go.id/unker/one/1283/",
        "@geometry": "center"
      },
      "geometry": {
        "type": "Point",
        "coordinates": [
          117.1583676,
          -0.4504087
        ]
      },
      "id": "way/355867477"
    },
    {
      "type": "Feature",
      "properties": {
        "@id": "way/355867502",
        "addr:full": "Jl. Pangeran M. Noor, Sempaja PO Box 1832 Samarinda 75119 - Kalimantan Timur",
        "admin_level": "4",
        "building": "yes",
        "building:levels": "2",
        "government": "administrative",
        "name": "Balai Pengkajian Teknologi Pertanian Kaltim",
        "office": "government",
        "url": "http://kaltim.litbang.pertanian.go.id/ind/",
        "website": "http://www.litbang.pertanian.go.id/unker/one/1283/",
        "@geometry": "center"
      },
      "geometry": {
        "type": "Point",
        "coordinates": [
          117.1585673,
          -0.4504004
        ]
      },
      "id": "way/355867502"
    },
    {
      "type": "Feature",
      "properties": {
        "@id": "way/355867511",
        "addr:full": "Jl. Pangeran M. Noor, Sempaja PO Box 1832 Samarinda 75119 - Kalimantan Timur",
        "admin_level": "4",
        "building": "yes",
        "building:levels": "1",
        "government": "administrative",
        "name": "Balai Pengkajian Teknologi Pertanian Kaltim",
        "office": "government",
        "url": "http://kaltim.litbang.pertanian.go.id/ind/",
        "website": "http://www.litbang.pertanian.go.id/unker/one/1283/",
        "@geometry": "center"
      },
      "geometry": {
        "type": "Point",
        "coordinates": [
          117.1584146,
          -0.4502444
        ]
      },
      "id": "way/355867511"
    },
    {
      "type": "Feature",
      "properties": {
        "@id": "way/355880793",
        "addr:full": "Jl. Pangeran M. Noor No. 2 Sempaja, Samarinda 75119",
        "admin_level": "4",
        "building": "yes",
        "building:levels": "1",
        "government": "administrative",
        "name": "Badan Karantina Pertanian Samarinda",
        "office": "government",
        "url": "skpsamarinda.org",
        "website": "https://www.pertanian.go.id/upt/alamt%20upt%20per%20provinsi/ALAMAT%20UPT/23.html",
        "@geometry": "center"
      },
      "geometry": {
        "type": "Point",
        "coordinates": [
          117.1591771,
          -0.450535
        ]
      },
      "id": "way/355880793"
    },
    {
      "type": "Feature",
      "properties": {
        "@id": "way/355880798",
        "addr:full": "Jl. Pangeran M. Noor No. 2 Sempaja, Samarinda 75119",
        "admin_level": "4",
        "building": "yes",
        "building:levels": "1",
        "government": "administrative",
        "name": "Badan Karantina Pertanian Samarinda",
        "office": "government",
        "url": "skpsamarinda.org",
        "website": "https://www.pertanian.go.id/upt/alamt%20upt%20per%20provinsi/ALAMAT%20UPT/23.html",
        "@geometry": "center"
      },
      "geometry": {
        "type": "Point",
        "coordinates": [
          117.1590753,
          -0.4506545
        ]
      },
      "id": "way/355880798"
    },
    {
      "type": "Feature",
      "properties": {
        "@id": "way/355880826",
        "addr:full": "Jl. Pangeran M. Noor No. 2 Sempaja, Samarinda 75119",
        "admin_level": "4",
        "building": "yes",
        "building:levels": "1",
        "government": "administrative",
        "name": "Badan Karantina Pertanian Samarinda",
        "office": "government",
        "url": "skpsamarinda.org",
        "website": "https://www.pertanian.go.id/upt/alamt%20upt%20per%20provinsi/ALAMAT%20UPT/23.html",
        "@geometry": "center"
      },
      "geometry": {
        "type": "Point",
        "coordinates": [
          117.159161,
          -0.4506172
        ]
      },
      "id": "way/355880826"
    },
    {
      "type": "Feature",
      "properties": {
        "@id": "way/355881117",
        "access:roof": "no",
        "amenity": "police",
        "building": "yes",
        "building:levels": "1",
        "building:roof": "tile",
        "building:structure": "reinforced_masonry",
        "building:walls": "brick",
        "capacity:persons": "100",
        "name": "Polres Palaran",
        "@geometry": "center"
      },
      "geometry": {
        "type": "Point",
        "coordinates": [
          117.1804659,
          -0.567519
        ]
      },
      "id": "way/355881117"
    },
    {
      "type": "Feature",
      "properties": {
        "@id": "way/355881119",
        "access:roof": "no",
        "amenity": "clinic",
        "building": "yes",
        "building:levels": "1",
        "building:roof": "tile",
        "building:structure": "reinforced_masonry",
        "building:walls": "brick",
        "capacity:persons": "100",
        "healthcare": "clinic",
        "name": "Puskesmas Palaran",
        "operator": "Ministry of Health",
        "operator:en": "Ministry of Health",
        "operator:id": "Kementerian Kesehatan",
        "operator:wikidata": "Q12490745",
        "operator:wikipedia": "id:Kementerian Kesehatan Republik Indonesia",
        "@geometry": "center"
      },
      "geometry": {
        "type": "Point",
        "coordinates": [
          117.1807168,
          -0.5672621
        ]
      },
      "id": "way/355881119"
    },
    {
      "type": "Feature",
      "properties": {
        "@id": "way/355881563",
        "Commercial": "Pasar",
        "access:roof": "no",
        "addr:full": "jl.otto iskandar dinatta",
        "amenity": "marketplace",
        "building": "yes",
        "building:levels": "1",
        "building:roof": "tin",
        "building:structure": "plastered",
        "building:walls": "wood",
        "name": "pasar sungai dama lama",
        "@geometry": "center"
      },
      "geometry": {
        "type": "Point",
        "coordinates": [
          117.1598589,
          -0.502924
        ]
      },
      "id": "way/355881563"
    },
    {
      "type": "Feature",
      "properties": {
        "@id": "way/355885057",
        "addr:full": "JL KH WAHID HASYIM NO 1 BLOK B6 SEMPAJA",
        "amenity": "bank",
        "building": "yes",
        "building:levels": "3",
        "capacity:persons": "300",
        "name": "Bank BPD Kaltim",
        "website": "http://www.daftarperusahaan.com/bank/bank-bpd-kcp-sempaja , http://www.alamat-sekolah.com/311/85/12/bank-mandiri-kcp-sempaja-kalimantan-timur.htm",
        "@geometry": "center"
      },
      "geometry": {
        "type": "Point",
        "coordinates": [
          117.1528933,
          -0.4540954
        ]
      },
      "id": "way/355885057"
    },
    {
      "type": "Feature",
      "properties": {
        "@id": "way/355893442",
        "amenity": "pharmacy",
        "name": "Apotek 99",
        "opening_hours": "Mo-Su 08:00-18:00; Apr 10-15 off; Jun 08:00-14:00; Aug off; Dec 25 off",
        "wheelchair": "yes",
        "@geometry": "center"
      },
      "geometry": {
        "type": "Point",
        "coordinates": [
          117.1528305,
          -0.5001553
        ]
      },
      "id": "way/355893442"
    },
    {
      "type": "Feature",
      "properties": {
        "@id": "way/355893443",
        "amenity": "pharmacy",
        "building": "yes",
        "name": "Apotek Aman",
        "opening_hours": "Mo-Su 08:00-18:00; Apr 10-15 off; Jun 08:00-14:00; Aug off; Dec 25 off",
        "wheelchair": "no",
        "@geometry": "center"
      },
      "geometry": {
        "type": "Point",
        "coordinates": [
          117.1522512,
          -0.500763
        ]
      },
      "id": "way/355893443"
    },
    {
      "type": "Feature",
      "properties": {
        "@id": "way/355893444",
        "access:roof": "no",
        "addr:full": "jl. imam bonjol",
        "amenity": "school",
        "building": "yes",
        "building:levels": "2",
        "building:roof": "tile",
        "building:structure": "unreinforced_masonry",
        "building:walls": "brick",
        "capacity:persons": "400",
        "name": "SD Negeri 010 Samarinda Kota",
        "old_name": "SDN 006 Samarinda Ilir",
        "operator:type": "government",
        "school:type_idn": "SD/MI",
        "short_name": "SDN 010 Samarinda Kota",
        "url": "http://referensi.data.kemdikbud.go.id/tabs.php?npsn=30401187",
        "@geometry": "center"
      },
      "geometry": {
        "type": "Point",
        "coordinates": [
          117.1527088,
          -0.5007205
        ]
      },
      "id": "way/355893444"
    },
    {
      "type": "Feature",
      "properties": {
        "@id": "way/355898018",
        "addr:full": "Jl. P. Antasari",
        "amenity": "pharmacy",
        "building": "yes",
        "building:levels": "1",
        "capacity:persons": "10",
        "healthcare": "pharmacy",
        "height": "4",
        "name": "Apotek Vita Farma",
        "rooms": "2",
        "@geometry": "center"
      },
      "geometry": {
        "type": "Point",
        "coordinates": [
          117.1264219,
          -0.4973413
        ]
      },
      "id": "way/355898018"
    },
    {
      "type": "Feature",
      "properties": {
        "@id": "way/355898043",
        "addr:full": "Jl. Bengkuring Raya Kelurahan Sempaja Selatan",
        "amenity": "bank",
        "building": "yes",
        "building:levels": "2",
        "capacity:persons": "100",
        "name": "Bankaltim Cabang Bengkuring",
        "@geometry": "center"
      },
      "geometry": {
        "type": "Point",
        "coordinates": [
          117.1584475,
          -0.4301822
        ]
      },
      "id": "way/355898043"
    },
    {
      "type": "Feature",
      "properties": {
        "@id": "way/355898070",
        "addr:full": "JL. PADAT KARYA PERUM PUSPITA BENGKURING",
        "amenity": "school",
        "building": "yes",
        "building:levels": "1",
        "capacity:persons": "100",
        "name": "TK Insan Cita Madani",
        "operator:type": "private",
        "school:type_idn": "TK/Paud",
        "website": "http://kecsmdutara.samarindakota.go.id/sekolah",
        "@geometry": "center"
      },
      "geometry": {
        "type": "Point",
        "coordinates": [
          117.1591418,
          -0.4320802
        ]
      },
      "id": "way/355898070"
    },
    {
      "type": "Feature",
      "properties": {
        "@id": "way/355898193",
        "addr:full": "Jl. PERUMNAS BENGKURING",
        "amenity": "pharmacy",
        "building": "yes",
        "building:levels": "2",
        "capacity:persons": "50",
        "name": "Klinik & Apotik Cahaya Husada",
        "@geometry": "center"
      },
      "geometry": {
        "type": "Point",
        "coordinates": [
          117.1612797,
          -0.4289889
        ]
      },
      "id": "way/355898193"
    },
    {
      "type": "Feature",
      "properties": {
        "@id": "way/355898731",
        "addr:full": "JL. SAWI 2 NO. 111 RT.70",
        "amenity": "school",
        "building": "yes",
        "building:levels": "1",
        "capacity:persons": "50",
        "name": "PAUD Bintang Bunda",
        "operator:type": "private",
        "school:type_idn": "TK/Paud",
        "website": "https://referensi.data.kemdikbud.go.id/tabs.php?npsn=30409903",
        "@geometry": "center"
      },
      "geometry": {
        "type": "Point",
        "coordinates": [
          117.1611585,
          -0.4286893
        ]
      },
      "id": "way/355898731"
    },
    {
      "type": "Feature",
      "properties": {
        "@id": "way/355904043",
        "addr:full": "Jl. Rapak Indah",
        "amenity": "pharmacy",
        "building": "yes",
        "building:levels": "3",
        "capacity:persons": "50",
        "name": "Apotek Darul Hayyi",
        "@geometry": "center"
      },
      "geometry": {
        "type": "Point",
        "coordinates": [
          117.1095278,
          -0.5045962
        ]
      },
      "id": "way/355904043"
    },
    {
      "type": "Feature",
      "properties": {
        "@id": "way/355904077",
        "addr:full": "Jl. Rapak Indah",
        "amenity": "cafe",
        "building": "yes",
        "building:levels": "1",
        "capacity:persons": "40",
        "name": "Strawberry Cake",
        "@geometry": "center"
      },
      "geometry": {
        "type": "Point",
        "coordinates": [
          117.1077122,
          -0.5033412
        ]
      },
      "id": "way/355904077"
    },
    {
      "type": "Feature",
      "properties": {
        "@id": "way/355904116",
        "addr:full": "Jl. Padat Karya Kel.Sempaja",
        "amenity": "doctors",
        "building": "yes",
        "building:levels": "3",
        "capacity:persons": "300",
        "name": "Klinik Dokter Wilsa",
        "website": "https://www.yakkap.or.id/web/list_facility",
        "@geometry": "center"
      },
      "geometry": {
        "type": "Point",
        "coordinates": [
          117.153427,
          -0.4392223
        ]
      },
      "id": "way/355904116"
    },
    {
      "type": "Feature",
      "properties": {
        "@id": "way/355904213",
        "addr:full": "Jl. Sam Ratulangi",
        "amenity": "school",
        "building": "yes",
        "building:levels": "1",
        "capacity:persons": "40",
        "name": "SLB Untung Tuah",
        "operator:type": "private",
        "school:type_idn": "SD/MI",
        "website": "https://www.sapos.co.id/index.php/berita/detail/Rubrik/22/9532",
        "wheelchair": "no",
        "@geometry": "center"
      },
      "geometry": {
        "type": "Point",
        "coordinates": [
          117.1230914,
          -0.535455
        ]
      },
      "id": "way/355904213"
    },
    {
      "type": "Feature",
      "properties": {
        "@id": "way/355904633",
        "addr:full": "Jl. Kusuma Bangsa",
        "building": "yes",
        "building:levels": "2",
        "government": "administrative",
        "name": "Dinas Perhubungan Prov Kalimantan Timur",
        "office": "government",
        "website": "https://dishub.kaltimprov.go.id/",
        "@geometry": "center"
      },
      "geometry": {
        "type": "Point",
        "coordinates": [
          117.1513582,
          -0.4920647
        ]
      },
      "id": "way/355904633"
    },
    {
      "type": "Feature",
      "properties": {
        "@id": "way/355904634",
        "addr:full": "Jl. Kusuma Bangsa",
        "building": "yes",
        "building:levels": "2",
        "government": "administrative",
        "name": "Dinas Perhubungan Prov Kalimantan Timur",
        "office": "government",
        "url": "www.bappedakaltim.com",
        "website": "https://dishub.kaltimprov.go.id/",
        "@geometry": "center"
      },
      "geometry": {
        "type": "Point",
        "coordinates": [
          117.1509281,
          -0.4921559
        ]
      },
      "id": "way/355904634"
    },
    {
      "type": "Feature",
      "properties": {
        "@id": "way/355904635",
        "addr:full": "Jl. Kusuma Bangsa",
        "building": "yes",
        "building:levels": "2",
        "government": "administrative",
        "name": "Dinas Perhubungan Prov Kalimantan Timur",
        "office": "government",
        "url": "http://dishub.kaltimprov.go.id/",
        "website": "https://dishub.kaltimprov.go.id/",
        "@geometry": "center"
      },
      "geometry": {
        "type": "Point",
        "coordinates": [
          117.1512757,
          -0.4924246
        ]
      },
      "id": "way/355904635"
    },
    {
      "type": "Feature",
      "properties": {
        "@id": "way/355928160",
        "leisure": "park",
        "name": "Taman FAHUTAN",
        "@geometry": "center"
      },
      "geometry": {
        "type": "Point",
        "coordinates": [
          117.153599,
          -0.4718817
        ]
      },
      "id": "way/355928160"
    },
    {
      "type": "Feature",
      "properties": {
        "@id": "way/355928554",
        "access:roof": "yes",
        "addr:full": "Gang Muchlis",
        "amenity": "school",
        "building": "yes",
        "building:levels": "3",
        "building:roof": "tile",
        "building:structure": "reinforced_masonry",
        "building:walls": "brick",
        "capacity:persons": "500",
        "name": "SMP Islam Terpadu Madina Boarding School",
        "operator:type": "private",
        "school:type_idn": "SMP/MTs",
        "url": "http://www.madinaboardingschool.sch.id/index.php?pilih=hal&id=43",
        "@geometry": "center"
      },
      "geometry": {
        "type": "Point",
        "coordinates": [
          117.1948164,
          -0.4667655
        ]
      },
      "id": "way/355928554"
    },
    {
      "type": "Feature",
      "properties": {
        "@id": "way/355929422",
        "addr:full": "JL. WAHID HASYIM GG. KAMPUS BIR",
        "amenity": "school",
        "building": "yes",
        "building:levels": "1",
        "capacity:persons": "400",
        "name": "PG, TK, SD, SMP AL AZHAR SHIFA BUDI",
        "operator:type": "private",
        "school:type_idn": "SMP/MTs",
        "website": "http://kecsmdutara.samarindakota.go.id/sekolah",
        "@geometry": "center"
      },
      "geometry": {
        "type": "Point",
        "coordinates": [
          117.1474669,
          -0.4614397
        ]
      },
      "id": "way/355929422"
    },
    {
      "type": "Feature",
      "properties": {
        "@id": "way/355929443",
        "addr:full": "Jl. Suwandi, Blok.C RT.23 Samarinda",
        "amenity": "university",
        "building": "yes",
        "building:levels": "2",
        "capacity:persons": "800",
        "name": "IKIP PGRI Kaltim",
        "operator:type": "private",
        "url": "http://www.ikippgrikaltim.ac.id/",
        "@geometry": "center"
      },
      "geometry": {
        "type": "Point",
        "coordinates": [
          117.14786,
          -0.4621737
        ]
      },
      "id": "way/355929443"
    },
    {
      "type": "Feature",
      "properties": {
        "@id": "way/355929456",
        "access:roof": "no",
        "addr:full": "JL. WAHID HASYIM GG. KAMPUS BIR",
        "amenity": "school",
        "building": "yes",
        "building:levels": "1",
        "building:roof": "tin",
        "building:structure": "plastered",
        "building:walls": "brick",
        "capacity:persons": "400",
        "name": "PG, TK, SD, SMP AL AZHAR SHIFA BUDI",
        "operator:type": "private",
        "school:type_idn": "SMP/MTs",
        "website": "http://kecsmdutara.samarindakota.go.id/sekolah",
        "@geometry": "center"
      },
      "geometry": {
        "type": "Point",
        "coordinates": [
          117.1470442,
          -0.46153
        ]
      },
      "id": "way/355929456"
    },
    {
      "type": "Feature",
      "properties": {
        "@id": "way/355929468",
        "addr:full": "Jl. Suwandi, Blok.C RT.23 Samarinda",
        "amenity": "university",
        "building": "yes",
        "building:levels": "2",
        "capacity:persons": "800",
        "name": "IKIP PGRI Kaltim",
        "operator:type": "private",
        "url": "http://www.ikippgrikaltim.ac.id/",
        "@geometry": "center"
      },
      "geometry": {
        "type": "Point",
        "coordinates": [
          117.1480441,
          -0.4625552
        ]
      },
      "id": "way/355929468"
    },
    {
      "type": "Feature",
      "properties": {
        "@id": "way/355929480",
        "addr:full": "Jl. Suwandi, Blok.C RT.23 Samarinda",
        "amenity": "university",
        "building": "yes",
        "building:levels": "2",
        "capacity:persons": "800",
        "name": "IKIP PGRI Kaltim",
        "operator:type": "private",
        "url": "http://www.ikippgrikaltim.ac.id/",
        "@geometry": "center"
      },
      "geometry": {
        "type": "Point",
        "coordinates": [
          117.1474843,
          -0.4623215
        ]
      },
      "id": "way/355929480"
    },
    {
      "type": "Feature",
      "properties": {
        "@id": "way/355931044",
        "addr:street": "Jl. Pangeran Suryanata",
        "amenity": "marketplace",
        "building": "yes",
        "name": "Pasar Graha Indah",
        "@geometry": "center"
      },
      "geometry": {
        "type": "Point",
        "coordinates": [
          117.1214205,
          -0.4770628
        ]
      },
      "id": "way/355931044"
    },
    {
      "type": "Feature",
      "properties": {
        "@id": "way/355931652",
        "addr:full": "Jl. Teuku Umar",
        "building": "yes",
        "building:levels": "4",
        "capacity:persons": "1000",
        "name": "The Concepts Boutique",
        "shop": "supermarket",
        "@geometry": "center"
      },
      "geometry": {
        "type": "Point",
        "coordinates": [
          117.1121887,
          -0.5024728
        ]
      },
      "id": "way/355931652"
    },
    {
      "type": "Feature",
      "properties": {
        "@id": "way/355932480",
        "addr:full": "Jl. Batu Cermin Gg. SMPN 27",
        "amenity": "school",
        "building": "yes",
        "building:levels": "1",
        "capacity:persons": "400",
        "name": "SMP Negeri 27 Samarinda",
        "operator:type": "government",
        "school:type_idn": "SMP/MTs",
        "website": "https://referensi.data.kemdikbud.go.id/tabs.php?npsn=30401043",
        "@geometry": "center"
      },
      "geometry": {
        "type": "Point",
        "coordinates": [
          117.1437457,
          -0.439178
        ]
      },
      "id": "way/355932480"
    },
    {
      "type": "Feature",
      "properties": {
        "@id": "way/355932486",
        "addr:full": "Jl. Batu Cermin Gg. SMPN 27",
        "amenity": "school",
        "building": "yes",
        "building:levels": "1",
        "capacity:persons": "400",
        "name": "SMP Negeri 27 Samarinda",
        "operator:type": "government",
        "school:type_idn": "SMP/MTs",
        "website": "https://referensi.data.kemdikbud.go.id/tabs.php?npsn=30401043",
        "@geometry": "center"
      },
      "geometry": {
        "type": "Point",
        "coordinates": [
          117.1435762,
          -0.4393777
        ]
      },
      "id": "way/355932486"
    },
    {
      "type": "Feature",
      "properties": {
        "@id": "way/355932511",
        "addr:full": "Jl. Batu Cermin Gg. SMPN 27",
        "amenity": "school",
        "building": "yes",
        "building:levels": "1",
        "capacity:persons": "400",
        "name": "SMP Negeri 27 Samarinda",
        "operator:type": "government",
        "school:type_idn": "SMP/MTs",
        "website": "https://referensi.data.kemdikbud.go.id/tabs.php?npsn=30401043",
        "@geometry": "center"
      },
      "geometry": {
        "type": "Point",
        "coordinates": [
          117.1438449,
          -0.4395649
        ]
      },
      "id": "way/355932511"
    },
    {
      "type": "Feature",
      "properties": {
        "@id": "way/355932592",
        "addr:full": "Jl. Batu Cermin Gg. SMPN 27",
        "amenity": "school",
        "building": "yes",
        "building:levels": "1",
        "capacity:persons": "400",
        "name": "SMP Negeri 27 Samarinda",
        "operator:type": "government",
        "school:type_idn": "SMP/MTs",
        "website": "https://referensi.data.kemdikbud.go.id/tabs.php?npsn=30401043",
        "@geometry": "center"
      },
      "geometry": {
        "type": "Point",
        "coordinates": [
          117.1438096,
          -0.4391217
        ]
      },
      "id": "way/355932592"
    },
    {
      "type": "Feature",
      "properties": {
        "@id": "way/355932676",
        "addr:full": "Jl. Batu Cermin Gg. SMPN 27",
        "amenity": "school",
        "building": "yes",
        "building:levels": "1",
        "capacity:persons": "400",
        "name": "SMP Negeri 27 Samarinda",
        "operator:type": "government",
        "school:type_idn": "SMP/MTs",
        "website": "https://referensi.data.kemdikbud.go.id/tabs.php?npsn=30401043",
        "@geometry": "center"
      },
      "geometry": {
        "type": "Point",
        "coordinates": [
          117.143654,
          -0.4392484
        ]
      },
      "id": "way/355932676"
    },
    {
      "type": "Feature",
      "properties": {
        "@id": "way/355932979",
        "addr:full": "Jl. Batu Cermin Gg. SMPN 27",
        "amenity": "school",
        "building": "yes",
        "building:levels": "1",
        "capacity:persons": "400",
        "name": "SMP Negeri 27 Samarinda Utara",
        "operator:type": "government",
        "school:type_idn": "SMP/MTs",
        "website": "https://referensi.data.kemdikbud.go.id/tabs.php?npsn=30401043",
        "@geometry": "center"
      },
      "geometry": {
        "type": "Point",
        "coordinates": [
          117.1437277,
          -0.4396414
        ]
      },
      "id": "way/355932979"
    },
    {
      "type": "Feature",
      "properties": {
        "@id": "way/355932983",
        "addr:full": "Jl. Batu Cermin Gg. SMPN 27",
        "amenity": "school",
        "building": "yes",
        "building:levels": "1",
        "capacity:persons": "400",
        "name": "SMP Negeri 27 Samarinda",
        "operator:type": "government",
        "school:type_idn": "SMP/MTs",
        "website": "https://referensi.data.kemdikbud.go.id/tabs.php?npsn=30401043",
        "@geometry": "center"
      },
      "geometry": {
        "type": "Point",
        "coordinates": [
          117.1439616,
          -0.4393321
        ]
      },
      "id": "way/355932983"
    },
    {
      "type": "Feature",
      "properties": {
        "@id": "way/356213406",
        "addr:full": "Jl. Pelita 8 Kel. Pulau Atas",
        "amenity": "fire_station",
        "building": "yes",
        "building:levels": "2",
        "capacity:persons": "20",
        "name": "Pemadam Kebakaran",
        "@geometry": "center"
      },
      "geometry": {
        "type": "Point",
        "coordinates": [
          117.2099693,
          -0.5263876
        ]
      },
      "id": "way/356213406"
    },
    {
      "type": "Feature",
      "properties": {
        "@id": "way/356213407",
        "addr:full": "Jl. Sekolahan",
        "amenity": "clinic",
        "building": "yes",
        "building:levels": "2",
        "capacity:persons": "30",
        "name": "Puskesmas Makroman",
        "rooms": "3",
        "@geometry": "center"
      },
      "geometry": {
        "type": "Point",
        "coordinates": [
          117.2237957,
          -0.5567967
        ]
      },
      "id": "way/356213407"
    },
    {
      "type": "Feature",
      "properties": {
        "@id": "way/356213408",
        "addr:full": "Jl. Olah Bebaya RT.02",
        "amenity": "school",
        "building": "yes",
        "building:levels": "1",
        "capacity:persons": "400",
        "name": "SD Negeri 006 Sambutan",
        "old_name": "SDN 034 Samarinda Ilir",
        "operator:type": "government",
        "school:type_idn": "SD/MI",
        "short_name": "SDN 006 Sambutan",
        "url": "http://referensi.data.kemdikbud.go.id/tabs.php?npsn=30400925",
        "@geometry": "center"
      },
      "geometry": {
        "type": "Point",
        "coordinates": [
          117.2198571,
          -0.5617003
        ]
      },
      "id": "way/356213408"
    },
    {
      "type": "Feature",
      "properties": {
        "@id": "way/356213409",
        "addr:full": "Jl. Propinsi RT. 06",
        "amenity": "school",
        "building": "yes",
        "building:levels": "1",
        "capacity:persons": "400",
        "name": "SD Negeri 010 Sambutan",
        "old_name": "SDN 039 Samarinda Ilir",
        "operator:type": "government",
        "school:type_idn": "SD/MI",
        "url": "http://referensi.data.kemdikbud.go.id/tabs.php?npsn=30400951",
        "@geometry": "center"
      },
      "geometry": {
        "type": "Point",
        "coordinates": [
          117.2277312,
          -0.538469
        ]
      },
      "id": "way/356213409"
    },
    {
      "type": "Feature",
      "properties": {
        "@id": "way/356213410",
        "addr:full": "Jl. Kalan Luas RT 13 Kel. Makroman",
        "amenity": "school",
        "building": "yes",
        "building:levels": "1",
        "capacity:persons": "500",
        "layer": "1",
        "name": "SD Negeri 011 Sambutan",
        "old_name": "SDN 040 Samarinda Ilir",
        "operator:type": "government",
        "school:type_idn": "SD/MI",
        "url": "http://referensi.data.kemdikbud.go.id/petasebaran.php#",
        "@geometry": "center"
      },
      "geometry": {
        "type": "Point",
        "coordinates": [
          117.2313184,
          -0.5212822
        ]
      },
      "id": "way/356213410"
    },
    {
      "type": "Feature",
      "properties": {
        "@id": "way/356213411",
        "addr:full": "Jl. Kalan Luas Makroman",
        "amenity": "school",
        "building": "yes",
        "building:levels": "1",
        "capacity:persons": "400",
        "name": "SMA Negeri 15 Samarinda",
        "operator:type": "government",
        "school:type_idn": "SMA/MA",
        "short_name": "SMAN 15 Samarinda",
        "url": "http://referensi.data.kemdikbud.go.id/tabs.php?npsn=30404551",
        "@geometry": "center"
      },
      "geometry": {
        "type": "Point",
        "coordinates": [
          117.2310838,
          -0.5218546
        ]
      },
      "id": "way/356213411"
    },
    {
      "type": "Feature",
      "properties": {
        "@id": "way/356213413",
        "addr:full": "Jl. Penangkaran Buaya RT. 24 Kel. Makroman",
        "amenity": "school",
        "capacity:persons": "450",
        "name": "SMK Miftahul Ulum Samarinda",
        "operator:type": "private",
        "school:type_idn": "SMK",
        "url": "http://referensi.data.kemdikbud.go.id/tabs.php?npsn=30401085",
        "@geometry": "center"
      },
      "geometry": {
        "type": "Point",
        "coordinates": [
          117.2284758,
          -0.5371554
        ]
      },
      "id": "way/356213413"
    },
    {
      "type": "Feature",
      "properties": {
        "@id": "way/356213415",
        "addr:full": "Jl. Pembangunan Kel. MAkroman",
        "amenity": "school",
        "building": "yes",
        "building:levels": "1",
        "capacity:persons": "500",
        "name": "SMP Negeri 23 Samarinda",
        "operator:type": "government",
        "school:type_idn": "SMP/MTs",
        "url": "http://referensi.data.kemdikbud.go.id/tabs.php?npsn=30401028",
        "@geometry": "center"
      },
      "geometry": {
        "type": "Point",
        "coordinates": [
          117.2415757,
          -0.5366706
        ]
      },
      "id": "way/356213415"
    },
    {
      "type": "Feature",
      "properties": {
        "@id": "way/356213416",
        "amenity": "school",
        "name": "SMP Negeri 32 Samarinda",
        "operator:type": "government",
        "school:type_idn": "smp",
        "website": "http://www.smpn32samarinda.sch.id",
        "@geometry": "center"
      },
      "geometry": {
        "type": "Point",
        "coordinates": [
          117.2183243,
          -0.5562019
        ]
      },
      "id": "way/356213416"
    },
    {
      "type": "Feature",
      "properties": {
        "@id": "way/356223118",
        "addr:full": "Jl. PM. Noor No. 09A",
        "amenity": "school",
        "building": "yes",
        "capacity:persons": "900",
        "name": "SMP Budi Bakti Samarinda",
        "operator:type": "private",
        "school:type_idn": "SMP",
        "website": "https://referensi.data.kemdikbud.go.id/tabs.php?npsn=69753983",
        "@geometry": "center"
      },
      "geometry": {
        "type": "Point",
        "coordinates": [
          117.1615896,
          -0.4515107
        ]
      },
      "id": "way/356223118"
    },
    {
      "type": "Feature",
      "properties": {
        "@id": "way/356223120",
        "addr:full": "Jl. PM. Noor No. 09A",
        "amenity": "school",
        "building": "yes",
        "capacity:persons": "900",
        "name": "SD Budi Bakti Samarinda",
        "operator:type": "private",
        "school:type_idn": "SD/MI",
        "website": "https://referensi.data.kemdikbud.go.id/tabs.php?npsn=30402985",
        "@geometry": "center"
      },
      "geometry": {
        "type": "Point",
        "coordinates": [
          117.1617411,
          -0.4513314
        ]
      },
      "id": "way/356223120"
    },
    {
      "type": "Feature",
      "properties": {
        "@id": "way/356223123",
        "addr:full": "Jl. KH. Wahid Hasym / Ahim 1 RT. 28",
        "amenity": "school",
        "building": "yes",
        "building:levels": "1",
        "capacity:persons": "60",
        "name": "SD Muhammadiyah 4 Terpadu",
        "operator:type": "private",
        "school:type_idn": "SD/MI",
        "website": "https://referensi.data.kemdikbud.go.id/tabs.php?npsn=30402989",
        "@geometry": "center"
      },
      "geometry": {
        "type": "Point",
        "coordinates": [
          117.1565036,
          -0.4455336
        ]
      },
      "id": "way/356223123"
    },
    {
      "type": "Feature",
      "properties": {
        "@id": "way/356223124",
        "addr:full": "Jl. KH. Wahid Hasym / Ahim 1 RT. 28",
        "amenity": "school",
        "building": "yes",
        "building:levels": "1",
        "capacity:persons": "60",
        "name": "SD Muhammadiyah 4 Terpadu",
        "operator:type": "private",
        "school:type_idn": "SD/MI",
        "website": "https://referensi.data.kemdikbud.go.id/tabs.php?npsn=30402989",
        "@geometry": "center"
      },
      "geometry": {
        "type": "Point",
        "coordinates": [
          117.1569432,
          -0.4455405
        ]
      },
      "id": "way/356223124"
    },
    {
      "type": "Feature",
      "properties": {
        "@id": "way/356223125",
        "addr:full": "Jl. KH. Wahid Hasym / Ahim 1 RT. 28",
        "amenity": "school",
        "building": "yes",
        "building:levels": "1",
        "capacity:persons": "30",
        "name": "SD Muhammadiyah 4 Terpadu",
        "operator:type": "private",
        "school:type_idn": "SD/MI",
        "website": "https://referensi.data.kemdikbud.go.id/tabs.php?npsn=30402989",
        "@geometry": "center"
      },
      "geometry": {
        "type": "Point",
        "coordinates": [
          117.1565839,
          -0.4454169
        ]
      },
      "id": "way/356223125"
    },
    {
      "type": "Feature",
      "properties": {
        "@id": "way/356223128",
        "addr:full": "Jl. KH. Wahid Hasym / Ahim 1 RT. 28",
        "amenity": "school",
        "building": "yes",
        "building:levels": "2",
        "capacity:persons": "120",
        "name": "SD Muhammadiyah 4 Terpadu",
        "operator:type": "private",
        "school:type_idn": "SD/MI",
        "website": "https://referensi.data.kemdikbud.go.id/tabs.php?npsn=30402989",
        "@geometry": "center"
      },
      "geometry": {
        "type": "Point",
        "coordinates": [
          117.1568525,
          -0.4458507
        ]
      },
      "id": "way/356223128"
    },
    {
      "type": "Feature",
      "properties": {
        "@id": "way/356223129",
        "addr:full": "Jl. KH. Wahid Hasym / Ahim 1 RT. 28",
        "amenity": "school",
        "building": "yes",
        "building:levels": "1",
        "capacity:persons": "60",
        "name": "SD Muhammadiyah 4 Terpadu",
        "operator:type": "private",
        "school:type_idn": "SD/MI",
        "website": "https://referensi.data.kemdikbud.go.id/tabs.php?npsn=30402989",
        "@geometry": "center"
      },
      "geometry": {
        "type": "Point",
        "coordinates": [
          117.1567883,
          -0.4454281
        ]
      },
      "id": "way/356223129"
    },
    {
      "type": "Feature",
      "properties": {
        "@id": "way/356223130",
        "addr:full": "Jl. KH. Wahid Hasym / Ahim 1 RT. 28",
        "amenity": "school",
        "building": "yes",
        "building:levels": "1",
        "capacity:persons": "30",
        "name": "SD Muhammadiyah 4 Terpadu",
        "operator:type": "private",
        "school:type_idn": "SD/MI",
        "website": "https://referensi.data.kemdikbud.go.id/tabs.php?npsn=30402989",
        "@geometry": "center"
      },
      "geometry": {
        "type": "Point",
        "coordinates": [
          117.1564701,
          -0.4453647
        ]
      },
      "id": "way/356223130"
    },
    {
      "type": "Feature",
      "properties": {
        "@id": "way/356223131",
        "addr:full": "Jl. KH. Wahid Hasym / Ahim 1 RT. 28",
        "amenity": "school",
        "building": "yes",
        "building:levels": "1",
        "capacity:persons": "30",
        "name": "SD Muhammadiyah 4 Terpadu",
        "operator:type": "private",
        "school:type_idn": "SD/MI",
        "website": "https://referensi.data.kemdikbud.go.id/tabs.php?npsn=30402989",
        "@geometry": "center"
      },
      "geometry": {
        "type": "Point",
        "coordinates": [
          117.1566479,
          -0.4455532
        ]
      },
      "id": "way/356223131"
    },
    {
      "type": "Feature",
      "properties": {
        "@id": "way/356223132",
        "addr:full": "Jl. KH. WAHID HASYIM",
        "amenity": "school",
        "building": "yes",
        "building:levels": "1",
        "capacity:persons": "30",
        "name": "SD Negeri 003 Samarinda Utara",
        "operator:type": "government",
        "school:type_idn": "SD/MI",
        "website": "https://referensi.data.kemdikbud.go.id/tabs.php?npsn=30401334",
        "@geometry": "center"
      },
      "geometry": {
        "type": "Point",
        "coordinates": [
          117.1543937,
          -0.4407527
        ]
      },
      "id": "way/356223132"
    },
    {
      "type": "Feature",
      "properties": {
        "@id": "way/356223133",
        "addr:full": "Jl. KH. WAHID HASYIM",
        "amenity": "school",
        "building": "yes",
        "building:levels": "1",
        "capacity:persons": "60",
        "name": "SD Negeri 003 Samarinda Utara",
        "operator:type": "government",
        "school:type_idn": "SD/MI",
        "website": "https://referensi.data.kemdikbud.go.id/tabs.php?npsn=30401334",
        "@geometry": "center"
      },
      "geometry": {
        "type": "Point",
        "coordinates": [
          117.1542667,
          -0.4406643
        ]
      },
      "id": "way/356223133"
    },
    {
      "type": "Feature",
      "properties": {
        "@id": "way/356223134",
        "addr:full": "Jl. KH. WAHID HASYIM",
        "amenity": "school",
        "building": "yes",
        "building:levels": "2",
        "capacity:persons": "90",
        "name": "SD Negeri 003 Samarinda Utara",
        "operator:type": "government",
        "school:type_idn": "SD/MI",
        "website": "https://referensi.data.kemdikbud.go.id/tabs.php?npsn=30401334",
        "@geometry": "center"
      },
      "geometry": {
        "type": "Point",
        "coordinates": [
          117.1544344,
          -0.4404621
        ]
      },
      "id": "way/356223134"
    },
    {
      "type": "Feature",
      "properties": {
        "@id": "way/356223135",
        "addr:full": "Jl. KH. WAHID HASYIM",
        "amenity": "school",
        "building": "yes",
        "building:levels": "2",
        "capacity:persons": "120",
        "name": "SD Negeri 003 Samarinda Utara",
        "operator:type": "government",
        "school:type_idn": "SD/MI",
        "website": "https://referensi.data.kemdikbud.go.id/tabs.php?npsn=30401334",
        "@geometry": "center"
      },
      "geometry": {
        "type": "Point",
        "coordinates": [
          117.1542034,
          -0.4404412
        ]
      },
      "id": "way/356223135"
    },
    {
      "type": "Feature",
      "properties": {
        "@id": "way/356223136",
        "addr:full": "Jl. KH. Wahid Hasym NO.9 RT 7",
        "amenity": "school",
        "building": "yes",
        "building:levels": "2",
        "capacity:persons": "172",
        "name": "MTs Darussalam Samarinda",
        "operator:type": "private",
        "school:type_idn": "SMP/MTs",
        "website": "http://www.kesekolah.com/direktori/darussalam-samarinda-kalimantan-timur.html#sthash.P7QX2VFi.dpbs",
        "@geometry": "center"
      },
      "geometry": {
        "type": "Point",
        "coordinates": [
          117.1555505,
          -0.4464722
        ]
      },
      "id": "way/356223136"
    },
    {
      "type": "Feature",
      "properties": {
        "@id": "way/356223137",
        "addr:full": "Jl. KH. Wahid Hasym",
        "amenity": "school",
        "building": "yes",
        "building:levels": "1",
        "capacity:persons": "60",
        "name": "SMK Darussalam Samarinda",
        "operator:type": "private",
        "school:type_idn": "SMK",
        "website": "https://referensi.data.kemdikbud.go.id/tabs.php?npsn=30404604",
        "@geometry": "center"
      },
      "geometry": {
        "type": "Point",
        "coordinates": [
          117.155454,
          -0.4461693
        ]
      },
      "id": "way/356223137"
    },
    {
      "type": "Feature",
      "properties": {
        "@id": "way/356223138",
        "addr:full": "Jl. KH. Wahid Hasym",
        "amenity": "school",
        "building": "yes",
        "building:levels": "1",
        "capacity:persons": "60",
        "name": "SMK Darussalam Samarinda",
        "operator:type": "private",
        "school:type_idn": "SMK",
        "website": "https://referensi.data.kemdikbud.go.id/tabs.php?npsn=30404604",
        "@geometry": "center"
      },
      "geometry": {
        "type": "Point",
        "coordinates": [
          117.1554039,
          -0.4463985
        ]
      },
      "id": "way/356223138"
    },
    {
      "type": "Feature",
      "properties": {
        "@id": "way/356223139",
        "addr:full": "Jl. KH. Wahid Hasym",
        "amenity": "school",
        "building": "yes",
        "building:levels": "2",
        "capacity:persons": "120",
        "name": "SMK Darussalam Samarinda",
        "operator:type": "private",
        "school:type_idn": "SMK",
        "website": "https://referensi.data.kemdikbud.go.id/tabs.php?npsn=30404604",
        "@geometry": "center"
      },
      "geometry": {
        "type": "Point",
        "coordinates": [
          117.1556276,
          -0.4461715
        ]
      },
      "id": "way/356223139"
    },
    {
      "type": "Feature",
      "properties": {
        "@id": "way/356223140",
        "addr:full": "Jl. KH. Wahid Hasym",
        "amenity": "school",
        "building": "yes",
        "building:levels": "1",
        "capacity:persons": "60",
        "name": "SMK Darussalam Samarinda",
        "operator:type": "private",
        "school:type_idn": "SMK",
        "website": "https://referensi.data.kemdikbud.go.id/tabs.php?npsn=30404604",
        "@geometry": "center"
      },
      "geometry": {
        "type": "Point",
        "coordinates": [
          117.1557344,
          -0.4463124
        ]
      },
      "id": "way/356223140"
    },
    {
      "type": "Feature",
      "properties": {
        "@id": "way/356223141",
        "addr:full": "Jl. KH. WAHID HASYIM Gg. AHIM RT. 28",
        "amenity": "school",
        "building": "yes",
        "building:levels": "1",
        "capacity:persons": "60",
        "name": "SMP Muhammadiyah 5 Samarind",
        "operator:type": "private",
        "school:type_idn": "SMP/MTs",
        "website": "https://referensi.data.kemdikbud.go.id/tabs.php?npsn=30403005",
        "@geometry": "center"
      },
      "geometry": {
        "type": "Point",
        "coordinates": [
          117.157099,
          -0.4457211
        ]
      },
      "id": "way/356223141"
    },
    {
      "type": "Feature",
      "properties": {
        "@id": "way/356223142",
        "addr:full": "Jl. KH. WAHID HASYIM Gg. AHIM RT. 28",
        "amenity": "school",
        "building": "yes",
        "building:levels": "1",
        "capacity:persons": "60",
        "name": "SMP Muhammadiyah 5 Samarind",
        "operator:type": "private",
        "school:type_idn": "SMP/MTs",
        "website": "https://referensi.data.kemdikbud.go.id/tabs.php?npsn=30403005",
        "@geometry": "center"
      },
      "geometry": {
        "type": "Point",
        "coordinates": [
          117.1573457,
          -0.4457441
        ]
      },
      "id": "way/356223142"
    },
    {
      "type": "Feature",
      "properties": {
        "@id": "way/356223143",
        "addr:full": "Jl. KH. WAHID HASYIM Gg. AHIM RT. 28",
        "amenity": "school",
        "building": "yes",
        "building:levels": "1",
        "capacity:persons": "30",
        "name": "SMP Muhammadiyah 5 Samarind",
        "operator:type": "private",
        "school:type_idn": "SMP/MTs",
        "website": "https://referensi.data.kemdikbud.go.id/tabs.php?npsn=30403005",
        "@geometry": "center"
      },
      "geometry": {
        "type": "Point",
        "coordinates": [
          117.1573958,
          -0.4455295
        ]
      },
      "id": "way/356223143"
    },
    {
      "type": "Feature",
      "properties": {
        "@id": "way/356223144",
        "addr:full": "Jl. Perjuangan 7 RT. 01 NO. 55",
        "amenity": "school",
        "building": "yes",
        "building:levels": "1",
        "capacity:persons": "835",
        "name": "SMP Negeri 11 Samarinda",
        "operator:type": "government",
        "school:type_idn": "SMP/MTs",
        "short_name": "SMPN 11 Samarinda",
        "website": "https://referensi.data.kemdikbud.go.id/tabs.php?npsn=30401018",
        "@geometry": "center"
      },
      "geometry": {
        "type": "Point",
        "coordinates": [
          117.1628398,
          -0.4582393
        ]
      },
      "id": "way/356223144"
    },
    {
      "type": "Feature",
      "properties": {
        "@id": "way/356223145",
        "addr:full": "Jl. Perjuangan 7 RT. 01 NO. 55",
        "amenity": "school",
        "building": "yes",
        "building:levels": "1",
        "capacity:persons": "30",
        "name": "SMP Negeri 11 Samarinda",
        "operator:type": "government",
        "school:type_idn": "SMP/MTs",
        "short_name": "SMPN 11 Samarinda",
        "website": "https://referensi.data.kemdikbud.go.id/tabs.php?npsn=30401018",
        "@geometry": "center"
      },
      "geometry": {
        "type": "Point",
        "coordinates": [
          117.1622704,
          -0.4585113
        ]
      },
      "id": "way/356223145"
    },
    {
      "type": "Feature",
      "properties": {
        "@id": "way/356223146",
        "addr:full": "Jl. Perjuangan 7 RT. 01 NO. 55",
        "amenity": "school",
        "building": "yes",
        "building:levels": "1",
        "capacity:persons": "835",
        "name": "SMP Negeri 11 Samarinda",
        "operator:type": "government",
        "school:type_idn": "SMP/MTs",
        "short_name": "SMPN 11 Samarinda",
        "website": "https://referensi.data.kemdikbud.go.id/tabs.php?npsn=30401018",
        "@geometry": "center"
      },
      "geometry": {
        "type": "Point",
        "coordinates": [
          117.1622378,
          -0.4579324
        ]
      },
      "id": "way/356223146"
    },
    {
      "type": "Feature",
      "properties": {
        "@id": "way/356223147",
        "addr:full": "Jl. Perjuangan 7 RT. 01 NO. 55",
        "amenity": "school",
        "building": "yes",
        "building:levels": "1",
        "capacity:persons": "835",
        "name": "SMP Negeri 11 Samarinda",
        "operator:type": "government",
        "school:type_idn": "SMP/MTs",
        "short_name": "SMPN 11 Samarinda",
        "website": "https://referensi.data.kemdikbud.go.id/tabs.php?npsn=30401018",
        "@geometry": "center"
      },
      "geometry": {
        "type": "Point",
        "coordinates": [
          117.1630244,
          -0.4583843
        ]
      },
      "id": "way/356223147"
    },
    {
      "type": "Feature",
      "properties": {
        "@id": "way/356223148",
        "addr:full": "Jl. Perjuangan 7 RT. 01 NO. 55",
        "amenity": "school",
        "building": "yes",
        "building:levels": "1",
        "capacity:persons": "835",
        "name": "SMP Negeri 11 Samarinda",
        "operator:type": "government",
        "school:type_idn": "SMP/MTs",
        "short_name": "SMPN 11 Samarinda",
        "website": "https://referensi.data.kemdikbud.go.id/tabs.php?npsn=30401018",
        "@geometry": "center"
      },
      "geometry": {
        "type": "Point",
        "coordinates": [
          117.1625768,
          -0.458112
        ]
      },
      "id": "way/356223148"
    },
    {
      "type": "Feature",
      "properties": {
        "@id": "way/356223149",
        "addr:full": "Jl. Perjuangan 7 RT. 01 NO. 55",
        "amenity": "school",
        "building": "yes",
        "building:levels": "1",
        "capacity:persons": "835",
        "name": "SMP Negeri 11 Samarinda",
        "operator:type": "government",
        "school:type_idn": "SMP/MTs",
        "short_name": "SMPN 11 Samarinda",
        "website": "https://referensi.data.kemdikbud.go.id/tabs.php?npsn=30401018",
        "@geometry": "center"
      },
      "geometry": {
        "type": "Point",
        "coordinates": [
          117.1627844,
          -0.4584213
        ]
      },
      "id": "way/356223149"
    },
    {
      "type": "Feature",
      "properties": {
        "@id": "way/356223150",
        "addr:full": "835",
        "amenity": "school",
        "building": "yes",
        "building:levels": "1",
        "capacity:persons": "30",
        "name": "SMP Negeri 11 Samarinda",
        "operator:type": "government",
        "school:type_idn": "SMP/MTs",
        "short_name": "SMPN 11 Samarinda",
        "website": "https://referensi.data.kemdikbud.go.id/tabs.php?npsn=30401018",
        "@geometry": "center"
      },
      "geometry": {
        "type": "Point",
        "coordinates": [
          117.1624083,
          -0.4580191
        ]
      },
      "id": "way/356223150"
    },
    {
      "type": "Feature",
      "properties": {
        "@id": "way/356223151",
        "addr:full": "Jl. Perjuangan 7 RT. 01 NO. 55",
        "amenity": "school",
        "building": "yes",
        "building:levels": "1",
        "capacity:persons": "60",
        "name": "SMP Negeri 11 Samarinda",
        "operator:type": "government",
        "school:type_idn": "SMP/MTs",
        "short_name": "SMPN 11 Samarinda",
        "website": "https://referensi.data.kemdikbud.go.id/tabs.php?npsn=30401018",
        "@geometry": "center"
      },
      "geometry": {
        "type": "Point",
        "coordinates": [
          117.1624535,
          -0.4585979
        ]
      },
      "id": "way/356223151"
    },
    {
      "type": "Feature",
      "properties": {
        "@id": "way/356223152",
        "addr:full": "Jl. Perjuangan 7 RT. 01 NO. 55",
        "amenity": "school",
        "building": "yes",
        "building:levels": "1",
        "capacity:persons": "40",
        "name": "SMP Negeri 11 Samarinda",
        "operator:type": "government",
        "school:type_idn": "SMP/MTs",
        "short_name": "SMPN 11 Samarinda",
        "website": "https://referensi.data.kemdikbud.go.id/tabs.php?npsn=30401018",
        "@geometry": "center"
      },
      "geometry": {
        "type": "Point",
        "coordinates": [
          117.1627547,
          -0.4585211
        ]
      },
      "id": "way/356223152"
    },
    {
      "type": "Feature",
      "properties": {
        "@id": "way/356223153",
        "addr:full": "Jl. Perjuangan 7 RT. 01 NO. 55",
        "amenity": "school",
        "building": "yes",
        "building:levels": "1",
        "capacity:persons": "835",
        "name": "SMP Negeri 11 Samarinda",
        "operator:type": "government",
        "school:type_idn": "SMP/MTs",
        "short_name": "SMPN 11 Samarinda",
        "website": "https://referensi.data.kemdikbud.go.id/tabs.php?npsn=30401018",
        "@geometry": "center"
      },
      "geometry": {
        "type": "Point",
        "coordinates": [
          117.162068,
          -0.4584148
        ]
      },
      "id": "way/356223153"
    },
    {
      "type": "Feature",
      "properties": {
        "@id": "way/356223154",
        "addr:full": "Jl. Perjuangan 7 RT. 01 NO. 55",
        "amenity": "school",
        "building": "yes",
        "building:levels": "1",
        "capacity:persons": "835",
        "name": "SMP Negeri 11 Samarinda",
        "operator:type": "government",
        "school:type_idn": "SMP/MTs",
        "short_name": "SMPN 11 Samarinda",
        "website": "https://referensi.data.kemdikbud.go.id/tabs.php?npsn=30401018",
        "@geometry": "center"
      },
      "geometry": {
        "type": "Point",
        "coordinates": [
          117.1620852,
          -0.4581268
        ]
      },
      "id": "way/356223154"
    },
    {
      "type": "Feature",
      "properties": {
        "@id": "way/356223155",
        "addr:full": "Jl. Perjuangan 7 RT. 01 NO. 55",
        "amenity": "school",
        "building": "yes",
        "building:levels": "1",
        "capacity:persons": "40",
        "name": "SMP Negeri 11 Samarinda",
        "operator:type": "government",
        "school:type_idn": "SMP/MTs",
        "short_name": "SMPN 11 Samarinda",
        "website": "https://referensi.data.kemdikbud.go.id/tabs.php?npsn=30401018",
        "@geometry": "center"
      },
      "geometry": {
        "type": "Point",
        "coordinates": [
          117.1626397,
          -0.4586899
        ]
      },
      "id": "way/356223155"
    },
    {
      "type": "Feature",
      "properties": {
        "@id": "way/356223156",
        "addr:full": "Jl. Perjuangan 7 RT. 01 NO. 55",
        "amenity": "school",
        "building": "yes",
        "building:levels": "1",
        "capacity:persons": "835",
        "name": "SMP Negeri 11 Samarinda",
        "operator:type": "government",
        "school:type_idn": "SMP/MTs",
        "short_name": "SMPN 11 Samarinda",
        "website": "https://referensi.data.kemdikbud.go.id/tabs.php?npsn=30401018",
        "@geometry": "center"
      },
      "geometry": {
        "type": "Point",
        "coordinates": [
          117.1626619,
          -0.4584178
        ]
      },
      "id": "way/356223156"
    },
    {
      "type": "Feature",
      "properties": {
        "@id": "way/356318981",
        "addr:full": "Jl. P. Suryanata No. 04, Air Putih",
        "admin_level": "7",
        "building": "yes",
        "building:levels": "1",
        "name": "Kantor Kelurahan Air Putih",
        "office": "government",
        "short_name": "Kantor Lurah Air Putih",
        "@geometry": "center"
      },
      "geometry": {
        "type": "Point",
        "coordinates": [
          117.1194469,
          -0.4778937
        ]
      },
      "id": "way/356318981"
    },
    {
      "type": "Feature",
      "properties": {
        "@id": "way/356318984",
        "addr:full": "Jl. P. Suryanata Gg. Gafur RT. 04",
        "amenity": "school",
        "building": "yes",
        "building:levels": "1",
        "capacity:persons": "50",
        "education": "school",
        "name": "MA As- Saadiyah",
        "operator:type": "private",
        "school:type_idn": "SMA/MA",
        "url": "http://30404263.siap-sekolah.com/sekolah-profil/",
        "@geometry": "center"
      },
      "geometry": {
        "type": "Point",
        "coordinates": [
          117.1177476,
          -0.4640177
        ]
      },
      "id": "way/356318984"
    },
    {
      "type": "Feature",
      "properties": {
        "@id": "way/356318985",
        "addr:full": "Jl. P. Suryanata No. 32 RT. 38",
        "amenity": "school",
        "building": "yes",
        "building:levels": "1",
        "capacity:persons": "313",
        "name": "MI At- Taufiq",
        "operator:type": "private",
        "school:type_idn": "SD/MI",
        "url": "http://30401166.siap-sekolah.com/sekolah-profil/",
        "@geometry": "center"
      },
      "geometry": {
        "type": "Point",
        "coordinates": [
          117.1217724,
          -0.4699758
        ]
      },
      "id": "way/356318985"
    },
    {
      "type": "Feature",
      "properties": {
        "@id": "way/356318991",
        "addr:full": "Jl. P. Suryanata Komp. Batu Putih",
        "amenity": "clinic",
        "building": "yes",
        "building:levels": "2",
        "healthcare": "clinic",
        "name": "Puskesmas Air Putih",
        "operator": "Ministry of Health",
        "operator:en": "Ministry of Health",
        "operator:id": "Kementerian Kesehatan",
        "operator:type": "government",
        "operator:wikidata": "Q12490745",
        "rooms": "12",
        "@geometry": "center"
      },
      "geometry": {
        "type": "Point",
        "coordinates": [
          117.1215182,
          -0.4744963
        ]
      },
      "id": "way/356318991"
    },
    {
      "type": "Feature",
      "properties": {
        "@id": "way/356318992",
        "addr:full": "Jl. P. Suryanata, Air Putih",
        "amenity": "school",
        "building": "yes",
        "building:levels": "2",
        "capacity:persons": "700",
        "name": "SD Negeri 004 Samarinda Ulu",
        "old_name": "SDN 005 Samarinda Ulu",
        "operator:type": "government",
        "school:type_idn": "SD/MI",
        "short_name": "SDN 004 Samarinda Ulu",
        "url": "http://30401130.siap-sekolah.com/sekolah-profil/",
        "@geometry": "center"
      },
      "geometry": {
        "type": "Point",
        "coordinates": [
          117.126223,
          -0.4810174
        ]
      },
      "id": "way/356318992"
    },
    {
      "type": "Feature",
      "properties": {
        "@id": "way/356318993",
        "addr:full": "Jl. P. Suryanata Pal Lima, Kelurahan Bukit Pinang",
        "amenity": "school",
        "building": "yes",
        "building:levels": "1",
        "capacity:persons": "500",
        "education": "school",
        "layer": "-1",
        "name": "SD Negeri 013 Samarinda Ulu",
        "old_name": "SDN 018 Samarinda Ulu",
        "operator:type": "government",
        "school:type_idn": "SD/MI",
        "short_name": "SDN 013 Samarinda Ulu",
        "@geometry": "center"
      },
      "geometry": {
        "type": "Point",
        "coordinates": [
          117.1191824,
          -0.4646264
        ]
      },
      "id": "way/356318993"
    },
    {
      "type": "Feature",
      "properties": {
        "@id": "way/356318994",
        "addr:full": "Jl. P. Suryanata",
        "amenity": "school",
        "building": "yes",
        "building:levels": "1",
        "capacity:persons": "500",
        "name": "SD Negeri 016 Samarinda Ulu",
        "old_name": "SDN 021 Samarinda Ulu",
        "operator:type": "government",
        "school:type_idn": "SD/MI",
        "short_name": "SDN 016 Samarinda Ulu",
        "url": "http://referensi.data.kemdikbud.go.id/index11_sd.php?kode=166005&level=3",
        "@geometry": "center"
      },
      "geometry": {
        "type": "Point",
        "coordinates": [
          117.1249497,
          -0.4799703
        ]
      },
      "id": "way/356318994"
    },
    {
      "type": "Feature",
      "properties": {
        "@id": "way/356318995",
        "addr:full": "Jl. P. Suryanata Kelurahan Bukit Pinang",
        "amenity": "school",
        "building": "yes",
        "building:levels": "1",
        "capacity:persons": "650",
        "education": "school",
        "name": "SMP Negeri 24 Samarinda",
        "operator:type": "government",
        "school:type_idn": "SMP/MTs",
        "url": "http://www.smpn24smd.sch.id",
        "@geometry": "center"
      },
      "geometry": {
        "type": "Point",
        "coordinates": [
          117.1176569,
          -0.4629678
        ]
      },
      "id": "way/356318995"
    },
    {
      "type": "Feature",
      "properties": {
        "@id": "way/356392488",
        "addr:full": "Jl. Pangeran M. Noor No. 2 Sempaja, Samarinda 75119",
        "admin_level": "4",
        "building": "yes",
        "building:levels": "1",
        "government": "administrative",
        "name": "Badan Karantina Pertanian Samarinda",
        "office": "government",
        "url": "skpsamarinda.org",
        "website": "https://www.pertanian.go.id/upt/alamt%20upt%20per%20provinsi/ALAMAT%20UPT/23.html",
        "@geometry": "center"
      },
      "geometry": {
        "type": "Point",
        "coordinates": [
          117.1588321,
          -0.4507466
        ]
      },
      "id": "way/356392488"
    },
    {
      "type": "Feature",
      "properties": {
        "@id": "way/356392489",
        "addr:full": "Jl. Pangeran M. Noor, Sempaja PO Box 1832 Samarinda 75119 - Kalimantan Timur",
        "admin_level": "4",
        "building": "yes",
        "building:levels": "2",
        "government": "administrative",
        "name": "Balai Pengkajian Teknologi Pertanian Kaltim",
        "office": "government",
        "url": "http://kaltim.litbang.pertanian.go.id/ind/",
        "website": "http://www.litbang.pertanian.go.id/unker/one/1283/",
        "@geometry": "center"
      },
      "geometry": {
        "type": "Point",
        "coordinates": [
          117.1584778,
          -0.4506418
        ]
      },
      "id": "way/356392489"
    },
    {
      "type": "Feature",
      "properties": {
        "@id": "way/356392490",
        "addr:full": "Jl. PM. Noor",
        "admin_level": "4",
        "building": "yes",
        "building:levels": "1",
        "government": "administrative",
        "name": "Dinas Pertanian Tanaman Pangan UPTD Proteksi Tanaman Pangan & Hortikulasi",
        "office": "government",
        "url": "http://www.uptdptphkaltim.web.id",
        "@geometry": "center"
      },
      "geometry": {
        "type": "Point",
        "coordinates": [
          117.1576498,
          -0.4504801
        ]
      },
      "id": "way/356392490"
    },
    {
      "type": "Feature",
      "properties": {
        "@id": "way/356392491",
        "addr:full": "Jl. PM. Noor",
        "admin_level": "4",
        "building": "yes",
        "building:levels": "1",
        "government": "administrative",
        "name": "Dinas Pertanian Tanaman Pangan UPTD Proteksi Tanaman Pangan & Hortikulasi",
        "office": "government",
        "url": "http://www.uptdptphkaltim.web.id",
        "@geometry": "center"
      },
      "geometry": {
        "type": "Point",
        "coordinates": [
          117.1575314,
          -0.450448
        ]
      },
      "id": "way/356392491"
    },
    {
      "type": "Feature",
      "properties": {
        "@id": "way/356401143",
        "addr:full": "Jl. Olah Bebaya (Kodepos : 75114)",
        "admin_level": "7",
        "building": "yes",
        "name": "Kantor Kelurahan Pulau Atas",
        "office": "government",
        "short_name": "Kantor Lurah Pulau Atas",
        "website": "http://www.samarindatepian.com/2013/10/alamat-dan-kodepos-kantor-lurah-di-kota.html",
        "@geometry": "center"
      },
      "geometry": {
        "type": "Point",
        "coordinates": [
          117.2190876,
          -0.5613307
        ]
      },
      "id": "way/356401143"
    },
    {
      "type": "Feature",
      "properties": {
        "@id": "way/356401146",
        "addr:full": "Jl. Sultan Sulaiman No. 26",
        "amenity": "school",
        "building": "yes",
        "building:levels": "2",
        "capacity:persons": "200",
        "name": "SD & SMP Nasional 3 Bahasa Samarinda",
        "operator:type": "private",
        "school:type_idn": "SD & SMP",
        "url": "http://referensi.data.kemdikbud.go.id/tabs.php?npsn=30405645",
        "website": "https://referensi.data.kemdikbud.go.id/tabs.php?npsn=69889039",
        "@geometry": "center"
      },
      "geometry": {
        "type": "Point",
        "coordinates": [
          117.1709147,
          -0.5070105
        ]
      },
      "id": "way/356401146"
    },
    {
      "type": "Feature",
      "properties": {
        "@id": "way/356401147",
        "addr:full": "Jl. Raya Protokol Sultan Sulaiman",
        "amenity": "school",
        "building": "yes",
        "capacity:persons": "100",
        "name": "SD Islam Terpadu Al Anshar",
        "operator:type": "private",
        "school:type_idn": "SD/MI",
        "url": "http://sditalansharsamarinda.blogspot.com",
        "website": "https://referensi.data.kemdikbud.go.id/tabs.php?npsn=30407325",
        "@geometry": "center"
      },
      "geometry": {
        "type": "Point",
        "coordinates": [
          117.2033872,
          -0.5201994
        ]
      },
      "id": "way/356401147"
    },
    {
      "type": "Feature",
      "properties": {
        "@id": "way/356401148",
        "addr:full": "Jl. Telkom Rt.04 Pangkalan",
        "amenity": "school",
        "building": "yes",
        "building:levels": "1",
        "capacity:persons": "400",
        "name": "SD Negeri 003 Sambutan",
        "old_name": "SDN 031 Samarinda Ilir",
        "operator:type": "government",
        "school:type_idn": "SD/MI",
        "url": "http://referensi.data.kemdikbud.go.id/tabs.php?npsn=30400929",
        "@geometry": "center"
      },
      "geometry": {
        "type": "Point",
        "coordinates": [
          117.1904667,
          -0.5504674
        ]
      },
      "id": "way/356401148"
    },
    {
      "type": "Feature",
      "properties": {
        "@id": "way/356401149",
        "addr:full": "Jl. Telkom Rt.04 Pangkalan",
        "amenity": "school",
        "building": "yes",
        "building:levels": "1",
        "capacity:persons": "400",
        "name": "SD Negeri 003 Sambutan",
        "old_name": "SDN 031 Samarinda Ilir",
        "operator:type": "government",
        "school:type_idn": "SD/MI",
        "url": "http://referensi.data.kemdikbud.go.id/tabs.php?npsn=30400929",
        "@geometry": "center"
      },
      "geometry": {
        "type": "Point",
        "coordinates": [
          117.1908419,
          -0.5502672
        ]
      },
      "id": "way/356401149"
    },
    {
      "type": "Feature",
      "properties": {
        "@id": "way/356401150",
        "addr:full": "Jl. Pelita IV",
        "amenity": "school",
        "building": "yes",
        "building:levels": "1",
        "capacity:persons": "400",
        "name": "SD Negeri 004 Sambutan",
        "old_name": "SDN 032 Samarinda Ilir",
        "operator:type": "government",
        "school:type_idn": "SD/MI",
        "short_name": "SDN 004 Sambutan",
        "url": "http://referensi.data.kemdikbud.go.id/tabs.php?npsn=30400920",
        "@geometry": "center"
      },
      "geometry": {
        "type": "Point",
        "coordinates": [
          117.185163,
          -0.5059806
        ]
      },
      "id": "way/356401150"
    },
    {
      "type": "Feature",
      "properties": {
        "@id": "way/356401151",
        "addr:full": "Jl. Pelita IV",
        "amenity": "school",
        "building": "yes",
        "building:levels": "1",
        "capacity:persons": "400",
        "name": "SD Negeri 032 Sambutan (SDN 004)",
        "operator:type": "government",
        "school:type_idn": "SD/MI",
        "url": "http://referensi.data.kemdikbud.go.id/tabs.php?npsn=30400920",
        "@geometry": "center"
      },
      "geometry": {
        "type": "Point",
        "coordinates": [
          117.1853681,
          -0.506037
        ]
      },
      "id": "way/356401151"
    },
    {
      "type": "Feature",
      "properties": {
        "@id": "way/356401152",
        "addr:full": "Jl. Pelita IV",
        "amenity": "school",
        "building": "yes",
        "building:levels": "1",
        "capacity:persons": "400",
        "name": "SD Negeri 032 Sambutan (SDN 004)",
        "operator:type": "government",
        "school:type_idn": "SD/MI",
        "url": "http://referensi.data.kemdikbud.go.id/tabs.php?npsn=30400920",
        "@geometry": "center"
      },
      "geometry": {
        "type": "Point",
        "coordinates": [
          117.1849602,
          -0.5060385
        ]
      },
      "id": "way/356401152"
    },
    {
      "type": "Feature",
      "properties": {
        "@id": "way/356401153",
        "addr:full": "Jl. Sultan Sulaiman",
        "amenity": "school",
        "building": "yes",
        "building:levels": "1",
        "capacity:persons": "400",
        "name": "SD Negeri 007 Sambutan",
        "old_name": "SDN 037 Samarinda Ilir",
        "operator:type": "government",
        "school:type_idn": "SD/MI",
        "short_name": "SDN 007 Sambutan",
        "url": "http://referensi.data.kemdikbud.go.id/tabs.php?npsn=30400939",
        "@geometry": "center"
      },
      "geometry": {
        "type": "Point",
        "coordinates": [
          117.1990095,
          -0.5177464
        ]
      },
      "id": "way/356401153"
    },
    {
      "type": "Feature",
      "properties": {
        "@id": "way/356401154",
        "addr:full": "Jl. Tatako",
        "amenity": "school",
        "building": "yes",
        "building:levels": "1",
        "capacity:persons": "400",
        "name": "SD Negeri 008 Sambutan",
        "old_name": "SDN 036 Samarinda Ilir",
        "operator:type": "government",
        "school:type_idn": "SD/MI",
        "url": "http://referensi.data.kemdikbud.go.id/tabs.php?npsn=30402992",
        "@geometry": "center"
      },
      "geometry": {
        "type": "Point",
        "coordinates": [
          117.1747726,
          -0.5367543
        ]
      },
      "id": "way/356401154"
    },
    {
      "type": "Feature",
      "properties": {
        "@id": "way/356401155",
        "addr:full": "Jl. Sekolahan",
        "amenity": "school",
        "building": "yes",
        "building:levels": "1",
        "capacity:persons": "400",
        "name": "SD Negeri 009 Sambutan",
        "old_name": "SDN 038 Samarinda Ilir",
        "operator:type": "government",
        "school:type_idn": "SD/MI",
        "url": "http://referensi.data.kemdikbud.go.id/tabs.php?npsn=30400958",
        "@geometry": "center"
      },
      "geometry": {
        "type": "Point",
        "coordinates": [
          117.2233507,
          -0.5584123
        ]
      },
      "id": "way/356401155"
    },
    {
      "type": "Feature",
      "properties": {
        "@id": "way/356401157",
        "addr:full": "Jl. Sekolahan",
        "amenity": "school",
        "building": "yes",
        "building:levels": "1",
        "capacity:persons": "400",
        "name": "SD Negeri 009 Sambutan",
        "old_name": "SDN 038 Samarinda Ilir",
        "operator:type": "government",
        "school:type_idn": "SD/MI",
        "url": "http://referensi.data.kemdikbud.go.id/tabs.php?npsn=30400958",
        "@geometry": "center"
      },
      "geometry": {
        "type": "Point",
        "coordinates": [
          117.2236431,
          -0.5584267
        ]
      },
      "id": "way/356401157"
    },
    {
      "type": "Feature",
      "properties": {
        "@id": "way/356401158",
        "addr:full": "Jl. Masjid Rt.01",
        "amenity": "school",
        "building": "yes",
        "capacity:persons": "400",
        "name": "SD Negeri 012 Sambutan",
        "old_name": "SDN 041 Samarinda Ilir",
        "operator:type": "government",
        "school:type_idn": "SD/MI",
        "url": "http://referensi.data.kemdikbud.go.id/tabs.php?npsn=30400942",
        "@geometry": "center"
      },
      "geometry": {
        "type": "Point",
        "coordinates": [
          117.2231663,
          -0.557169
        ]
      },
      "id": "way/356401158"
    },
    {
      "type": "Feature",
      "properties": {
        "@id": "way/356401160",
        "addr:full": "Jl. Masaji",
        "amenity": "school",
        "building": "yes",
        "building:levels": "1",
        "capacity:persons": "400",
        "name": "SD Negeri 013 Sambutan",
        "old_name": "SDN 042 Samarinda Ilir",
        "operator:type": "government",
        "school:type_idn": "SD/MI",
        "url": "http://referensi.data.kemdikbud.go.id/tabs.php?npsn=30400944",
        "@geometry": "center"
      },
      "geometry": {
        "type": "Point",
        "coordinates": [
          117.2321961,
          -0.5597999
        ]
      },
      "id": "way/356401160"
    },
    {
      "type": "Feature",
      "properties": {
        "@id": "way/356401161",
        "addr:full": "Jl. Pelita 7 Perumahan Sambutan Idaman Permai",
        "amenity": "school",
        "building": "yes",
        "building:levels": "1",
        "capacity:persons": "400",
        "name": "SD Negeri 014 Sambutan",
        "old_name": "SDN 043 Samarinda Ilir",
        "operator:type": "government",
        "school:type_idn": "SD/MI",
        "url": "http://referensi.data.kemdikbud.go.id/tabs.php?npsn=30400946",
        "@geometry": "center"
      },
      "geometry": {
        "type": "Point",
        "coordinates": [
          117.2097924,
          -0.5092761
        ]
      },
      "id": "way/356401161"
    },
    {
      "type": "Feature",
      "properties": {
        "@id": "way/356401162",
        "addr:full": "Jl. Sultan Sulaiman Km. 2,5",
        "amenity": "school",
        "building": "yes",
        "building:levels": "1",
        "capacity:persons": "600",
        "name": "SMK PGRI 5 Samarinda",
        "operator:type": "private",
        "school:type_idn": "SMK",
        "url": "http://referensi.data.kemdikbud.go.id/tabs.php?npsn=30401078",
        "@geometry": "center"
      },
      "geometry": {
        "type": "Point",
        "coordinates": [
          117.1789591,
          -0.5036529
        ]
      },
      "id": "way/356401162"
    },
    {
      "type": "Feature",
      "properties": {
        "@id": "way/356401163",
        "addr:full": "Jl. Sultan Sulaiman Km. 2,5",
        "amenity": "school",
        "building": "yes",
        "building:levels": "1",
        "capacity:persons": "600",
        "name": "SMK PGRI 5 Samarinda",
        "operator:type": "private",
        "school:type_idn": "SMK",
        "url": "http://referensi.data.kemdikbud.go.id/tabs.php?npsn=30401078",
        "@geometry": "center"
      },
      "geometry": {
        "type": "Point",
        "coordinates": [
          117.178796,
          -0.5037891
        ]
      },
      "id": "way/356401163"
    },
    {
      "type": "Feature",
      "properties": {
        "@id": "way/356401164",
        "addr:full": "Jl. Sultan Sulaiman Km. 2,5",
        "amenity": "school",
        "building": "yes",
        "building:levels": "1",
        "capacity:persons": "600",
        "name": "SMK PGRI 5 Samarinda",
        "operator:type": "private",
        "school:type_idn": "SMK",
        "url": "http://referensi.data.kemdikbud.go.id/tabs.php?npsn=30401078",
        "@geometry": "center"
      },
      "geometry": {
        "type": "Point",
        "coordinates": [
          117.1789079,
          -0.5039243
        ]
      },
      "id": "way/356401164"
    },
    {
      "type": "Feature",
      "properties": {
        "@id": "way/356401165",
        "addr:full": "Jl. Sultan Sulaiman Km. 2,5",
        "amenity": "school",
        "building": "yes",
        "building:levels": "1",
        "capacity:persons": "600",
        "name": "SMK PGRI 5 Samarinda",
        "operator:type": "private",
        "school:type_idn": "SMK",
        "url": "http://referensi.data.kemdikbud.go.id/tabs.php?npsn=30401078",
        "@geometry": "center"
      },
      "geometry": {
        "type": "Point",
        "coordinates": [
          117.1788241,
          -0.5033996
        ]
      },
      "id": "way/356401165"
    },
    {
      "type": "Feature",
      "properties": {
        "@id": "way/356401166",
        "addr:full": "Jl. Sultan Sulaiman Km. 2,5",
        "amenity": "school",
        "building": "yes",
        "building:levels": "1",
        "capacity:persons": "600",
        "name": "SMK PGRI 5 Samarinda",
        "operator:type": "private",
        "school:type_idn": "SMK",
        "url": "http://referensi.data.kemdikbud.go.id/tabs.php?npsn=30401078",
        "@geometry": "center"
      },
      "geometry": {
        "type": "Point",
        "coordinates": [
          117.1786235,
          -0.503564
        ]
      },
      "id": "way/356401166"
    },
    {
      "type": "Feature",
      "properties": {
        "@id": "way/356401167",
        "addr:full": "Jl. Pelita 7 Perumahan Sambutan Idaman Permai",
        "amenity": "school",
        "building": "yes",
        "building:levels": "1",
        "capacity:persons": "400",
        "name": "SMP Negeri 41 Samarinda",
        "operator:type": "government",
        "school:type_idn": "SMP/MTs",
        "url": "http://referensi.data.kemdikbud.go.id/tabs.php?npsn=30405607",
        "@geometry": "center"
      },
      "geometry": {
        "type": "Point",
        "coordinates": [
          117.2102826,
          -0.5088911
        ]
      },
      "id": "way/356401167"
    },
    {
      "type": "Feature",
      "properties": {
        "@id": "way/356401168",
        "addr:full": "Jl. Pelita 7 Perumahan Sambutan Idaman Permai",
        "amenity": "school",
        "building": "yes",
        "building:levels": "1",
        "capacity:persons": "400",
        "name": "SMP Negeri 41 Samarinda",
        "operator:type": "government",
        "school:type_idn": "SMP/MTs",
        "url": "http://referensi.data.kemdikbud.go.id/tabs.php?npsn=30405607",
        "@geometry": "center"
      },
      "geometry": {
        "type": "Point",
        "coordinates": [
          117.2102536,
          -0.5093075
        ]
      },
      "id": "way/356401168"
    },
    {
      "type": "Feature",
      "properties": {
        "@id": "way/356401169",
        "addr:full": "Jl. Pelita 7 Perumahan Sambutan Idaman Permai",
        "amenity": "school",
        "building": "yes",
        "building:levels": "1",
        "capacity:persons": "400",
        "name": "SMP Negeri 41 Samarinda",
        "operator:type": "government",
        "school:type_idn": "SMP/MTs",
        "url": "http://referensi.data.kemdikbud.go.id/tabs.php?npsn=30405607",
        "@geometry": "center"
      },
      "geometry": {
        "type": "Point",
        "coordinates": [
          117.2103921,
          -0.5092024
        ]
      },
      "id": "way/356401169"
    },
    {
      "type": "Feature",
      "properties": {
        "@id": "way/356401170",
        "addr:full": "Jl. Pelita 7 Perumahan Sambutan Idaman Permai",
        "amenity": "school",
        "building": "yes",
        "building:levels": "1",
        "capacity:persons": "400",
        "name": "SMP Negeri 41 Samarinda",
        "operator:type": "government",
        "school:type_idn": "SMP/MTs",
        "url": "http://referensi.data.kemdikbud.go.id/tabs.php?npsn=30405607",
        "@geometry": "center"
      },
      "geometry": {
        "type": "Point",
        "coordinates": [
          117.210435,
          -0.5090639
        ]
      },
      "id": "way/356401170"
    },
    {
      "type": "Feature",
      "properties": {
        "@id": "way/356401171",
        "addr:full": "Jl. Sultan Sulaiman",
        "amenity": "fuel",
        "building": "yes",
        "name": "SPBU Sambutan",
        "@geometry": "center"
      },
      "geometry": {
        "type": "Point",
        "coordinates": [
          117.2038492,
          -0.5202483
        ]
      },
      "id": "way/356401171"
    },
    {
      "type": "Feature",
      "properties": {
        "@id": "way/356401172",
        "addr:full": "Jl. Sultan Sulaiman",
        "amenity": "fuel",
        "building": "yes",
        "name": "SPBU Sambutan",
        "@geometry": "center"
      },
      "geometry": {
        "type": "Point",
        "coordinates": [
          117.2037069,
          -0.5202298
        ]
      },
      "id": "way/356401172"
    },
    {
      "type": "Feature",
      "properties": {
        "@id": "way/356401173",
        "addr:full": "Jl. Sultan Sulaiman",
        "amenity": "fuel",
        "building": "yes",
        "name": "SPBU Sambutan",
        "@geometry": "center"
      },
      "geometry": {
        "type": "Point",
        "coordinates": [
          117.2040695,
          -0.5202898
        ]
      },
      "id": "way/356401173"
    },
    {
      "type": "Feature",
      "properties": {
        "@id": "way/356403430",
        "addr:full": "Jl. Mugirejo Gg. Bugis",
        "amenity": "school",
        "building": "yes",
        "building:levels": "2",
        "capacity:persons": "500",
        "name": "Pondok Pesantren Al-Aziziyah",
        "operator:type": "private",
        "school:type_idn": "Pesantren",
        "website": "http://www.ldii-sidoarjo.org/2010/06/ponpes-aziziyah-samarinda.html",
        "@geometry": "center"
      },
      "geometry": {
        "type": "Point",
        "coordinates": [
          117.1858641,
          -0.4663114
        ]
      },
      "id": "way/356403430"
    },
    {
      "type": "Feature",
      "properties": {
        "@id": "way/356403431",
        "addr:full": "Jl. D.I Panjaitan Gunung Lingai",
        "amenity": "school",
        "capacity:persons": "500",
        "name": "SD Negeri 005 Sungai Pinang",
        "old_name": "SDN 006 Samarinda Utara",
        "operator:type": "government",
        "school:type_idn": "SD/MI",
        "url": "http://referensi.data.kemdikbud.go.id/pd_index.php?kode=166008&level=3",
        "@geometry": "center"
      },
      "geometry": {
        "type": "Point",
        "coordinates": [
          117.1750223,
          -0.461479
        ]
      },
      "id": "way/356403431"
    },
    {
      "type": "Feature",
      "properties": {
        "@id": "way/356403432",
        "addr:full": "Jl. Mugirejo Gg. Sekolah",
        "amenity": "school",
        "building": "yes",
        "building:levels": "1",
        "capacity:persons": "500",
        "name": "SD Negeri 008 Sungai Pinang",
        "operator:type": "government",
        "school:type_idn": "SD/MI",
        "website": "https://referensi.data.kemdikbud.go.id/pd_index.php?kode=166008&level=3",
        "@geometry": "center"
      },
      "geometry": {
        "type": "Point",
        "coordinates": [
          117.1906897,
          -0.4665425
        ]
      },
      "id": "way/356403432"
    },
    {
      "type": "Feature",
      "properties": {
        "@id": "way/356448130",
        "addr:full": "Jl. Pangeran M. Noor No. 2 Sempaja, Samarinda 75119",
        "admin_level": "4",
        "building": "yes",
        "building:levels": "1",
        "government": "administrative",
        "name": "Badan Karantina Pertanian Samarinda",
        "office": "government",
        "url": "skpsamarinda.org",
        "website": "https://www.pertanian.go.id/upt/alamt%20upt%20per%20provinsi/ALAMAT%20UPT/23.html",
        "@geometry": "center"
      },
      "geometry": {
        "type": "Point",
        "coordinates": [
          117.1590994,
          -0.4508397
        ]
      },
      "id": "way/356448130"
    },
    {
      "type": "Feature",
      "properties": {
        "@id": "way/356448131",
        "addr:full": "Jl. Pangeran M. Noor No. 2 Sempaja, Samarinda 75119",
        "admin_level": "4",
        "building": "yes",
        "building:levels": "1",
        "government": "administrative",
        "name": "Badan Karantina Pertanian Samarinda",
        "office": "government",
        "url": "skpsamarinda.org",
        "website": "https://www.pertanian.go.id/upt/alamt%20upt%20per%20provinsi/ALAMAT%20UPT/23.html",
        "@geometry": "center"
      },
      "geometry": {
        "type": "Point",
        "coordinates": [
          117.1591235,
          -0.4507325
        ]
      },
      "id": "way/356448131"
    },
    {
      "type": "Feature",
      "properties": {
        "@id": "way/356448132",
        "addr:full": "Jl. Pangeran M. Noor No. 2 Sempaja, Samarinda 75119",
        "admin_level": "4",
        "building": "yes",
        "building:levels": "1",
        "government": "administrative",
        "name": "Badan Karantina Pertanian Samarinda",
        "office": "government",
        "url": "skpsamarinda.org",
        "website": "https://www.pertanian.go.id/upt/alamt%20upt%20per%20provinsi/ALAMAT%20UPT/23.html",
        "@geometry": "center"
      },
      "geometry": {
        "type": "Point",
        "coordinates": [
          117.1590346,
          -0.4509579
        ]
      },
      "id": "way/356448132"
    },
    {
      "type": "Feature",
      "properties": {
        "@id": "way/356448133",
        "addr:full": "Jl. Pangeran M. Noor, Sempaja PO Box 1832 Samarinda 75119 - Kalimantan Timur",
        "admin_level": "4",
        "building": "yes",
        "building:levels": "1",
        "government": "administrative",
        "name": "Balai Pengkajian Teknologi Pertanian Kaltim",
        "office": "government",
        "url": "http://kaltim.litbang.pertanian.go.id/ind/",
        "website": "http://www.litbang.pertanian.go.id/unker/one/1283/",
        "@geometry": "center"
      },
      "geometry": {
        "type": "Point",
        "coordinates": [
          117.1582576,
          -0.4506381
        ]
      },
      "id": "way/356448133"
    },
    {
      "type": "Feature",
      "properties": {
        "@id": "way/356448134",
        "addr:full": "Jl. Pangeran M. Noor, Sempaja PO Box 1832 Samarinda 75119 - Kalimantan Timur",
        "admin_level": "4",
        "building": "yes",
        "building:levels": "1",
        "government": "administrative",
        "name": "Balai Pengkajian Teknologi Pertanian Kaltim",
        "office": "government",
        "url": "http://kaltim.litbang.pertanian.go.id/ind/",
        "website": "http://www.litbang.pertanian.go.id/unker/one/1283/",
        "@geometry": "center"
      },
      "geometry": {
        "type": "Point",
        "coordinates": [
          117.1586761,
          -0.4507675
        ]
      },
      "id": "way/356448134"
    },
    {
      "type": "Feature",
      "properties": {
        "@id": "way/356448135",
        "addr:full": "Jl. Pangeran M. Noor, Sempaja PO Box 1832 Samarinda 75119 - Kalimantan Timur",
        "admin_level": "4",
        "building": "yes",
        "building:levels": "1",
        "government": "administrative",
        "name": "Balai Pengkajian Teknologi Pertanian Kaltim",
        "office": "government",
        "url": "http://kaltim.litbang.pertanian.go.id/ind/",
        "website": "http://www.litbang.pertanian.go.id/unker/one/1283/",
        "@geometry": "center"
      },
      "geometry": {
        "type": "Point",
        "coordinates": [
          117.1587113,
          -0.4506495
        ]
      },
      "id": "way/356448135"
    },
    {
      "type": "Feature",
      "properties": {
        "@id": "way/356448136",
        "addr:full": "Jl. PM. Noor",
        "admin_level": "4",
        "building": "yes",
        "building:levels": "1",
        "government": "administrative",
        "name": "Dinas Pertanian Tanaman Pangan UPTD Proteksi Tanaman Pangan & Hortikulasi",
        "office": "government",
        "url": "http://www.uptdptphkaltim.web.id",
        "@geometry": "center"
      },
      "geometry": {
        "type": "Point",
        "coordinates": [
          117.1578813,
          -0.4503361
        ]
      },
      "id": "way/356448136"
    },
    {
      "type": "Feature",
      "properties": {
        "@id": "way/356448137",
        "addr:full": "Jl. PM. Noor",
        "admin_level": "4",
        "building": "yes",
        "building:levels": "1",
        "government": "administrative",
        "name": "Dinas Pertanian Tanaman Pangan UPTD Proteksi Tanaman Pangan & Hortikulasi",
        "office": "government",
        "url": "http://www.uptdptphkaltim.web.id",
        "@geometry": "center"
      },
      "geometry": {
        "type": "Point",
        "coordinates": [
          117.1578151,
          -0.450538
        ]
      },
      "id": "way/356448137"
    },
    {
      "type": "Feature",
      "properties": {
        "@id": "way/356448138",
        "addr:full": "Jl. PM. Noor",
        "admin_level": "4",
        "building": "yes",
        "building:levels": "1",
        "government": "administrative",
        "name": "Dinas Pertanian Tanaman Pangan UPTD Proteksi Tanaman Pangan & Hortikulasi",
        "office": "government",
        "url": "http://www.uptdptphkaltim.web.id",
        "@geometry": "center"
      },
      "geometry": {
        "type": "Point",
        "coordinates": [
          117.1580647,
          -0.4503783
        ]
      },
      "id": "way/356448138"
    },
    {
      "type": "Feature",
      "properties": {
        "@id": "way/356448139",
        "addr:full": "Jl. Perjuangan",
        "admin_level": "4",
        "building": "yes",
        "building:levels": "1",
        "government": "administrative",
        "name": "Gudang Provinsi Kalimantan Timur",
        "office": "government",
        "@geometry": "center"
      },
      "geometry": {
        "type": "Point",
        "coordinates": [
          117.159965,
          -0.4522461
        ]
      },
      "id": "way/356448139"
    },
    {
      "type": "Feature",
      "properties": {
        "@id": "way/356448140",
        "addr:full": "Jl. Perjuangan",
        "admin_level": "4",
        "building": "yes",
        "building:levels": "1",
        "government": "administrative",
        "name": "Gudang Provinsi Kalimantan Timur",
        "office": "government",
        "@geometry": "center"
      },
      "geometry": {
        "type": "Point",
        "coordinates": [
          117.1602649,
          -0.4524969
        ]
      },
      "id": "way/356448140"
    },
    {
      "type": "Feature",
      "properties": {
        "@id": "way/356448144",
        "addr:full": "Jl. PM. Noor",
        "amenity": "marketplace",
        "building": "yes",
        "building:levels": "1",
        "capacity:persons": "500",
        "name": "Pasar Arum Temindung",
        "website": "http://wikimapia.org/32925221/id/Pasar-Arum-Temindung",
        "@geometry": "center"
      },
      "geometry": {
        "type": "Point",
        "coordinates": [
          117.1738246,
          -0.4608475
        ]
      },
      "id": "way/356448144"
    },
    {
      "type": "Feature",
      "properties": {
        "@id": "way/356448145",
        "addr:full": "Jl. PM. Noor No",
        "addr:street": "Jalan P. M. Noor",
        "amenity": "fuel",
        "building": "yes",
        "building:levels": "1",
        "name": "Pertamina SPBU 64.751.09",
        "url": "http://pastipas.pertamina.com/lokasi.asp?id=194",
        "@geometry": "center"
      },
      "geometry": {
        "type": "Point",
        "coordinates": [
          117.1631582,
          -0.4526052
        ]
      },
      "id": "way/356448145"
    },
    {
      "type": "Feature",
      "properties": {
        "@id": "way/356448146",
        "addr:full": "Jl. Perjuangan RT.1 No 22",
        "amenity": "school",
        "building": "yes",
        "building:levels": "1",
        "capacity:persons": "60",
        "name": "SD Integral Lukman Al Hakim",
        "operator:type": "private",
        "school:type_idn": "SD/MI",
        "website": "https://referensi.data.kemdikbud.go.id/index11.php?kode=166006&level=3",
        "@geometry": "center"
      },
      "geometry": {
        "type": "Point",
        "coordinates": [
          117.159914,
          -0.4555967
        ]
      },
      "id": "way/356448146"
    },
    {
      "type": "Feature",
      "properties": {
        "@id": "way/356448147",
        "addr:full": "Jl. Perjuangan RT.1 No 22",
        "amenity": "school",
        "building": "yes",
        "building:levels": "1",
        "capacity:persons": "80",
        "name": "SD Integral Lukman Al Hakim",
        "operator:type": "private",
        "school:type_idn": "SD/MI",
        "website": "https://referensi.data.kemdikbud.go.id/index11.php?kode=166006&level=3",
        "@geometry": "center"
      },
      "geometry": {
        "type": "Point",
        "coordinates": [
          117.1605266,
          -0.4556526
        ]
      },
      "id": "way/356448147"
    },
    {
      "type": "Feature",
      "properties": {
        "@id": "way/356448148",
        "addr:full": "Jl. Perjuangan RT.1 No 22",
        "amenity": "school",
        "building": "yes",
        "building:levels": "1",
        "capacity:persons": "60",
        "name": "SD Integral Lukman Al Hakim",
        "operator:type": "private",
        "school:type_idn": "SD/MI",
        "website": "https://referensi.data.kemdikbud.go.id/index11.php?kode=166006&level=3",
        "@geometry": "center"
      },
      "geometry": {
        "type": "Point",
        "coordinates": [
          117.1601863,
          -0.4564331
        ]
      },
      "id": "way/356448148"
    },
    {
      "type": "Feature",
      "properties": {
        "@id": "way/356448149",
        "addr:full": "Jl. Perjuangan RT.1 No 22",
        "amenity": "school",
        "building": "yes",
        "building:levels": "1",
        "capacity:persons": "60",
        "name": "SD Integral Lukman Al Hakim",
        "operator:type": "private",
        "school:type_idn": "SD/MI",
        "website": "https://referensi.data.kemdikbud.go.id/index11.php?kode=166006&level=3",
        "@geometry": "center"
      },
      "geometry": {
        "type": "Point",
        "coordinates": [
          117.1596851,
          -0.4561927
        ]
      },
      "id": "way/356448149"
    },
    {
      "type": "Feature",
      "properties": {
        "@id": "way/356448150",
        "addr:full": "Jl. Perjuangan RT.1 No 22",
        "amenity": "school",
        "building": "yes",
        "building:levels": "1",
        "capacity:persons": "120",
        "name": "SD Integral Lukman Al Hakim",
        "operator:type": "private",
        "school:type_idn": "SD/MI",
        "website": "https://referensi.data.kemdikbud.go.id/index11.php?kode=166006&level=3",
        "@geometry": "center"
      },
      "geometry": {
        "type": "Point",
        "coordinates": [
          117.1605708,
          -0.4549721
        ]
      },
      "id": "way/356448150"
    },
    {
      "type": "Feature",
      "properties": {
        "@id": "way/356448151",
        "addr:full": "Jl. Perjuangan RT.1 No 22",
        "amenity": "school",
        "building": "yes",
        "building:levels": "1",
        "capacity:persons": "20",
        "name": "SD Integral Lukman Al Hakim",
        "operator:type": "private",
        "school:type_idn": "SD/MI",
        "website": "https://referensi.data.kemdikbud.go.id/index11.php?kode=166006&level=3",
        "@geometry": "center"
      },
      "geometry": {
        "type": "Point",
        "coordinates": [
          117.1611053,
          -0.4559026
        ]
      },
      "id": "way/356448151"
    },
    {
      "type": "Feature",
      "properties": {
        "@id": "way/356451638",
        "addr:full": "Jl. Sultan Sulaiman",
        "amenity": "bank",
        "brand": "Bankaltim",
        "building": "yes",
        "building:levels": "1",
        "capacity:persons": "40",
        "name": "Bankaltim KCP Sambutan",
        "url": "http://www.bankaltim.co.id/pages/read/KC_Samarinda.html",
        "@geometry": "center"
      },
      "geometry": {
        "type": "Point",
        "coordinates": [
          117.180655,
          -0.5096613
        ]
      },
      "id": "way/356451638"
    },
    {
      "type": "Feature",
      "properties": {
        "@id": "way/356451641",
        "addr:full": "Jl. Sultan Sulaiman",
        "admin_level": "6",
        "building": "yes",
        "building:levels": "2",
        "name": "Kantor Kecamatan Sambutan",
        "office": "government",
        "website": "http://kec-sambutan.com/home",
        "@geometry": "center"
      },
      "geometry": {
        "type": "Point",
        "coordinates": [
          117.1692638,
          -0.5071851
        ]
      },
      "id": "way/356451641"
    },
    {
      "type": "Feature",
      "properties": {
        "@id": "way/356451643",
        "addr:full": "Jl. Sultan Sulaiman",
        "amenity": "clinic",
        "building": "yes",
        "building:levels": "2",
        "capacity:persons": "30",
        "healthcare": "clinic",
        "name": "Klinik Bersalin \"Putri Ayu Husada\"",
        "rooms": "5",
        "@geometry": "center"
      },
      "geometry": {
        "type": "Point",
        "coordinates": [
          117.1810338,
          -0.5100559
        ]
      },
      "id": "way/356451643"
    },
    {
      "type": "Feature",
      "properties": {
        "@id": "way/356451649",
        "addr:full": "Jl. Sultan Sulaiman",
        "amenity": "police",
        "building": "yes",
        "building:levels": "1",
        "capacity:persons": "30",
        "name": "POLSEK Kec. Sambutan",
        "@geometry": "center"
      },
      "geometry": {
        "type": "Point",
        "coordinates": [
          117.2194095,
          -0.5268416
        ]
      },
      "id": "way/356451649"
    },
    {
      "type": "Feature",
      "properties": {
        "@id": "way/356451650",
        "addr:full": "Jl. Sultan Sulaiman",
        "amenity": "fuel",
        "building": "yes",
        "building:levels": "1",
        "capacity:persons": "1000",
        "name": "SPBU Sambutan",
        "@geometry": "center"
      },
      "geometry": {
        "type": "Point",
        "coordinates": [
          117.1666331,
          -0.5074452
        ]
      },
      "id": "way/356451650"
    },
    {
      "type": "Feature",
      "properties": {
        "@id": "way/356451651",
        "addr:full": "Jl. Sultan Sulaiman",
        "admin_level": "6",
        "building": "yes",
        "building:levels": "1",
        "name": "Samsat Pembantu Kec. Sambutan",
        "office": "government",
        "@geometry": "center"
      },
      "geometry": {
        "type": "Point",
        "coordinates": [
          117.1808597,
          -0.5097953
        ]
      },
      "id": "way/356451651"
    },
    {
      "type": "Feature",
      "properties": {
        "@id": "way/356451653",
        "addr:full": "Jl. Sultan Sulaiman",
        "building": "yes",
        "building:levels": "1",
        "capacity:persons": "50",
        "name": "UPC Pasar Galunggung",
        "shop": "convenience",
        "url": "http://www.pegadaian.co.id/jaringan-cabang.php",
        "@geometry": "center"
      },
      "geometry": {
        "type": "Point",
        "coordinates": [
          117.1694979,
          -0.5078126
        ]
      },
      "id": "way/356451653"
    },
    {
      "type": "Feature",
      "properties": {
        "@id": "way/356467215",
        "addr:full": "Jl. PM. Noor",
        "admin_level": "4",
        "building": "yes",
        "building:levels": "2",
        "government": "administrative",
        "name": "Dinas Pengawasan dan Karantina Tanaman Pangan Provinsi Kalimantan Timur",
        "office": "government",
        "website": "skpsamarinda.org",
        "@geometry": "center"
      },
      "geometry": {
        "type": "Point",
        "coordinates": [
          117.1603995,
          -0.4509404
        ]
      },
      "id": "way/356467215"
    },
    {
      "type": "Feature",
      "properties": {
        "@id": "way/356467216",
        "addr:full": "Jl. PM. Noor",
        "admin_level": "4",
        "building": "yes",
        "building:levels": "3",
        "government": "administrative",
        "name": "Kaltim Education Center",
        "office": "government",
        "website": "https://diskominfo.kaltimprov.go.id/berita-dinas-pendidikan-kaltim-akan-resmikan-education-center-tahap-i.html",
        "@geometry": "center"
      },
      "geometry": {
        "type": "Point",
        "coordinates": [
          117.1569811,
          -0.4499677
        ]
      },
      "id": "way/356467216"
    },
    {
      "type": "Feature",
      "properties": {
        "@id": "way/356471037",
        "addr:full": "Jl. D.I Panjaitan",
        "amenity": "college",
        "building": "yes",
        "building:levels": "3",
        "capacity:persons": "100",
        "name": "LPK El Rahma",
        "operator:type": "private",
        "url": "https://www.elrahma-samarinda.com",
        "@geometry": "center"
      },
      "geometry": {
        "type": "Point",
        "coordinates": [
          117.1734424,
          -0.4626546
        ]
      },
      "id": "way/356471037"
    },
    {
      "type": "Feature",
      "properties": {
        "@id": "way/356471039",
        "addr:full": "Jl. Ahmad Yani",
        "amenity": "school",
        "building": "yes",
        "building:levels": "2",
        "capacity:persons": "450",
        "name": "SD Negeri 007 Sungai Pinang",
        "operator:type": "government",
        "school:type_idn": "SD/MI",
        "website": "https://referensi.data.kemdikbud.go.id/pd_index.php?kode=166008&level=3",
        "@geometry": "center"
      },
      "geometry": {
        "type": "Point",
        "coordinates": [
          117.1622732,
          -0.4744714
        ]
      },
      "id": "way/356471039"
    },
    {
      "type": "Feature",
      "properties": {
        "@id": "way/356471040",
        "addr:full": "Jl. Ahmad Yani No. 39",
        "amenity": "school",
        "building": "yes",
        "building:levels": "2",
        "capacity:persons": "450",
        "name": "SD Negeri 010 Sungai Pinang",
        "operator:type": "government",
        "school:type_idn": "SD/MI",
        "website": "https://referensi.data.kemdikbud.go.id/pd_index.php?kode=166008&level=3",
        "@geometry": "center"
      },
      "geometry": {
        "type": "Point",
        "coordinates": [
          117.1623713,
          -0.4741843
        ]
      },
      "id": "way/356471040"
    },
    {
      "type": "Feature",
      "properties": {
        "@id": "way/356498880",
        "addr:full": "Jl. M.Yamin",
        "amenity": "college",
        "building": "yes",
        "building:levels": "3",
        "capacity:persons": "600",
        "name": "Awang Faroek Institute",
        "operator:type": "private",
        "@geometry": "center"
      },
      "geometry": {
        "type": "Point",
        "coordinates": [
          117.1495243,
          -0.4639296
        ]
      },
      "id": "way/356498880"
    },
    {
      "type": "Feature",
      "properties": {
        "@id": "way/356526132",
        "addr:full": "JL. URIP SUMOHARJO",
        "amenity": "fuel",
        "building": "yes",
        "building:levels": "1",
        "capacity:persons": "100",
        "name": "SPBU Kebaktian",
        "website": "http://pastipas.pertamina.com/lokasi.asp?id=329",
        "@geometry": "center"
      },
      "geometry": {
        "type": "Point",
        "coordinates": [
          117.1618131,
          -0.4907491
        ]
      },
      "id": "way/356526132"
    },
    {
      "type": "Feature",
      "properties": {
        "@id": "way/356545261",
        "addr:full": "Jl. Sam Ratulangi",
        "amenity": "university",
        "capacity:persons": "1000",
        "name": "Politeknik Pertanian Negeri Samarinda",
        "operator:type": "government",
        "url": "www.politanisamarinda.ac.id",
        "@geometry": "center"
      },
      "geometry": {
        "type": "Point",
        "coordinates": [
          117.1249754,
          -0.5374529
        ]
      },
      "id": "way/356545261"
    },
    {
      "type": "Feature",
      "properties": {
        "@id": "way/356545262",
        "addr:full": "Jl. Sam Ratulangi",
        "amenity": "clinic",
        "building": "yes",
        "building:levels": "1",
        "capacity:persons": "10",
        "name": "Posyandu Semangka",
        "rooms": "2",
        "@geometry": "center"
      },
      "geometry": {
        "type": "Point",
        "coordinates": [
          117.1222622,
          -0.5369717
        ]
      },
      "id": "way/356545262"
    },
    {
      "type": "Feature",
      "properties": {
        "@id": "way/356550850",
        "addr:full": "Jl. Ciptomangunkusumo",
        "building": "yes",
        "building:levels": "3",
        "capacity:persons": "100",
        "name": "PT. Biro Klasifikasi Indo",
        "office": "government",
        "@geometry": "center"
      },
      "geometry": {
        "type": "Point",
        "coordinates": [
          117.1227851,
          -0.5283767
        ]
      },
      "id": "way/356550850"
    },
    {
      "type": "Feature",
      "properties": {
        "@id": "way/356570078",
        "addr:full": "Jl. Bung Tomo",
        "amenity": "doctors",
        "building": "yes",
        "building:levels": "2",
        "capacity:persons": "80",
        "name": "dr. Merry Evianti",
        "rooms": "3",
        "@geometry": "center"
      },
      "geometry": {
        "type": "Point",
        "coordinates": [
          117.1243562,
          -0.5164052
        ]
      },
      "id": "way/356570078"
    },
    {
      "type": "Feature",
      "properties": {
        "@id": "way/356694670",
        "addr:full": "Jl. Perjuangan No.19 Samarinda Utara Kota Samarinda, Kalimantan Timur 79119",
        "admin_level": "4",
        "building": "yes",
        "government": "administrative",
        "name": "Badan Ketahanan Pangan dan Pelaksana Penyuluhan Daerah",
        "office": "government",
        "url": "http://bkpp.kaltimprov.go.id/",
        "@geometry": "center"
      },
      "geometry": {
        "type": "Point",
        "coordinates": [
          117.1562963,
          -0.4632408
        ]
      },
      "id": "way/356694670"
    },
    {
      "type": "Feature",
      "properties": {
        "@id": "way/356694671",
        "addr:full": "Jl.Wahid Hasyim No.29, Kel Sempaja Selatan Kec.Samarinda Utara Samarinda, 75119",
        "amenity": "bank",
        "brand": "Bank Central Asia",
        "brand:wikidata": "Q806626",
        "building": "yes",
        "building:levels": "3",
        "capacity:persons": "100",
        "name": "Bank Central Asia",
        "url": "http://www.bca.co.id/id/network/network_landing.jsp?network=1&address=wahid+hasyim&city=149",
        "@geometry": "center"
      },
      "geometry": {
        "type": "Point",
        "coordinates": [
          117.1501761,
          -0.4594442
        ]
      },
      "id": "way/356694671"
    },
    {
      "type": "Feature",
      "properties": {
        "@id": "way/356694672",
        "addr:full": "Jl. Wahid Hasyim No. 26 C RT. 011 Kel. Sempaja Selatan",
        "amenity": "bank",
        "branch": "Tunas Finance",
        "brand": "Bank Mandiri",
        "brand:wikidata": "Q806639",
        "building": "yes",
        "building:levels": "3",
        "capacity:persons": "100",
        "name": "Bank Mandiri",
        "url": "http://www.mtf.co.id/index.php/",
        "website": "https://telepon.panggon.com/kalimantan-timur/mandiri-tunas-finance-samarinda/",
        "@geometry": "center"
      },
      "geometry": {
        "type": "Point",
        "coordinates": [
          117.1503878,
          -0.4591736
        ]
      },
      "id": "way/356694672"
    },
    {
      "type": "Feature",
      "properties": {
        "@id": "way/356694673",
        "addr:full": "Jl. Perjuangan Samarinda Utara Kota Samarinda, Kalimantan Timur 75117",
        "building": "yes",
        "building:levels": "2",
        "capacity:persons": "50",
        "government": "administrative",
        "name": "Pegadaian",
        "office": "government",
        "url": "http://www.pegadaian.co.id/",
        "website": "https://plus.google.com/103268709017504573836/about",
        "@geometry": "center"
      },
      "geometry": {
        "type": "Point",
        "coordinates": [
          117.1561676,
          -0.4644302
        ]
      },
      "id": "way/356694673"
    },
    {
      "type": "Feature",
      "properties": {
        "@id": "way/356694675",
        "addr:full": "Jl. Perjuangan No.2 Samarinda",
        "amenity": "school",
        "building": "yes",
        "building:levels": "3",
        "capacity:persons": "300",
        "name": "SMK Kesehatan Samarinda",
        "operator:type": "private",
        "school:type_idn": "SMK",
        "url": "https://twitter.com/smkes",
        "website": "https://plus.google.com/108412534231402203797/about?gl=id&hl=id%20,%20http://referensi.data.kemdikbud.go.id/index11.php?kode=166006&level=3",
        "@geometry": "center"
      },
      "geometry": {
        "type": "Point",
        "coordinates": [
          117.157125,
          -0.4623398
        ]
      },
      "id": "way/356694675"
    },
    {
      "type": "Feature",
      "properties": {
        "@id": "way/356694677",
        "addr:city": "Samarinda",
        "addr:full": "Jl. K.H. Wahid Hasyim",
        "addr:street": "K.H. Wahid Hasyim I",
        "air_conditioning": "yes",
        "brand": "Indomaret",
        "brand:wikidata": "Q4262825",
        "brand:wikipedia": "id:Indomaret",
        "building": "yes",
        "building:levels": "2",
        "capacity:persons": "30",
        "name": "Indomaret",
        "name:en": "Indomaret",
        "name:id": "Indomaret",
        "name:ja": "インドマレット",
        "operator": "PT. Indomarco Prismatama",
        "payment:cash": "yes",
        "payment:coins": "yes",
        "payment:credit_cards": "yes",
        "payment:debit_cards": "yes",
        "payment:mastercard": "yes",
        "payment:visa": "yes",
        "shop": "convenience",
        "toilets": "yes",
        "toilets:access": "permissive",
        "website": "https://www.klikindomaret.com",
        "@geometry": "center"
      },
      "geometry": {
        "type": "Point",
        "coordinates": [
          117.1502455,
          -0.4593183
        ]
      },
      "id": "way/356694677"
    },
    {
      "type": "Feature",
      "properties": {
        "@id": "way/356701387",
        "addr:full": "JL. Jelawat",
        "amenity": "school",
        "building": "yes",
        "building:levels": "2",
        "capacity:persons": "370",
        "name": "SD Negeri 001 Samarinda Ilir",
        "old_name": "SDN 009 Samarinda Ilir",
        "operator:type": "government",
        "school:type_idn": "SD/MI",
        "url": "http://ikelas.com/sekolah/199751/sd-negeri-009-samarinda-ilir",
        "@geometry": "center"
      },
      "geometry": {
        "type": "Point",
        "coordinates": [
          117.160184,
          -0.4990678
        ]
      },
      "id": "way/356701387"
    },
    {
      "type": "Feature",
      "properties": {
        "@id": "way/356708061",
        "addr:full": "JL. KEMAKMURAN",
        "amenity": "school",
        "building": "yes",
        "building:levels": "3",
        "capacity:persons": "700",
        "name": "SMA Negeri 2 Samarinda",
        "operator:type": "government",
        "school:type_idn": "SMA/MA",
        "url": "http://sman2samarinda.sch.id/html/index.php?id=info",
        "website": "www.sman2-smd.sch.id",
        "@geometry": "center"
      },
      "geometry": {
        "type": "Point",
        "coordinates": [
          117.1628995,
          -0.4799871
        ]
      },
      "id": "way/356708061"
    },
    {
      "type": "Feature",
      "properties": {
        "@id": "way/356718262",
        "addr:full": "Jl. Wahid Hasyim No. 27A RT. 011 Kel. Sempaja Selatan",
        "air_conditioning": "yes",
        "brand": "Indomaret",
        "brand:wikidata": "Q4262825",
        "brand:wikipedia": "id:Indomaret",
        "building": "retail",
        "building:levels": "3",
        "name": "Indomaret",
        "name:en": "Indomaret",
        "name:id": "Indomaret",
        "name:ja": "インドマレット",
        "operator": "PT. Indomarco Prismatama",
        "shop": "convenience",
        "toilets": "yes",
        "toilets:access": "permissive",
        "url": "http://jamkesda-samarinda.info/",
        "website": "https://www.klikindomaret.com",
        "@geometry": "center"
      },
      "geometry": {
        "type": "Point",
        "coordinates": [
          117.1504403,
          -0.4590932
        ]
      },
      "id": "way/356718262"
    },
    {
      "type": "Feature",
      "properties": {
        "@id": "way/356718268",
        "Commercial": "Toko Kelontong",
        "addr:full": "Jl Pramuka No.31 Kota Samarinda, Kalimantan Timur 75123",
        "building": "yes",
        "building:levels": "3",
        "capacity:persons": "400",
        "name": "Pramuka Mart (Eramart)",
        "shop": "convenience",
        "@geometry": "center"
      },
      "geometry": {
        "type": "Point",
        "coordinates": [
          117.1542264,
          -0.4644423
        ]
      },
      "id": "way/356718268"
    },
    {
      "type": "Feature",
      "properties": {
        "@id": "way/356718269",
        "addr:full": "Jl. Karya Baru Sempaja",
        "amenity": "school",
        "building": "yes",
        "building:levels": "1",
        "capacity:persons": "400",
        "name": "SD Negeri 020 Samarinda Utara",
        "old_name": "SDN 035 Samarinda Utara",
        "operator:type": "government",
        "school:type_idn": "SD/MI",
        "short_name": "SDN 020 Samarinda Utara",
        "website": "http://kecsmdutara.samarindakota.go.id/sekolah",
        "@geometry": "center"
      },
      "geometry": {
        "type": "Point",
        "coordinates": [
          117.1486952,
          -0.4560798
        ]
      },
      "id": "way/356718269"
    },
    {
      "type": "Feature",
      "properties": {
        "@id": "way/356720636",
        "admin_level": "4",
        "building": "yes",
        "building:levels": "1",
        "government": "administrative",
        "name": "Pusat Pelayanan Keluarga Sejahtera (BKKBN)",
        "office": "government",
        "website": "http://www.tender-project.com/tender/pembangunan-gedung-pusat-pelayanan-keluarga-sejahtera-3187035/",
        "@geometry": "center"
      },
      "geometry": {
        "type": "Point",
        "coordinates": [
          117.1578861,
          -0.462732
        ]
      },
      "id": "way/356720636"
    },
    {
      "type": "Feature",
      "properties": {
        "@id": "way/356720642",
        "addr:full": "Jl. Eri Suparjan Samarinda), Samarinda, East Borneo 75124, Indonesia",
        "building": "yes",
        "building:levels": "2",
        "capacity:persons": "100",
        "government": "administrative",
        "name": "TVRI Samarinda",
        "office": "government",
        "url": "http://www.tvri.co.id/group/kalimantan-timur",
        "website": "https://id.wikipedia.org/wiki/TVRI_Kalimantan_Timur",
        "@geometry": "center"
      },
      "geometry": {
        "type": "Point",
        "coordinates": [
          117.1526422,
          -0.4589327
        ]
      },
      "id": "way/356720642"
    },
    {
      "type": "Feature",
      "properties": {
        "@id": "way/356725424",
        "addr:full": "Jl. D.I Panjaitan",
        "admin_level": "6",
        "building": "yes",
        "building:levels": "2",
        "government": "administrative",
        "name": "Kantor Kecamatan Sungai Pinang",
        "office": "government",
        "@geometry": "center"
      },
      "geometry": {
        "type": "Point",
        "coordinates": [
          117.180244,
          -0.4621461
        ]
      },
      "id": "way/356725424"
    },
    {
      "type": "Feature",
      "properties": {
        "@id": "way/356725425",
        "Commercial": "Toko Kelontong",
        "addr:full": "Jl. D.I Panjaitan",
        "building": "yes",
        "building:levels": "2",
        "capacity:persons": "100",
        "name": "Minimarket Hokky",
        "shop": "convenience",
        "@geometry": "center"
      },
      "geometry": {
        "type": "Point",
        "coordinates": [
          117.1780789,
          -0.4620762
        ]
      },
      "id": "way/356725425"
    },
    {
      "type": "Feature",
      "properties": {
        "@id": "way/356725426",
        "addr:full": "Jl. D.I Panjaitan",
        "building": "yes",
        "building:levels": "2",
        "capacity:persons": "75",
        "government": "administrative",
        "name": "Penggadaian",
        "office": "government",
        "@geometry": "center"
      },
      "geometry": {
        "type": "Point",
        "coordinates": [
          117.1777984,
          -0.4621346
        ]
      },
      "id": "way/356725426"
    },
    {
      "type": "Feature",
      "properties": {
        "@id": "way/356725427",
        "addr:full": "Jl. D.I Panjaitan No. 40",
        "amenity": "police",
        "building": "yes",
        "building:levels": "2",
        "capacity:persons": "300",
        "name": "Resor Kota Samarinda Sektor Kota",
        "@geometry": "center"
      },
      "geometry": {
        "type": "Point",
        "coordinates": [
          117.1799264,
          -0.4621426
        ]
      },
      "id": "way/356725427"
    },
    {
      "type": "Feature",
      "properties": {
        "@id": "way/356725431",
        "addr:full": "Jl. D.I Panjaitan",
        "admin_level": "4",
        "building": "yes",
        "building:levels": "1",
        "government": "administrative",
        "name": "UPTD Panti Sosial Karya Wanita (PSKW) Harapan Mulia",
        "office": "government",
        "url": "http://dinsos.kaltimprov.go.id/berita-190-uptd-pskw-harapan-mulia-bina-40-wanita-rawan-sosial-ekonomi.html",
        "@geometry": "center"
      },
      "geometry": {
        "type": "Point",
        "coordinates": [
          117.180739,
          -0.4620998
        ]
      },
      "id": "way/356725431"
    },
    {
      "type": "Feature",
      "properties": {
        "@id": "way/356726570",
        "addr:full": "Jl. D.I Panjaitan",
        "amenity": "pharmacy",
        "building": "yes",
        "building:levels": "2",
        "capacity:persons": "35",
        "name": "Apotek Sehat Sejahtera",
        "@geometry": "center"
      },
      "geometry": {
        "type": "Point",
        "coordinates": [
          117.1753707,
          -0.4623403
        ]
      },
      "id": "way/356726570"
    },
    {
      "type": "Feature",
      "properties": {
        "@id": "way/356726571",
        "addr:full": "Jl. Bukit Alaya",
        "amenity": "bank",
        "building": "yes",
        "building:levels": "2",
        "capacity:persons": "75",
        "name": "Bank Surya Prima",
        "@geometry": "center"
      },
      "geometry": {
        "type": "Point",
        "coordinates": [
          117.1757125,
          -0.4626953
        ]
      },
      "id": "way/356726571"
    },
    {
      "type": "Feature",
      "properties": {
        "@id": "way/356726572",
        "addr:full": "Jl. Bukit Alaya",
        "admin_level": "6",
        "building": "yes",
        "building:levels": "2",
        "government": "administrative",
        "name": "Samsat Bersama",
        "office": "government",
        "@geometry": "center"
      },
      "geometry": {
        "type": "Point",
        "coordinates": [
          117.1757425,
          -0.4628819
        ]
      },
      "id": "way/356726572"
    },
    {
      "type": "Feature",
      "properties": {
        "@id": "way/356728154",
        "addr:full": "Jl. Wahid Hasyim",
        "building": "yes",
        "building:levels": "3",
        "capacity:persons": "300",
        "name": "Eramart Wahid hasyim",
        "shop": "convenience",
        "website": "https://id.foursquare.com/v/era-mart/4dd3bcd0d1643acaa1e77dde , http://www.sapos.co.id/index.php/berita/detail/Kolom/33/19584 ,",
        "@geometry": "center"
      },
      "geometry": {
        "type": "Point",
        "coordinates": [
          117.155659,
          -0.4454217
        ]
      },
      "id": "way/356728154"
    },
    {
      "type": "Feature",
      "properties": {
        "@id": "way/356728155",
        "addr:full": "Jl. Wahid Hasyim, Samarinda Utara, Kota Samarinda, Kalimantan Timur 75119",
        "air_conditioning": "yes",
        "branch": "Wahid Hasyim",
        "brand": "Indomaret",
        "brand:wikidata": "Q4262825",
        "brand:wikipedia": "id:Indomaret",
        "building": "yes",
        "building:levels": "1",
        "capacity:persons": "100",
        "name": "Indomaret",
        "name:en": "Indomaret",
        "name:id": "Indomaret",
        "name:ja": "インドマレット",
        "operator": "PT. Indomarco Prismatama",
        "shop": "convenience",
        "toilets": "yes",
        "toilets:access": "permissive",
        "website": "https://www.klikindomaret.com",
        "@geometry": "center"
      },
      "geometry": {
        "type": "Point",
        "coordinates": [
          117.1558437,
          -0.4435868
        ]
      },
      "id": "way/356728155"
    },
    {
      "type": "Feature",
      "properties": {
        "@id": "way/356728156",
        "addr:full": "Jl. AW. Syahrani No 68",
        "admin_level": "4",
        "building": "yes",
        "building:levels": "2",
        "name": "Balai Besar Penelitian Dipterokarpa",
        "office": "government",
        "website": "http://www.diptero.or.id/index.php/245-iso-itjen",
        "@geometry": "center"
      },
      "geometry": {
        "type": "Point",
        "coordinates": [
          117.1462561,
          -0.4514061
        ]
      },
      "id": "way/356728156"
    },
    {
      "type": "Feature",
      "properties": {
        "@id": "way/356728167",
        "addr:full": "Jl. Wahid Hasyim II",
        "building": "yes",
        "building:levels": "2",
        "capacity:persons": "50",
        "name": "Pegadaian Wahid Hasyim II",
        "office": "government",
        "url": "http://www.pegadaian.co.id/",
        "website": "https://plus.google.com/111784215066483318225/about",
        "@geometry": "center"
      },
      "geometry": {
        "type": "Point",
        "coordinates": [
          117.1544802,
          -0.447976
        ]
      },
      "id": "way/356728167"
    },
    {
      "type": "Feature",
      "properties": {
        "@id": "way/356728168",
        "addr:full": "Jl. Wahid Hasyim No.36 A-B, Samarinda Utara, Kota Samarinda, Kalimantan Timur 75119",
        "amenity": "fuel",
        "brand": "Pertamina",
        "brand:wikidata": "Q1641044",
        "building": "yes",
        "building:levels": "1",
        "capacity:persons": "20",
        "name": "Pertamina SPBU 64.751.21",
        "url": "https://spbu.pertamina.com/",
        "website": "https://www.google.co.id/maps/place/SPBU+Pertamina+64.751.21/@-0.441526,117.154415,17z/data=!3m1!4b1!4m2!3m1!1s0x0:0x6be3fadaa1367c3f",
        "@geometry": "center"
      },
      "geometry": {
        "type": "Point",
        "coordinates": [
          117.1542793,
          -0.4415967
        ]
      },
      "id": "way/356728168"
    },
    {
      "type": "Feature",
      "properties": {
        "@id": "way/356728169",
        "addr:full": "Perumahan Pinang Mas",
        "amenity": "clinic",
        "building": "yes",
        "building:levels": "1",
        "capacity:persons": "50",
        "healthcare": "clinic",
        "name": "Posyandu Melati",
        "operator": "Posyandu",
        "operator:type": "private",
        "operator:wikidata": "Q12506263",
        "rooms": "5",
        "website": "http://kecsmdutara.samarindakota.go.id/posyandu",
        "@geometry": "center"
      },
      "geometry": {
        "type": "Point",
        "coordinates": [
          117.1543251,
          -0.4450048
        ]
      },
      "id": "way/356728169"
    },
    {
      "type": "Feature",
      "properties": {
        "@id": "way/356728170",
        "addr:full": "Jl. KH. Wahid Hasyim No. 36 Samarinda",
        "amenity": "police",
        "building": "yes",
        "building:levels": "2",
        "capacity:persons": "100",
        "name": "Rumah Tahanan Negara",
        "website": "http://kecsmdutara.samarindakota.go.id/lp",
        "@geometry": "center"
      },
      "geometry": {
        "type": "Point",
        "coordinates": [
          117.1544763,
          -0.447493
        ]
      },
      "id": "way/356728170"
    },
    {
      "type": "Feature",
      "properties": {
        "@id": "way/356728172",
        "addr:full": "JL. PERJUANGAN NO. 45",
        "amenity": "school",
        "building": "yes",
        "building:levels": "2",
        "capacity:persons": "100",
        "name": "TK Darul Atsar",
        "operator:type": "private",
        "school:type_idn": "TK/Paud",
        "website": "http://kecsmdutara.samarindakota.go.id/sekolah",
        "@geometry": "center"
      },
      "geometry": {
        "type": "Point",
        "coordinates": [
          117.1612336,
          -0.4587301
        ]
      },
      "id": "way/356728172"
    },
    {
      "type": "Feature",
      "properties": {
        "@id": "way/356886722",
        "addr:full": "Jl. Propinsi",
        "amenity": "pharmacy",
        "building": "yes",
        "building:levels": "1",
        "capacity:persons": "10",
        "name": "Apotik Makroman",
        "rooms": "-",
        "@geometry": "center"
      },
      "geometry": {
        "type": "Point",
        "coordinates": [
          117.2279812,
          -0.5380973
        ]
      },
      "id": "way/356886722"
    },
    {
      "type": "Feature",
      "properties": {
        "@id": "way/356886723",
        "addr:full": "Jl. Sultan Sulaiman",
        "building": "yes",
        "building:levels": "1",
        "capacity:persons": "50",
        "name": "Green Mart",
        "shop": "supermarket",
        "@geometry": "center"
      },
      "geometry": {
        "type": "Point",
        "coordinates": [
          117.1962366,
          -0.5156216
        ]
      },
      "id": "way/356886723"
    },
    {
      "type": "Feature",
      "properties": {
        "@id": "way/356886724",
        "addr:full": "Jl. Sultan Sulaiman",
        "admin_level": "7",
        "building": "yes",
        "building:levels": "1",
        "name": "Kantor Kelurahan Sambutan",
        "office": "government",
        "short_name": "Kantor Lurah Sambutan",
        "@geometry": "center"
      },
      "geometry": {
        "type": "Point",
        "coordinates": [
          117.1913375,
          -0.5158581
        ]
      },
      "id": "way/356886724"
    },
    {
      "type": "Feature",
      "properties": {
        "@id": "way/356886727",
        "addr:full": "Jl. Kapten Soedjono",
        "building": "yes",
        "building:levels": "2",
        "capacity:persons": "200",
        "name": "M2 Mart",
        "shop": "supermarket",
        "@geometry": "center"
      },
      "geometry": {
        "type": "Point",
        "coordinates": [
          117.1710613,
          -0.5241391
        ]
      },
      "id": "way/356886727"
    },
    {
      "type": "Feature",
      "properties": {
        "@id": "way/356886732",
        "addr:full": "Jl. Pelita 6",
        "amenity": "clinic",
        "building": "yes",
        "building:levels": "2",
        "capacity:persons": "50",
        "name": "Puskesmas Sambutan",
        "rooms": "4",
        "@geometry": "center"
      },
      "geometry": {
        "type": "Point",
        "coordinates": [
          117.1991756,
          -0.5138145
        ]
      },
      "id": "way/356886732"
    },
    {
      "type": "Feature",
      "properties": {
        "@id": "way/356886733",
        "addr:full": "Jl. Kesehatan",
        "amenity": "clinic",
        "building": "yes",
        "building:levels": "1",
        "capacity:persons": "50",
        "name": "Puskesmas Sungai Kapih",
        "rooms": "6",
        "@geometry": "center"
      },
      "geometry": {
        "type": "Point",
        "coordinates": [
          117.169066,
          -0.5324651
        ]
      },
      "id": "way/356886733"
    },
    {
      "type": "Feature",
      "properties": {
        "@id": "way/356886734",
        "addr:full": "Jl. Santi Murni II Perum PKL",
        "amenity": "school",
        "building": "yes",
        "building:levels": "1",
        "capacity:persons": "500",
        "name": "SD Negeri 001 Sambutan",
        "old_name": "SDN 019 Samarinda Ilir",
        "operator:type": "government",
        "school:type_idn": "SD/MI",
        "short_name": "SDN 001 Sambutan",
        "url": "http://referensi.data.kemdikbud.go.id/tabs.php?npsn=30401310",
        "@geometry": "center"
      },
      "geometry": {
        "type": "Point",
        "coordinates": [
          117.1686572,
          -0.5293153
        ]
      },
      "id": "way/356886734"
    },
    {
      "type": "Feature",
      "properties": {
        "@id": "way/356886735",
        "addr:full": "Jl. Sungai Kapih RT 06",
        "amenity": "school",
        "building": "yes",
        "building:levels": "1",
        "capacity:persons": "500",
        "name": "SD Negeri 002 Sambutan",
        "old_name": "SDN 030 Samarinda Ilir",
        "operator:type": "government",
        "school:type_idn": "SD/MI",
        "url": "http://referensi.data.kemdikbud.go.id/index91.php?kode=166007&level=3",
        "@geometry": "center"
      },
      "geometry": {
        "type": "Point",
        "coordinates": [
          117.16687,
          -0.5343353
        ]
      },
      "id": "way/356886735"
    },
    {
      "type": "Feature",
      "properties": {
        "@id": "way/356886737",
        "addr:full": "Jl. Pelita 4",
        "amenity": "school",
        "building": "yes",
        "building:levels": "1",
        "capacity:persons": "600",
        "name": "SMA Negeri 11 Samarinda",
        "operator:type": "government",
        "school:type_idn": "SMA/MA",
        "url": "http://referensi.data.kemdikbud.go.id/index91.php?kode=166007&level=3",
        "@geometry": "center"
      },
      "geometry": {
        "type": "Point",
        "coordinates": [
          117.1841457,
          -0.507394
        ]
      },
      "id": "way/356886737"
    },
    {
      "type": "Feature",
      "properties": {
        "@id": "way/357021211",
        "addr:full": "JL. WAHID HASYIM",
        "amenity": "pharmacy",
        "building": "yes",
        "building:levels": "2",
        "capacity:persons": "50",
        "healthcare": "pharmacy",
        "name": "Apotik Kimia Farma",
        "@geometry": "center"
      },
      "geometry": {
        "type": "Point",
        "coordinates": [
          117.1554837,
          -0.4455931
        ]
      },
      "id": "way/357021211"
    },
    {
      "type": "Feature",
      "properties": {
        "@id": "way/357021213",
        "addr:full": "Jl. M.Yamin",
        "amenity": "fire_station",
        "building": "yes",
        "building:levels": "1",
        "capacity:persons": "100",
        "name": "Pemadam Kebakaran Sempaja",
        "@geometry": "center"
      },
      "geometry": {
        "type": "Point",
        "coordinates": [
          117.1533332,
          -0.4514059
        ]
      },
      "id": "way/357021213"
    },
    {
      "type": "Feature",
      "properties": {
        "@id": "way/357021214",
        "addr:full": "Jl. M.Yamin",
        "amenity": "clinic",
        "building": "yes",
        "building:levels": "2",
        "capacity:persons": "100",
        "healthcare": "clinic",
        "name": "Puskesmas Sempaja",
        "operator": "Ministry of Health",
        "operator:en": "Ministry of Health",
        "operator:id": "Kementerian Kesehatan",
        "operator:type": "government",
        "operator:wikidata": "Q12490745",
        "rooms": "0",
        "website": "http://kecsmdutara.samarindakota.go.id/puskesmas",
        "@geometry": "center"
      },
      "geometry": {
        "type": "Point",
        "coordinates": [
          117.1541962,
          -0.4512872
        ]
      },
      "id": "way/357021214"
    },
    {
      "type": "Feature",
      "properties": {
        "@id": "way/357025805",
        "addr:full": "Jl. Sejati No. 34",
        "amenity": "pharmacy",
        "building": "yes",
        "building:levels": "1",
        "capacity:persons": "100",
        "name": "Apotek Murah Asih",
        "@geometry": "center"
      },
      "geometry": {
        "type": "Point",
        "coordinates": [
          117.1659344,
          -0.5210087
        ]
      },
      "id": "way/357025805"
    },
    {
      "type": "Feature",
      "properties": {
        "@id": "way/357025807",
        "addr:full": "Jl. Sultan Sulaiman",
        "admin_level": "4",
        "building": "yes",
        "building:levels": "2",
        "name": "Balai Monitor Spektrum Frekuensi Radio Kelas 2 Samarinda",
        "office": "government",
        "@geometry": "center"
      },
      "geometry": {
        "type": "Point",
        "coordinates": [
          117.182677,
          -0.5093308
        ]
      },
      "id": "way/357025807"
    },
    {
      "type": "Feature",
      "properties": {
        "@id": "way/357025809",
        "addr:full": "Jl. Tatako",
        "admin_level": "7",
        "building": "yes",
        "building:levels": "1",
        "name": "Kantor Kelurahan Sungai Kapih",
        "office": "government",
        "short_name": "Kantor Lurah Sungai Kapih",
        "@geometry": "center"
      },
      "geometry": {
        "type": "Point",
        "coordinates": [
          117.1772132,
          -0.5344407
        ]
      },
      "id": "way/357025809"
    },
    {
      "type": "Feature",
      "properties": {
        "@id": "way/357025812",
        "addr:full": "Jl. Embun Suryana RT. 29",
        "amenity": "school",
        "building": "yes",
        "building:levels": "1",
        "capacity:persons": "500",
        "name": "MTs Al Misra Kecamatan Sambutan",
        "operator:type": "government",
        "school:type_idn": "SMP/MTs",
        "url": "http://www.kesekolah.com/direktori/sekolah/mtss-al-misra-samarinda-kalimantan-timur.html#sthash.dcaTatLA.dpbs",
        "@geometry": "center"
      },
      "geometry": {
        "type": "Point",
        "coordinates": [
          117.1817827,
          -0.5146939
        ]
      },
      "id": "way/357025812"
    },
    {
      "type": "Feature",
      "properties": {
        "@id": "way/357025820",
        "addr:full": "Jl. Emboen Suryana",
        "amenity": "school",
        "building": "yes",
        "building:levels": "2",
        "capacity:persons": "500",
        "name": "Pondok Pesantren Salafiyah Plus \"Nurul Muhibbin Al Husaini\"",
        "operator:type": "private",
        "school:type_idn": "Pesantren",
        "@geometry": "center"
      },
      "geometry": {
        "type": "Point",
        "coordinates": [
          117.183193,
          -0.5264684
        ]
      },
      "id": "way/357025820"
    },
    {
      "type": "Feature",
      "properties": {
        "@id": "way/357025822",
        "addr:full": "JL. H. EMBOEN SURYANA",
        "amenity": "school",
        "building": "yes",
        "building:levels": "1",
        "capacity:persons": "400",
        "name": "SMA AL - MISRA Kec. Sambutan",
        "operator:type": "private",
        "school:type_idn": "SMA/MA",
        "url": "http://psma.kemdikbud.go.id/home/statistik/profile.php?id=30404460",
        "@geometry": "center"
      },
      "geometry": {
        "type": "Point",
        "coordinates": [
          117.182121,
          -0.5145371
        ]
      },
      "id": "way/357025822"
    },
    {
      "type": "Feature",
      "properties": {
        "@id": "way/357025824",
        "addr:full": "JL. H. EMBOEN SURYANA",
        "amenity": "school",
        "building": "yes",
        "building:levels": "1",
        "capacity:persons": "400",
        "name": "SMA AL - MISRA Kec. Sambutan",
        "operator:type": "private",
        "school:type_idn": "SMA/MA",
        "url": "http://psma.kemdikbud.go.id/home/statistik/profile.php?id=30404460",
        "@geometry": "center"
      },
      "geometry": {
        "type": "Point",
        "coordinates": [
          117.182396,
          -0.5146266
        ]
      },
      "id": "way/357025824"
    },
    {
      "type": "Feature",
      "properties": {
        "@id": "way/357025826",
        "addr:full": "JL. H. EMBOEN SURYANA",
        "amenity": "school",
        "building": "yes",
        "building:levels": "1",
        "capacity:persons": "400",
        "name": "SMA AL - MISRA Kec. Sambutan",
        "operator:type": "private",
        "school:type_idn": "SMA/MA",
        "url": "http://psma.kemdikbud.go.id/home/statistik/profile.php?id=30404460",
        "@geometry": "center"
      },
      "geometry": {
        "type": "Point",
        "coordinates": [
          117.182163,
          -0.5146534
        ]
      },
      "id": "way/357025826"
    },
    {
      "type": "Feature",
      "properties": {
        "@id": "way/357025827",
        "addr:full": "Jl. Tatako - Sei. Kapih",
        "amenity": "school",
        "building:levels": "1",
        "capacity:persons": "500",
        "name": "SMK Negeri 20 Samarinda",
        "operator:type": "government",
        "school:type_idn": "SMK",
        "url": "http://referensi.data.kemdikbud.go.id/tabs.php?npsn=30404180",
        "@geometry": "center"
      },
      "geometry": {
        "type": "Point",
        "coordinates": [
          117.1778456,
          -0.5320353
        ]
      },
      "id": "way/357025827"
    },
    {
      "type": "Feature",
      "properties": {
        "@id": "way/357025829",
        "addr:full": "Jl. Tatako RT. 24",
        "amenity": "school",
        "building:levels": "1",
        "capacity:persons": "500",
        "name": "SMP Negeri 17 Samarinda",
        "operator:type": "government",
        "school:type_idn": "SMP/MTs",
        "url": "http://referensi.data.kemdikbud.go.id/tabs.php?npsn=30401010",
        "@geometry": "center"
      },
      "geometry": {
        "type": "Point",
        "coordinates": [
          117.1784797,
          -0.5323775
        ]
      },
      "id": "way/357025829"
    },
    {
      "type": "Feature",
      "properties": {
        "@id": "way/357027231",
        "Commercial": "Toko Kelontong",
        "addr:full": "Jl. Ahmad Yani",
        "brand": "Alfamart",
        "brand:wikidata": "Q23745600",
        "building": "yes",
        "building:levels": "2",
        "capacity:persons": "70",
        "name": "Alfamart",
        "operator": "PT Sumber Alfaria Trijaya,Tbk",
        "shop": "convenience",
        "toilets": "yes",
        "toilets:access": "permissive",
        "toilets:unisex": "yes",
        "website": "https://alfamart.co.id",
        "@geometry": "center"
      },
      "geometry": {
        "type": "Point",
        "coordinates": [
          117.1633018,
          -0.4745249
        ]
      },
      "id": "way/357027231"
    },
    {
      "type": "Feature",
      "properties": {
        "@id": "way/357027232",
        "addr:full": "Jl. Ahmad Yani No. 40",
        "amenity": "pharmacy",
        "building": "yes",
        "building:levels": "2",
        "capacity:persons": "50",
        "name": "Apotek Mitra Sehat",
        "@geometry": "center"
      },
      "geometry": {
        "type": "Point",
        "coordinates": [
          117.1689051,
          -0.4711636
        ]
      },
      "id": "way/357027232"
    },
    {
      "type": "Feature",
      "properties": {
        "@id": "way/357027233",
        "addr:full": "Jl. Ahmad Yani",
        "amenity": "bank",
        "building": "yes",
        "building:levels": "2",
        "capacity:persons": "150",
        "name": "Bank Kaltim Syariah Cabang Ahmad Yani",
        "url": "http://www.bankaltim.co.id/pages/read/unit_syariah_:_latar_belakang.html",
        "@geometry": "center"
      },
      "geometry": {
        "type": "Point",
        "coordinates": [
          117.1693076,
          -0.4709435
        ]
      },
      "id": "way/357027233"
    },
    {
      "type": "Feature",
      "properties": {
        "@id": "way/357027236",
        "addr:full": "Jl. D.I Panjaitan No. 53",
        "admin_level": "4",
        "building": "yes",
        "building:levels": "2",
        "government": "administrative",
        "name": "PT. Taspen Persero (BUMN)",
        "office": "government",
        "url": "www.taspen.com",
        "@geometry": "center"
      },
      "geometry": {
        "type": "Point",
        "coordinates": [
          117.1715972,
          -0.4690005
        ]
      },
      "id": "way/357027236"
    },
    {
      "type": "Feature",
      "properties": {
        "@id": "way/357027238",
        "addr:full": "Jl. Ahmad Yani",
        "amenity": "pharmacy",
        "building": "yes",
        "building:levels": "2",
        "capacity:persons": "30",
        "name": "Toko Obat Harapan Sehat",
        "@geometry": "center"
      },
      "geometry": {
        "type": "Point",
        "coordinates": [
          117.1683744,
          -0.4714348
        ]
      },
      "id": "way/357027238"
    },
    {
      "type": "Feature",
      "properties": {
        "@id": "way/357032831",
        "addr:full": "Jl. Perumahan Talang Sari",
        "amenity": "school",
        "building": "yes",
        "building:levels": "1",
        "capacity:persons": "400",
        "name": "SD Negeri 12 Talang Sari",
        "operator:type": "government",
        "school:type_idn": "SD/MI",
        "website": "http://kecsmdutara.samarindakota.go.id/sekolah",
        "@geometry": "center"
      },
      "geometry": {
        "type": "Point",
        "coordinates": [
          117.1950193,
          -0.4609489
        ]
      },
      "id": "way/357032831"
    },
    {
      "type": "Feature",
      "properties": {
        "@id": "way/357103467",
        "addr:full": "Jl. Ahmad Yani",
        "amenity": "bank",
        "building": "yes",
        "building:levels": "3",
        "capacity:persons": "200",
        "name": "Bank BNI Cabang Ahmad Yani",
        "@geometry": "center"
      },
      "geometry": {
        "type": "Point",
        "coordinates": [
          117.155684,
          -0.4782728
        ]
      },
      "id": "way/357103467"
    },
    {
      "type": "Feature",
      "properties": {
        "@id": "way/357103534",
        "addr:full": "Jl. Ahmad Yani No. 10",
        "amenity": "school",
        "building": "yes",
        "building:levels": "2",
        "capacity:persons": "500",
        "name": "SD Katolik 2 WR Soepratman Samarinda",
        "name:etymology:wikidata": "Q1144049",
        "name:etymology:wikipedia": "id:Wage Rudolf Soepratman",
        "operator:type": "private",
        "school:type_idn": "SD/MI",
        "website": "https://referensi.data.kemdikbud.go.id/index11.php?kode=166008&level=3",
        "@geometry": "center"
      },
      "geometry": {
        "type": "Point",
        "coordinates": [
          117.1569649,
          -0.4766128
        ]
      },
      "id": "way/357103534"
    },
    {
      "type": "Feature",
      "properties": {
        "@id": "way/357103556",
        "addr:full": "Jl. Ahmad Yani",
        "amenity": "hospital",
        "building": "yes",
        "building:levels": "3",
        "capacity:persons": "150",
        "hospital:type": "B",
        "name": "Spesialis Mata (SMEC)",
        "operator:type": "private",
        "rooms": "15",
        "url": "www.smec-group.com",
        "@geometry": "center"
      },
      "geometry": {
        "type": "Point",
        "coordinates": [
          117.1555781,
          -0.4783803
        ]
      },
      "id": "way/357103556"
    },
    {
      "type": "Feature",
      "properties": {
        "@id": "way/357116113",
        "addr:full": "Jl. Ahmad Yani",
        "amenity": "pharmacy",
        "building": "yes",
        "building:levels": "2",
        "capacity:persons": "100",
        "name": "Apotek K 24",
        "@geometry": "center"
      },
      "geometry": {
        "type": "Point",
        "coordinates": [
          117.1608682,
          -0.4754017
        ]
      },
      "id": "way/357116113"
    },
    {
      "type": "Feature",
      "properties": {
        "@id": "way/357116115",
        "addr:full": "Jl. Ahmad Yani",
        "amenity": "clinic",
        "building": "yes",
        "building:levels": "3",
        "capacity:persons": "200",
        "name": "Klinik Mata dr. Umboh",
        "rooms": "3",
        "@geometry": "center"
      },
      "geometry": {
        "type": "Point",
        "coordinates": [
          117.1657736,
          -0.4726472
        ]
      },
      "id": "way/357116115"
    },
    {
      "type": "Feature",
      "properties": {
        "@id": "way/357116116",
        "addr:full": "Jl. Ahmad Yani",
        "amenity": "pharmacy",
        "building": "yes",
        "building:levels": "2",
        "capacity:persons": "150",
        "name": "Laboratorium Klinik Primadia",
        "@geometry": "center"
      },
      "geometry": {
        "type": "Point",
        "coordinates": [
          117.1609756,
          -0.47534
        ]
      },
      "id": "way/357116116"
    },
    {
      "type": "Feature",
      "properties": {
        "@id": "way/357116117",
        "Commercial": "Toko Kelontong",
        "amenity": "fuel",
        "brand": "Independent",
        "name": "SPBU D.I Panjaitan",
        "operator": "Swasta",
        "shop": "yes",
        "wheelchair": "yes",
        "@geometry": "center"
      },
      "geometry": {
        "type": "Point",
        "coordinates": [
          117.1706872,
          -0.4695459
        ]
      },
      "id": "way/357116117"
    },
    {
      "type": "Feature",
      "properties": {
        "@id": "way/357116118",
        "Commercial": "Toko Kelontong",
        "addr:full": "Jl. Ahmad Yani",
        "building": "yes",
        "building:levels": "2",
        "capacity:persons": "150",
        "name": "V2 Mart",
        "shop": "convenience",
        "@geometry": "center"
      },
      "geometry": {
        "type": "Point",
        "coordinates": [
          117.1648945,
          -0.4730803
        ]
      },
      "id": "way/357116118"
    },
    {
      "type": "Feature",
      "properties": {
        "@id": "way/357118148",
        "addr:full": "Jl. Ahmad Yani",
        "amenity": "bank",
        "building": "yes",
        "building:levels": "2",
        "capacity:persons": "150",
        "name": "Bank Mega Cabang A. Yani",
        "@geometry": "center"
      },
      "geometry": {
        "type": "Point",
        "coordinates": [
          117.1684254,
          -0.4714072
        ]
      },
      "id": "way/357118148"
    },
    {
      "type": "Feature",
      "properties": {
        "@id": "way/357118149",
        "Commercial": "Toko Kelontong",
        "addr:full": "Jl. Ahmad Yani",
        "building": "yes",
        "building:levels": "1",
        "capacity:persons": "75",
        "name": "Indomaret Cabang A.Yani",
        "shop": "convenience",
        "@geometry": "center"
      },
      "geometry": {
        "type": "Point",
        "coordinates": [
          117.1674565,
          -0.472027
        ]
      },
      "id": "way/357118149"
    },
    {
      "type": "Feature",
      "properties": {
        "@id": "way/357118150",
        "addr:full": "Jl. Ahmad Yani",
        "amenity": "pharmacy",
        "building": "yes",
        "building:levels": "1",
        "capacity:persons": "50",
        "name": "Kimia Farma Cabang A. Yani",
        "@geometry": "center"
      },
      "geometry": {
        "type": "Point",
        "coordinates": [
          117.1682253,
          -0.4715303
        ]
      },
      "id": "way/357118150"
    },
    {
      "type": "Feature",
      "properties": {
        "@id": "way/357118151",
        "addr:full": "Jl. Ahmad Yani",
        "amenity": "clinic",
        "building": "yes",
        "building:levels": "2",
        "capacity:persons": "100",
        "name": "Klinik Mawar Sari husada",
        "rooms": "5",
        "@geometry": "center"
      },
      "geometry": {
        "type": "Point",
        "coordinates": [
          117.1685376,
          -0.4713482
        ]
      },
      "id": "way/357118151"
    },
    {
      "type": "Feature",
      "properties": {
        "@id": "way/357120456",
        "Commercial": "Toko Kelontong",
        "addr:full": "Jl. Ahmad Yani",
        "building": "yes",
        "building:levels": "2",
        "capacity:persons": "100",
        "name": "Mini Market Cendrawasih",
        "shop": "convenience",
        "@geometry": "center"
      },
      "geometry": {
        "type": "Point",
        "coordinates": [
          117.1620853,
          -0.4752807
        ]
      },
      "id": "way/357120456"
    },
    {
      "type": "Feature",
      "properties": {
        "@id": "way/357123759",
        "addr:full": "Jl. Ahmad Yani",
        "amenity": "bank",
        "building": "yes",
        "building:levels": "2",
        "capacity:persons": "150",
        "name": "Bank BTPN",
        "@geometry": "center"
      },
      "geometry": {
        "type": "Point",
        "coordinates": [
          117.158438,
          -0.4773823
        ]
      },
      "id": "way/357123759"
    },
    {
      "type": "Feature",
      "properties": {
        "@id": "way/357277804",
        "addr:full": "Jl. Emboen Suryana",
        "amenity": "atm",
        "building": "yes",
        "building:levels": "1",
        "capacity:persons": "1",
        "name": "ATM Mandiri",
        "@geometry": "center"
      },
      "geometry": {
        "type": "Point",
        "coordinates": [
          117.1633262,
          -0.5287389
        ]
      },
      "id": "way/357277804"
    },
    {
      "type": "Feature",
      "properties": {
        "@id": "way/357277852",
        "addr:full": "Jl. Sultan Sulaiman",
        "amenity": "bank",
        "building": "yes",
        "building:levels": "1",
        "capacity:persons": "1",
        "name": "ATM BNI dan BRI",
        "@geometry": "center"
      },
      "geometry": {
        "type": "Point",
        "coordinates": [
          117.1663139,
          -0.507248
        ]
      },
      "id": "way/357277852"
    },
    {
      "type": "Feature",
      "properties": {
        "@id": "way/357286272",
        "addr:full": "Jl. Raya Samarinda Bontang RT 10",
        "admin_level": "7",
        "building": "yes",
        "building:levels": "1",
        "name": "Kantor Kelurahan Sungai Siring",
        "office": "government",
        "short_name": "Kantor Lurah Sungai Siring",
        "website": "https://id.wikipedia.org/wiki/Sungai_Siring,_Samarinda_Utara,_Samarinda",
        "@geometry": "center"
      },
      "geometry": {
        "type": "Point",
        "coordinates": [
          117.2469241,
          -0.3960516
        ]
      },
      "id": "way/357286272"
    },
    {
      "type": "Feature",
      "properties": {
        "@id": "way/357290749",
        "addr:full": "Jl. Ciptomangunkusumo",
        "admin_level": "7",
        "building": "yes",
        "building:levels": "1",
        "name": "Dinas Kebersihan (Pengolahan Sampah)",
        "office": "government",
        "@geometry": "center"
      },
      "geometry": {
        "type": "Point",
        "coordinates": [
          117.109864,
          -0.5396292
        ]
      },
      "id": "way/357290749"
    },
    {
      "type": "Feature",
      "properties": {
        "@id": "way/357290756",
        "addr:full": "Jl. Ciptomangunkusumo",
        "admin_level": "6",
        "building": "yes",
        "building:levels": "1",
        "name": "PT. Telkom Cabang Gunung Lipan",
        "office": "government",
        "@geometry": "center"
      },
      "geometry": {
        "type": "Point",
        "coordinates": [
          117.119094,
          -0.5345495
        ]
      },
      "id": "way/357290756"
    },
    {
      "type": "Feature",
      "properties": {
        "@id": "way/357291359",
        "addr:full": "Jl. Ciptomangunkusumo",
        "amenity": "clinic",
        "building": "yes",
        "building:levels": "1",
        "capacity:persons": "40",
        "name": "Klinik Aisyah",
        "rooms": "3",
        "@geometry": "center"
      },
      "geometry": {
        "type": "Point",
        "coordinates": [
          117.1063793,
          -0.539877
        ]
      },
      "id": "way/357291359"
    },
    {
      "type": "Feature",
      "properties": {
        "@id": "way/357293304",
        "addr:full": "Jl. Ciptomangunkusumo",
        "admin_level": "6",
        "building": "yes",
        "building:levels": "1",
        "name": "IPA Gunung Lipan",
        "office": "government",
        "@geometry": "center"
      },
      "geometry": {
        "type": "Point",
        "coordinates": [
          117.1171405,
          -0.5361079
        ]
      },
      "id": "way/357293304"
    },
    {
      "type": "Feature",
      "properties": {
        "@id": "way/357295289",
        "addr:full": "Jl. Datuk Iba",
        "amenity": "school",
        "building": "yes",
        "building:levels": "1",
        "capacity:persons": "300",
        "name": "SD Muhammadiyah 3 Samarinda",
        "operator:type": "private",
        "school:type_idn": "SD/MI",
        "website": "https://referensi.data.kemdikbud.go.id/index11.php?kode=166003&level=3",
        "@geometry": "center"
      },
      "geometry": {
        "type": "Point",
        "coordinates": [
          117.1300461,
          -0.5096838
        ]
      },
      "id": "way/357295289"
    },
    {
      "type": "Feature",
      "properties": {
        "@id": "way/357297294",
        "addr:full": "Jl. Bung Tomo",
        "building": "yes",
        "building:levels": "2",
        "capacity:persons": "100",
        "name": "Eramart Cabang Bung Tomo",
        "shop": "convenience",
        "@geometry": "center"
      },
      "geometry": {
        "type": "Point",
        "coordinates": [
          117.1278036,
          -0.5154967
        ]
      },
      "id": "way/357297294"
    },
    {
      "type": "Feature",
      "properties": {
        "@id": "way/357297859",
        "addr:full": "Jl. Abdul Gani Sani",
        "admin_level": "7",
        "building": "yes",
        "building:levels": "1",
        "name": "Kantor Lurah Sungai Keledang",
        "office": "government",
        "@geometry": "center"
      },
      "geometry": {
        "type": "Point",
        "coordinates": [
          117.1267632,
          -0.5181929
        ]
      },
      "id": "way/357297859"
    },
    {
      "type": "Feature",
      "properties": {
        "@id": "way/357297860",
        "addr:full": "Jl. Abdul Gani Sani",
        "amenity": "clinic",
        "building": "yes",
        "building:levels": "1",
        "capacity:persons": "50",
        "name": "Puskesmas Pembantu Sungai Keledang",
        "rooms": "2",
        "short_name": "Pustu Keledang",
        "@geometry": "center"
      },
      "geometry": {
        "type": "Point",
        "coordinates": [
          117.1266421,
          -0.5180536
        ]
      },
      "id": "way/357297860"
    },
    {
      "type": "Feature",
      "properties": {
        "@id": "way/357299396",
        "addr:full": "Jl. Sultan Hasanuddin",
        "addr:street": "Sultan Hasanuddin",
        "amenity": "fire_station",
        "building": "yes",
        "building:levels": "2",
        "capacity:persons": "50",
        "description": "3 Unit Fire Truck 1 Unit Mobil Portable 1 Unit Roda 3 (Mesin Portable) 3 Regu ( 1 regu 6 Orang) Total Personil 18 Orang",
        "name": "POSKO 5 (Pemadam Kebakaran) BPBD Kota Samarinda",
        "operator": "BPBD Kota Samarinda",
        "@geometry": "center"
      },
      "geometry": {
        "type": "Point",
        "coordinates": [
          117.1386764,
          -0.5105628
        ]
      },
      "id": "way/357299396"
    },
    {
      "type": "Feature",
      "properties": {
        "@id": "way/357299397",
        "addr:full": "Jl. Bung Tomo No. 105",
        "admin_level": "4",
        "building": "yes",
        "building:levels": "2",
        "name": "Kejaksaan Tinggi Negeri Samarinda",
        "office": "government",
        "url": "kejati-kaltim.go.id",
        "@geometry": "center"
      },
      "geometry": {
        "type": "Point",
        "coordinates": [
          117.1348608,
          -0.5123246
        ]
      },
      "id": "way/357299397"
    },
    {
      "type": "Feature",
      "properties": {
        "@id": "way/357300434",
        "addr:full": "Jl. La Maddu Kelleng",
        "amenity": "clinic",
        "building": "yes",
        "building:levels": "1",
        "capacity:persons": "100",
        "name": "Puskesmas Baqa",
        "rooms": "4",
        "@geometry": "center"
      },
      "geometry": {
        "type": "Point",
        "coordinates": [
          117.1418637,
          -0.5102319
        ]
      },
      "id": "way/357300434"
    },
    {
      "type": "Feature",
      "properties": {
        "@id": "way/357311355",
        "addr:full": "Jl. Sejati",
        "amenity": "pharmacy",
        "building": "yes",
        "building:levels": "1",
        "capacity:persons": "20",
        "name": "Apotek Sejati Farma",
        "@geometry": "center"
      },
      "geometry": {
        "type": "Point",
        "coordinates": [
          117.1702558,
          -0.5234899
        ]
      },
      "id": "way/357311355"
    },
    {
      "type": "Feature",
      "properties": {
        "@id": "way/357311476",
        "addr:city": "Kota Samarinda",
        "addr:district": "Sambutan",
        "addr:full": "Jl. Sultan Sulaiman",
        "addr:neighbourhood": "0",
        "addr:province": "Kalimantan Timur",
        "addr:street": "Jalan Sultan Sulaiman",
        "addr:subdistrict": "Sambutan",
        "building": "yes",
        "building:levels": "1",
        "capacity:persons": "10",
        "name": "Alfamidi Kec Sambutan",
        "opening_hours": "24/7",
        "payment:app": "yes",
        "payment:cash": "yes",
        "shop": "convenience",
        "@geometry": "center"
      },
      "geometry": {
        "type": "Point",
        "coordinates": [
          117.1687339,
          -0.5080547
        ]
      },
      "id": "way/357311476"
    },
    {
      "type": "Feature",
      "properties": {
        "@id": "way/357311515",
        "addr:full": "Jl. Sultan Sulaiman",
        "building": "yes",
        "building:levels": "1",
        "capacity:persons": "100",
        "name": "Raja Susu",
        "shop": "supermarket",
        "@geometry": "center"
      },
      "geometry": {
        "type": "Point",
        "coordinates": [
          117.1772586,
          -0.5060477
        ]
      },
      "id": "way/357311515"
    },
    {
      "type": "Feature",
      "properties": {
        "@id": "way/357339395",
        "addr:full": "Jl. Emboen Suryana",
        "air_conditioning": "yes",
        "branch": "Sambutan",
        "brand": "Indomaret",
        "brand:wikidata": "Q4262825",
        "brand:wikipedia": "id:Indomaret",
        "building": "yes",
        "building:levels": "1",
        "capacity:persons": "30",
        "name": "Indomaret",
        "name:en": "Indomaret",
        "name:id": "Indomaret",
        "name:ja": "インドマレット",
        "operator": "PT. Indomarco Prismatama",
        "shop": "convenience",
        "toilets": "yes",
        "toilets:access": "permissive",
        "website": "https://www.klikindomaret.com",
        "@geometry": "center"
      },
      "geometry": {
        "type": "Point",
        "coordinates": [
          117.1807928,
          -0.5101332
        ]
      },
      "id": "way/357339395"
    },
    {
      "type": "Feature",
      "properties": {
        "@id": "way/357396435",
        "addr:full": "Jl. Sultan Hasanuddin",
        "admin_level": "6",
        "building": "yes",
        "building:levels": "1",
        "name": "Kantor Urusan Agama Wilayah Samarinda Seberang",
        "office": "government",
        "@geometry": "center"
      },
      "geometry": {
        "type": "Point",
        "coordinates": [
          117.1436815,
          -0.5130689
        ]
      },
      "id": "way/357396435"
    },
    {
      "type": "Feature",
      "properties": {
        "@id": "way/357396437",
        "addr:full": "Jl. K.H. Harun Nafsi",
        "amenity": "school",
        "building": "yes",
        "building:levels": "2",
        "capacity:persons": "450",
        "name": "Yayasan Pendidikan Labbaika",
        "operator:type": "private",
        "school:type_idn": "SMP/MTs",
        "website": "https://referensi.data.kemdikbud.go.id/index11.php?kode=166003&level=3",
        "@geometry": "center"
      },
      "geometry": {
        "type": "Point",
        "coordinates": [
          117.1424329,
          -0.5158437
        ]
      },
      "id": "way/357396437"
    },
    {
      "type": "Feature",
      "properties": {
        "@id": "way/357396444",
        "addr:full": "Jl. Sultan Hasanuddin",
        "amenity": "police",
        "building": "yes",
        "building:levels": "1",
        "capacity:persons": "250",
        "name": "Polsek Samarinda Seberang",
        "@geometry": "center"
      },
      "geometry": {
        "type": "Point",
        "coordinates": [
          117.1438612,
          -0.5138582
        ]
      },
      "id": "way/357396444"
    },
    {
      "type": "Feature",
      "properties": {
        "@id": "way/357396455",
        "addr:full": "Jl. Mas Penghulu No.20",
        "amenity": "school",
        "building": "yes",
        "building:levels": "1",
        "capacity:persons": "450",
        "name": "SD Negeri 013 Samarinda Seberang",
        "operator:type": "government",
        "school:type_idn": "SD/MI",
        "website": "https://referensi.data.kemdikbud.go.id/index11.php?kode=166003&level=3",
        "@geometry": "center"
      },
      "geometry": {
        "type": "Point",
        "coordinates": [
          117.1489633,
          -0.5179976
        ]
      },
      "id": "way/357396455"
    },
    {
      "type": "Feature",
      "properties": {
        "@id": "way/357396461",
        "addr:full": "Jl. K.H. Harun Nafsi No.40",
        "amenity": "school",
        "building": "yes",
        "building:levels": "1",
        "capacity:persons": "500",
        "name": "SMA Negeri 4 Samarinda",
        "operator:type": "government",
        "school:type_idn": "SMA/MA",
        "website": "http://psma.kemdikbud.go.id/home/statistik/dp_sma.php?id=2&kab=KOTA%20SAMARINDA&prov=PROV.%20KALIMANTAN%20TIMUR",
        "@geometry": "center"
      },
      "geometry": {
        "type": "Point",
        "coordinates": [
          117.1422031,
          -0.5197773
        ]
      },
      "id": "way/357396461"
    },
    {
      "type": "Feature",
      "properties": {
        "@id": "way/357402147",
        "addr:full": "Jl. Tanjung Jone",
        "amenity": "school",
        "building": "yes",
        "building:levels": "1",
        "capacity:persons": "300",
        "name": "SD Islam Al-Hikmah",
        "operator:type": "private",
        "school:type_idn": "SD/MI",
        "@geometry": "center"
      },
      "geometry": {
        "type": "Point",
        "coordinates": [
          117.1498862,
          -0.5249152
        ]
      },
      "id": "way/357402147"
    },
    {
      "type": "Feature",
      "properties": {
        "@id": "way/357423025",
        "addr:full": "Jl. Mayjend Sutoyo",
        "amenity": "clinic",
        "building": "yes",
        "building:levels": "1",
        "capacity:persons": "150",
        "name": "Puskesmas Remaja",
        "rooms": "10",
        "@geometry": "center"
      },
      "geometry": {
        "type": "Point",
        "coordinates": [
          117.1651708,
          -0.4769235
        ]
      },
      "id": "way/357423025"
    },
    {
      "type": "Feature",
      "properties": {
        "@id": "way/357650617",
        "addr:full": "Jl. M. Yamin",
        "amenity": "pharmacy",
        "building": "yes",
        "building:levels": "2",
        "capacity:persons": "30",
        "name": "Apotik Alif Farma",
        "@geometry": "center"
      },
      "geometry": {
        "type": "Point",
        "coordinates": [
          117.1504264,
          -0.4634983
        ]
      },
      "id": "way/357650617"
    },
    {
      "type": "Feature",
      "properties": {
        "@id": "way/357650619",
        "addr:full": "Jl. Wahid Hasyim",
        "amenity": "pharmacy",
        "building": "yes",
        "building:levels": "1",
        "capacity:persons": "40",
        "healthcare": "pharmacy",
        "name": "Apotik Citra Sehat",
        "@geometry": "center"
      },
      "geometry": {
        "type": "Point",
        "coordinates": [
          117.1489993,
          -0.4360121
        ]
      },
      "id": "way/357650619"
    },
    {
      "type": "Feature",
      "properties": {
        "@id": "way/357650624",
        "addr:full": "Jl. Bengkuring Raya Kelurahan Sempaja Selatan",
        "amenity": "pharmacy",
        "building": "yes",
        "building:levels": "1",
        "capacity:persons": "30",
        "name": "Apotik Dharma Bakti",
        "@geometry": "center"
      },
      "geometry": {
        "type": "Point",
        "coordinates": [
          117.161734,
          -0.4276882
        ]
      },
      "id": "way/357650624"
    },
    {
      "type": "Feature",
      "properties": {
        "@id": "way/357650629",
        "addr:full": "Jl. Wahid Hasyim No. 47",
        "amenity": "pharmacy",
        "building": "yes",
        "building:levels": "2",
        "capacity:persons": "30",
        "healthcare": "pharmacy",
        "name": "Apotik Erika",
        "@geometry": "center"
      },
      "geometry": {
        "type": "Point",
        "coordinates": [
          117.1551385,
          -0.4421185
        ]
      },
      "id": "way/357650629"
    },
    {
      "type": "Feature",
      "properties": {
        "@id": "way/357650633",
        "addr:full": "Jl. Wahid Hasyim",
        "amenity": "pharmacy",
        "building": "yes",
        "building:levels": "1",
        "capacity:persons": "50",
        "name": "Apotik Santa",
        "@geometry": "center"
      },
      "geometry": {
        "type": "Point",
        "coordinates": [
          117.1506253,
          -0.462009
        ]
      },
      "id": "way/357650633"
    },
    {
      "type": "Feature",
      "properties": {
        "@id": "way/357650638",
        "addr:full": "Jl. Wahid Hasyim No. 8",
        "amenity": "pharmacy",
        "building": "yes",
        "building:levels": "2",
        "capacity:persons": "50",
        "healthcare": "pharmacy",
        "name": "Apotik Wongso Farmacia",
        "@geometry": "center"
      },
      "geometry": {
        "type": "Point",
        "coordinates": [
          117.1547287,
          -0.447663
        ]
      },
      "id": "way/357650638"
    },
    {
      "type": "Feature",
      "properties": {
        "@id": "way/357650642",
        "addr:full": "Jl. Wahid Hasyim",
        "amenity": "bank",
        "building": "yes",
        "building:levels": "2",
        "capacity:persons": "50",
        "name": "Bank BPD Wahid Hasyim",
        "website": "http://www.daftarperusahaan.com/bank/bank-bpd-kcp-sempaja , http://www.alamat-sekolah.com/311/85/12/bank-mandiri-kcp-sempaja-kalimantan-timur.htm",
        "@geometry": "center"
      },
      "geometry": {
        "type": "Point",
        "coordinates": [
          117.1541415,
          -0.4485624
        ]
      },
      "id": "way/357650642"
    },
    {
      "type": "Feature",
      "properties": {
        "@id": "way/357650647",
        "addr:full": "Jl. Padat Karya Samarinda No.36 Rt 64",
        "amenity": "bank",
        "building": "yes",
        "building:levels": "2",
        "capacity:persons": "100",
        "name": "BRI Unit Bengkuring",
        "website": "https://www.daftarperusahaan.com/bank/bank-bri-unit-bengkuring",
        "@geometry": "center"
      },
      "geometry": {
        "type": "Point",
        "coordinates": [
          117.1560742,
          -0.4331413
        ]
      },
      "id": "way/357650647"
    },
    {
      "type": "Feature",
      "properties": {
        "@id": "way/357650651",
        "addr:full": "Jl. Wahid Hasyim",
        "amenity": "bank",
        "branch": "Wahid Hasyim",
        "brand": "BRI",
        "brand:wikidata": "Q623042",
        "building": "yes",
        "building:levels": "2",
        "capacity:persons": "50",
        "name": "BRI",
        "official_name": "Bank Rakyat Indonesia",
        "website": "https://www.daftarperusahaan.com/bank/bank-bri-unit-sempaja-0",
        "@geometry": "center"
      },
      "geometry": {
        "type": "Point",
        "coordinates": [
          117.1540983,
          -0.4486395
        ]
      },
      "id": "way/357650651"
    },
    {
      "type": "Feature",
      "properties": {
        "@id": "way/357650660",
        "addr:full": "JL. BATU CERMIN GANG. KAMI NO. 65 SEMPAJA",
        "amenity": "school",
        "building": "yes",
        "building:levels": "1",
        "capacity:persons": "30",
        "name": "Bina Insan Mandiri",
        "operator:type": "private",
        "school:type_idn": "TK/Paud",
        "website": "https://referensi.data.kemdikbud.go.id/tabs.php?npsn=69840893",
        "@geometry": "center"
      },
      "geometry": {
        "type": "Point",
        "coordinates": [
          117.1464472,
          -0.4370242
        ]
      },
      "id": "way/357650660"
    },
    {
      "type": "Feature",
      "properties": {
        "@id": "way/357650673",
        "addr:full": "Jl. Wahid Hasyim",
        "admin_level": "4",
        "building": "yes",
        "building:levels": "2",
        "government": "administrative",
        "name": "Dinas Pemuda dan Olah Raga",
        "office": "government",
        "url": "http://www.disporakaltim.info/contact-us.html",
        "@geometry": "center"
      },
      "geometry": {
        "type": "Point",
        "coordinates": [
          117.1580143,
          -0.4531132
        ]
      },
      "id": "way/357650673"
    },
    {
      "type": "Feature",
      "properties": {
        "@id": "way/357650680",
        "Commercial": "Toko Kelontong",
        "addr:full": "Jl. Bengkuring Raya",
        "building": "yes",
        "building:levels": "3",
        "capacity:persons": "200",
        "name": "Eramart Bengkuring",
        "shop": "convenience",
        "@geometry": "center"
      },
      "geometry": {
        "type": "Point",
        "coordinates": [
          117.1649621,
          -0.4263846
        ]
      },
      "id": "way/357650680"
    },
    {
      "type": "Feature",
      "properties": {
        "@id": "way/357650700",
        "Commercial": "Toko Kelontong",
        "addr:full": "Jl. Bengkuring Raya Kelurahan Sempaja Selatan",
        "building": "yes",
        "building:levels": "2",
        "capacity:persons": "200",
        "name": "Indomaret Bengkuring",
        "shop": "convenience",
        "@geometry": "center"
      },
      "geometry": {
        "type": "Point",
        "coordinates": [
          117.1616231,
          -0.4278369
        ]
      },
      "id": "way/357650700"
    },
    {
      "type": "Feature",
      "properties": {
        "@id": "way/357650706",
        "addr:full": "JL. BATU CERMIN RT. 4 NO. 02 SEMPAJA UTARA",
        "amenity": "school",
        "building": "yes",
        "building:levels": "1",
        "capacity:persons": "150",
        "name": "KB Nur Safa",
        "operator:type": "private",
        "school:type_idn": "TK/Paud",
        "website": "http://kecsmdutara.samarindakota.go.id/sekolah",
        "@geometry": "center"
      },
      "geometry": {
        "type": "Point",
        "coordinates": [
          117.145263,
          -0.4357969
        ]
      },
      "id": "way/357650706"
    },
    {
      "type": "Feature",
      "properties": {
        "@id": "way/357650712",
        "addr:full": "Jl. Batu Cermin No.25 Sempaja Utara",
        "admin_level": "4",
        "building": "yes",
        "building:levels": "2",
        "name": "Kantor Bahasa Kalimantan Timur",
        "office": "government",
        "website": "https://badanbahasa.kemdikbud.go.id/lamanbahasa/upt?page=2",
        "@geometry": "center"
      },
      "geometry": {
        "type": "Point",
        "coordinates": [
          117.1444474,
          -0.4359708
        ]
      },
      "id": "way/357650712"
    },
    {
      "type": "Feature",
      "properties": {
        "@id": "way/357650718",
        "addr:full": "Jl. Wahid Hasyim",
        "admin_level": "5",
        "building": "yes",
        "building:levels": "1",
        "government": "administrative",
        "name": "Kantor PDAM",
        "office": "government",
        "@geometry": "center"
      },
      "geometry": {
        "type": "Point",
        "coordinates": [
          117.1531983,
          -0.4512697
        ]
      },
      "id": "way/357650718"
    },
    {
      "type": "Feature",
      "properties": {
        "@id": "way/357650738",
        "addr:full": "Jl. Bengkuring Raya",
        "amenity": "pharmacy",
        "building": "yes",
        "building:levels": "2",
        "capacity:persons": "100",
        "name": "Klinik & Apotik Sinar Sehat",
        "@geometry": "center"
      },
      "geometry": {
        "type": "Point",
        "coordinates": [
          117.1634747,
          -0.4267552
        ]
      },
      "id": "way/357650738"
    },
    {
      "type": "Feature",
      "properties": {
        "@id": "way/357650744",
        "addr:full": "Jl. Wahid Hasyim No.49",
        "building": "yes",
        "building:levels": "1",
        "capacity:persons": "50",
        "name": "Koperasi Swamitra USP KKBS",
        "office": "government",
        "@geometry": "center"
      },
      "geometry": {
        "type": "Point",
        "coordinates": [
          117.1550612,
          -0.4420801
        ]
      },
      "id": "way/357650744"
    },
    {
      "type": "Feature",
      "properties": {
        "@id": "way/357650781",
        "addr:full": "Jl. Bengkuring Raya Kelurahan Sempaja Selatan",
        "amenity": "marketplace",
        "building": "yes",
        "building:levels": "1",
        "capacity:persons": "50",
        "name": "Pasar Bengkuring",
        "@geometry": "center"
      },
      "geometry": {
        "type": "Point",
        "coordinates": [
          117.1623694,
          -0.4277057
        ]
      },
      "id": "way/357650781"
    },
    {
      "type": "Feature",
      "properties": {
        "@id": "way/357650786",
        "addr:full": "Jl. Wahid Hasyim II",
        "amenity": "police",
        "building": "yes",
        "building:levels": "1",
        "capacity:persons": "15",
        "name": "Pos Polisi Polresta Samarinda",
        "@geometry": "center"
      },
      "geometry": {
        "type": "Point",
        "coordinates": [
          117.1508873,
          -0.4378453
        ]
      },
      "id": "way/357650786"
    },
    {
      "type": "Feature",
      "properties": {
        "@id": "way/357650792",
        "addr:full": "Jl. Bengkuring Raya Kelurahan Sempaja Selatan",
        "amenity": "clinic",
        "building": "yes",
        "building:levels": "1",
        "capacity:persons": "150",
        "name": "Puskesmas Bengkuring",
        "rooms": "0",
        "website": "http://kecsmdutara.samarindakota.go.id/puskesmas",
        "@geometry": "center"
      },
      "geometry": {
        "type": "Point",
        "coordinates": [
          117.1625807,
          -0.4271848
        ]
      },
      "id": "way/357650792"
    },
    {
      "type": "Feature",
      "properties": {
        "@id": "way/357650799",
        "addr:full": "Jl. Bengkuring Raya Kelurahan Sempaja Selatan",
        "amenity": "clinic",
        "building": "yes",
        "building:levels": "1",
        "capacity:persons": "150",
        "name": "Puskesmas Bengkuring",
        "rooms": "0",
        "website": "http://kecsmdutara.samarindakota.go.id/puskesmas",
        "@geometry": "center"
      },
      "geometry": {
        "type": "Point",
        "coordinates": [
          117.1627109,
          -0.4272324
        ]
      },
      "id": "way/357650799"
    },
    {
      "type": "Feature",
      "properties": {
        "@id": "way/357650805",
        "addr:full": "Jl. Bengkuring Raya Kelurahan Sempaja Selatan",
        "amenity": "clinic",
        "building": "yes",
        "building:levels": "1",
        "capacity:persons": "150",
        "name": "Puskesmas Bengkuring",
        "rooms": "0",
        "website": "http://kecsmdutara.samarindakota.go.id/puskesmas",
        "@geometry": "center"
      },
      "geometry": {
        "type": "Point",
        "coordinates": [
          117.1625256,
          -0.4273104
        ]
      },
      "id": "way/357650805"
    },
    {
      "type": "Feature",
      "properties": {
        "@id": "way/357650810",
        "addr:full": "Jl. Bengkuring Raya Kelurahan Sempaja Selatan",
        "amenity": "clinic",
        "building": "yes",
        "building:levels": "1",
        "capacity:persons": "150",
        "name": "Puskesmas Bengkuring",
        "rooms": "0",
        "website": "http://kecsmdutara.samarindakota.go.id/puskesmas",
        "@geometry": "center"
      },
      "geometry": {
        "type": "Point",
        "coordinates": [
          117.162684,
          -0.427399
        ]
      },
      "id": "way/357650810"
    },
    {
      "type": "Feature",
      "properties": {
        "@id": "way/357650813",
        "addr:full": "Jl. Bengkuring Raya Kelurahan Sempaja Selatan",
        "amenity": "clinic",
        "building": "yes",
        "building:levels": "1",
        "capacity:persons": "150",
        "name": "Puskesmas Bengkuring",
        "rooms": "0",
        "website": "http://kecsmdutara.samarindakota.go.id/puskesmas",
        "@geometry": "center"
      },
      "geometry": {
        "type": "Point",
        "coordinates": [
          117.1626561,
          -0.4270249
        ]
      },
      "id": "way/357650813"
    },
    {
      "type": "Feature",
      "properties": {
        "@id": "way/357650816",
        "addr:full": "Jl. Bengkuring Raya Kelurahan Sempaja Selatan",
        "amenity": "clinic",
        "building": "yes",
        "building:levels": "1",
        "capacity:persons": "150",
        "name": "Puskesmas Bengkuring",
        "rooms": "0",
        "website": "http://kecsmdutara.samarindakota.go.id/puskesmas",
        "@geometry": "center"
      },
      "geometry": {
        "type": "Point",
        "coordinates": [
          117.1624192,
          -0.4272166
        ]
      },
      "id": "way/357650816"
    },
    {
      "type": "Feature",
      "properties": {
        "@id": "way/357650819",
        "addr:full": "Jl. Batu Cermin",
        "amenity": "clinic",
        "building": "yes",
        "building:levels": "1",
        "capacity:persons": "100",
        "healthcare": "clinic",
        "name": "Puskesmas Pembantu Batu Cermin",
        "operator": "Ministry of Health",
        "operator:en": "Ministry of Health",
        "operator:id": "Kementerian Kesehatan",
        "operator:type": "government",
        "operator:wikidata": "Q12490745",
        "rooms": "0",
        "short_name": "Pustu Batu Cermin",
        "@geometry": "center"
      },
      "geometry": {
        "type": "Point",
        "coordinates": [
          117.1419514,
          -0.4347813
        ]
      },
      "id": "way/357650819"
    },
    {
      "type": "Feature",
      "properties": {
        "@id": "way/357650821",
        "addr:full": "Jl. Wahid Hasyim",
        "amenity": "school",
        "building": "yes",
        "building:levels": "2",
        "capacity:persons": "300",
        "name": "SD Islam Muslimat NU Darul Falah 2",
        "operator:type": "private",
        "school:type_idn": "SD/MI",
        "website": "https://referensi.data.kemdikbud.go.id/tabs.php?npsn=30404301",
        "@geometry": "center"
      },
      "geometry": {
        "type": "Point",
        "coordinates": [
          117.1503309,
          -0.4369935
        ]
      },
      "id": "way/357650821"
    },
    {
      "type": "Feature",
      "properties": {
        "@id": "way/357650833",
        "addr:full": "Jl. Batu Cermin No.38 Sempaja Utara",
        "amenity": "school",
        "capacity:persons": "800",
        "name": "SMK Negeri Pelayaran Kalimantan",
        "operator:type": "government",
        "school:type_idn": "SMK",
        "url": "http://www.smkn-pelayaran-kalimantan.sch.id/html/index.php?id=berita&kode=13",
        "website": "https://referensi.data.kemdikbud.go.id/tabs.php?npsn=30405731",
        "@geometry": "center"
      },
      "geometry": {
        "type": "Point",
        "coordinates": [
          117.1436829,
          -0.4369133
        ]
      },
      "id": "way/357650833"
    },
    {
      "type": "Feature",
      "properties": {
        "@id": "way/357650837",
        "addr:full": "Jl. K.H. Wahid Hasyim Stadion Madya Sempaja",
        "amenity": "school",
        "building": "yes",
        "building:levels": "3",
        "capacity:persons": "300",
        "name": "SMPN & SMAN Khusus Olahraga Samarinda",
        "operator:type": "government",
        "school:type_idn": "SMP/MTs",
        "url": "https://sekolaholahragawankaltim.wordpress.com/",
        "website": "http://kecsmdutara.samarindakota.go.id/sekolah",
        "@geometry": "center"
      },
      "geometry": {
        "type": "Point",
        "coordinates": [
          117.1584634,
          -0.4534542
        ]
      },
      "id": "way/357650837"
    },
    {
      "type": "Feature",
      "properties": {
        "@id": "way/357650842",
        "addr:full": "JL. BATU CERMIN 9 KEC. SAMARINDA UTARA, KOTA SAMARINDA",
        "amenity": "school",
        "building": "yes",
        "building:levels": "3",
        "capacity:persons": "600",
        "name": "Yayasan Budi Luhur",
        "operator:type": "private",
        "website": "https://referensi.data.kemdikbud.go.id/index31.php?kode=166006&level=3",
        "@geometry": "center"
      },
      "geometry": {
        "type": "Point",
        "coordinates": [
          117.1456951,
          -0.4355585
        ]
      },
      "id": "way/357650842"
    },
    {
      "type": "Feature",
      "properties": {
        "@id": "way/357650846",
        "addr:full": "Jl. Batu Cermin",
        "amenity": "school",
        "building": "yes",
        "building:levels": "1",
        "capacity:persons": "300",
        "name": "Yayasan Sinar harapan Batu Cermin",
        "operator:type": "private",
        "school:type_idn": "SD/MI",
        "@geometry": "center"
      },
      "geometry": {
        "type": "Point",
        "coordinates": [
          117.1451066,
          -0.4359023
        ]
      },
      "id": "way/357650846"
    },
    {
      "type": "Feature",
      "properties": {
        "@id": "way/357650849",
        "addr:full": "Jl. Kenyah No. 15",
        "amenity": "school",
        "building": "yes",
        "building:levels": "1",
        "capacity:persons": "100",
        "operator:type": "private",
        "school:type_idn": "TK/Paud",
        "website": "http://kecsmdutara.samarindakota.go.id/sekolah",
        "@geometry": "center"
      },
      "geometry": {
        "type": "Point",
        "coordinates": [
          117.1509295,
          -0.4608684
        ]
      },
      "id": "way/357650849"
    },
    {
      "type": "Feature",
      "properties": {
        "@id": "way/357659026",
        "addr:full": "JL KH WAHID HASYIM NO 1 BLOK B6 SEMPAJA",
        "amenity": "bank",
        "building": "yes",
        "building:levels": "3",
        "capacity:persons": "300",
        "name": "Bank CIMB",
        "website": "http://www.daftarperusahaan.com/bank/bank-bpd-kcp-sempaja , http://www.alamat-sekolah.com/311/85/12/bank-mandiri-kcp-sempaja-kalimantan-timur.htm",
        "@geometry": "center"
      },
      "geometry": {
        "type": "Point",
        "coordinates": [
          117.1529113,
          -0.4537683
        ]
      },
      "id": "way/357659026"
    },
    {
      "type": "Feature",
      "properties": {
        "@id": "way/357659027",
        "addr:full": "JL KH WAHID HASYIM NO 1 BLOK B6 SEMPAJA",
        "amenity": "bank",
        "brand": "Bank Mandiri",
        "brand:wikidata": "Q806639",
        "building": "yes",
        "building:levels": "3",
        "capacity:persons": "300",
        "name": "Bank Mandiri",
        "website": "http://www.daftarperusahaan.com/bank/bank-bpd-kcp-sempaja , http://www.alamat-sekolah.com/311/85/12/bank-mandiri-kcp-sempaja-kalimantan-timur.htm",
        "@geometry": "center"
      },
      "geometry": {
        "type": "Point",
        "coordinates": [
          117.1529045,
          -0.4539317
        ]
      },
      "id": "way/357659027"
    },
    {
      "type": "Feature",
      "properties": {
        "@id": "way/358286604",
        "addr:full": "Jl. Pelita 4 Perum Bumi Sambutan Asri",
        "building": "yes",
        "building:levels": "2",
        "capacity:persons": "500",
        "name": "Komplek Ruko Shopping Center",
        "shop": "convenience",
        "@geometry": "center"
      },
      "geometry": {
        "type": "Point",
        "coordinates": [
          117.1850315,
          -0.5037125
        ]
      },
      "id": "way/358286604"
    },
    {
      "type": "Feature",
      "properties": {
        "@id": "way/358375815",
        "addr:full": "Jl. WR. Soepratman No. 18",
        "amenity": "school",
        "building": "yes",
        "building:levels": "2",
        "capacity:persons": "800",
        "name": "SMA Katolik W.R. Soepratman",
        "name:etymology:wikidata": "Q1144049",
        "name:etymology:wikipedia": "id:Wage Rudolf Soepratman",
        "operator:type": "private",
        "school:type_idn": "SMA/MA",
        "url": "http://referensi.data.kemdikbud.go.id/tabs.php?npsn=30401063",
        "@geometry": "center"
      },
      "geometry": {
        "type": "Point",
        "coordinates": [
          117.1423054,
          -0.4994979
        ]
      },
      "id": "way/358375815"
    },
    {
      "type": "Feature",
      "properties": {
        "@id": "way/358375818",
        "addr:full": "Jl. MT. Haryono",
        "admin_level": "5",
        "building": "yes",
        "building:levels": "2",
        "name": "Balai Riset dan Standardisasi Industri (BARISTAND) Samarinda",
        "office": "government",
        "url": "http://baristandsamarinda.kemenperin.go.id/",
        "@geometry": "center"
      },
      "geometry": {
        "type": "Point",
        "coordinates": [
          117.1205202,
          -0.490677
        ]
      },
      "id": "way/358375818"
    },
    {
      "type": "Feature",
      "properties": {
        "@id": "way/358375819",
        "addr:full": "Jl. MT. Haryono No. 17, Samarinda Ulu 75124",
        "admin_level": "5",
        "building": "yes",
        "building:levels": "3",
        "layer": "1",
        "name": "Kantor Pelayanan Pajak Pratama Samarinda",
        "office": "government",
        "url": "http://www.pajak.go.id/content/kpp-pratama-samarinda",
        "@geometry": "center"
      },
      "geometry": {
        "type": "Point",
        "coordinates": [
          117.1220505,
          -0.4884512
        ]
      },
      "id": "way/358375819"
    },
    {
      "type": "Feature",
      "properties": {
        "@id": "way/358375820",
        "addr:full": "Jl. P. Antasari No.4",
        "amenity": "school",
        "building": "yes",
        "building:levels": "3",
        "capacity:persons": "500",
        "name": "MTs Antasari Samarinda",
        "operator:type": "private",
        "school:type_idn": "SMP/MTs",
        "url": "http://referensi.data.kemdikbud.go.id/index11_smp.php?kode=166005&level=3",
        "@geometry": "center"
      },
      "geometry": {
        "type": "Point",
        "coordinates": [
          117.1270555,
          -0.4850681
        ]
      },
      "id": "way/358375820"
    },
    {
      "type": "Feature",
      "properties": {
        "@id": "way/358375825",
        "addr:full": "Jl. Pasundan",
        "amenity": "clinic",
        "building": "yes",
        "building:levels": "3",
        "name": "Puskesmas Pasundan",
        "@geometry": "center"
      },
      "geometry": {
        "type": "Point",
        "coordinates": [
          117.1375618,
          -0.4954104
        ]
      },
      "id": "way/358375825"
    },
    {
      "type": "Feature",
      "properties": {
        "@id": "way/358375826",
        "addr:full": "Jl. Raudah",
        "amenity": "clinic",
        "building": "yes",
        "building:levels": "1",
        "capacity:persons": "150",
        "name": "Pustu Teluk Lerong",
        "@geometry": "center"
      },
      "geometry": {
        "type": "Point",
        "coordinates": [
          117.1305447,
          -0.4972326
        ]
      },
      "id": "way/358375826"
    },
    {
      "type": "Feature",
      "properties": {
        "@id": "way/358375827",
        "addr:full": "Jl. Pasundan Rt. 19 No. 10",
        "amenity": "school",
        "building": "yes",
        "building:levels": "1",
        "capacity:persons": "400",
        "name": "SD Katolik 1 WR Supratman",
        "name:etymology:wikidata": "Q1144049",
        "name:etymology:wikipedia": "id:Wage Rudolf Soepratman",
        "operator:type": "private",
        "school:type_idn": "SD/MI",
        "url": "http://referensi.data.kemdikbud.go.id/ptk_index.php?kode=166005&level=3",
        "@geometry": "center"
      },
      "geometry": {
        "type": "Point",
        "coordinates": [
          117.1361983,
          -0.49609
        ]
      },
      "id": "way/358375827"
    },
    {
      "type": "Feature",
      "properties": {
        "@id": "way/358375829",
        "addr:full": "Jl. Raudah No.25",
        "amenity": "school",
        "building": "yes",
        "building:levels": "2",
        "capacity:persons": "300",
        "name": "SD Negeri 003 Samarinda Ulu",
        "old_name": "SDN 004 Samarinda Ulu",
        "operator:type": "government",
        "school:type_idn": "SD/MI",
        "short_name": "SDN 003 Samarinda Ulu",
        "url": "http://referensi.data.kemdikbud.go.id/index11_sd.php?kode=166005&level=3",
        "@geometry": "center"
      },
      "geometry": {
        "type": "Point",
        "coordinates": [
          117.1306497,
          -0.4991043
        ]
      },
      "id": "way/358375829"
    },
    {
      "type": "Feature",
      "properties": {
        "@id": "way/358375830",
        "addr:full": "Jl. P. Suryanata Komp. Batu Putih",
        "amenity": "school",
        "building": "yes",
        "building:levels": "2",
        "capacity:persons": "700",
        "name": "SD Negeri 010 Samarinda Ulu",
        "old_name": "SDN 014 Samarinda Ulu",
        "operator:type": "government",
        "school:type_idn": "SD/MI",
        "short_name": "SDN 010 Samarinda Ulu",
        "url": "http://referensi.data.kemdikbud.go.id/index11_sd.php?kode=166005&level=3",
        "@geometry": "center"
      },
      "geometry": {
        "type": "Point",
        "coordinates": [
          117.1223669,
          -0.4750091
        ]
      },
      "id": "way/358375830"
    },
    {
      "type": "Feature",
      "properties": {
        "@id": "way/358375831",
        "addr:full": "Jl. Kadrie Oening",
        "amenity": "school",
        "building": "yes",
        "building:levels": "1",
        "capacity:persons": "300",
        "name": "SMK Negeri 17 Samarinda",
        "operator:type": "government",
        "school:type_idn": "SMK",
        "short_name": "SMKN 17 Samarinda",
        "url": "smkn17samarinda.com",
        "@geometry": "center"
      },
      "geometry": {
        "type": "Point",
        "coordinates": [
          117.1300882,
          -0.4727774
        ]
      },
      "id": "way/358375831"
    },
    {
      "type": "Feature",
      "properties": {
        "@id": "way/358375832",
        "addr:full": "Jl. Banggeris",
        "amenity": "school",
        "building": "yes",
        "building:levels": "1",
        "capacity:persons": "80",
        "name": "SMP Cendana DDI",
        "operator:type": "private",
        "school:type_idn": "SMP/MTs",
        "url": "http://referensi.data.kemdikbud.go.id/pd_index.php?kode=166004&level=3",
        "@geometry": "center"
      },
      "geometry": {
        "type": "Point",
        "coordinates": [
          117.1224773,
          -0.4929861
        ]
      },
      "id": "way/358375832"
    },
    {
      "type": "Feature",
      "properties": {
        "@id": "way/358375833",
        "addr:full": "Jl. Merbabu No. 117",
        "amenity": "school",
        "building": "yes",
        "building:levels": "2",
        "capacity:persons": "500",
        "name": "SMP Katolik 1 W.R. Supratman",
        "name:etymology:wikidata": "Q1144049",
        "name:etymology:wikipedia": "id:Wage Rudolf Soepratman",
        "operator:type": "private",
        "school:type_idn": "SMP/MTs",
        "url": "http://www.kesekolah.com/direktori/sekolah/smp-katolik-1-wr-soepratman-samarinda-kalimantan-timur.html",
        "@geometry": "center"
      },
      "geometry": {
        "type": "Point",
        "coordinates": [
          117.1368455,
          -0.4992817
        ]
      },
      "id": "way/358375833"
    },
    {
      "type": "Feature",
      "properties": {
        "@id": "way/358375834",
        "addr:full": "Jl. Siti Aisyah",
        "amenity": "school",
        "building": "yes",
        "building:levels": "2",
        "capacity:persons": "500",
        "name": "SMP Muhammadiyah 3 Samarinda",
        "operator:type": "private",
        "school:type_idn": "SMP/MTs",
        "url": "http://ikelas.com/sekolah/199943/smp-muhammadiyah-3-samarinda",
        "@geometry": "center"
      },
      "geometry": {
        "type": "Point",
        "coordinates": [
          117.1339544,
          -0.4976724
        ]
      },
      "id": "way/358375834"
    },
    {
      "type": "Feature",
      "properties": {
        "@id": "way/358375835",
        "addr:full": "Jl. Kadrie Oening Gang Monalisa No. 77",
        "amenity": "college",
        "building": "yes",
        "building:levels": "3",
        "capacity:persons": "500",
        "name": "STIKES Wiyata Husada",
        "operator:type": "private",
        "url": "www.stikeswhs.ac.id",
        "@geometry": "center"
      },
      "geometry": {
        "type": "Point",
        "coordinates": [
          117.131191,
          -0.4707746
        ]
      },
      "id": "way/358375835"
    },
    {
      "type": "Feature",
      "properties": {
        "@id": "way/358375836",
        "addr:full": "Jl. Pasundan No. 78",
        "amenity": "school",
        "building": "yes",
        "building:levels": "2",
        "capacity:persons": "600",
        "name": "Seminari St. Yohanes Don Bosco Samarinda",
        "operator:type": "private",
        "school:type_idn": "SMA/MA",
        "url": "www.st-yohanesbosco.org",
        "@geometry": "center"
      },
      "geometry": {
        "type": "Point",
        "coordinates": [
          117.1367386,
          -0.4959763
        ]
      },
      "id": "way/358375836"
    },
    {
      "type": "Feature",
      "properties": {
        "@id": "way/358375838",
        "addr:full": "Jl. P. Suryanata",
        "building": "yes",
        "building:levels": "2",
        "capacity:persons": "200",
        "name": "Toko Alfa Midi",
        "shop": "convenience",
        "@geometry": "center"
      },
      "geometry": {
        "type": "Point",
        "coordinates": [
          117.1258577,
          -0.4813577
        ]
      },
      "id": "way/358375838"
    },
    {
      "type": "Feature",
      "properties": {
        "@id": "way/358375839",
        "addr:city": "Samarinda",
        "addr:full": "Jl. P. Suryanata",
        "addr:street": "Jalan Pangeran Suryanata",
        "building": "yes",
        "building:levels": "2",
        "capacity:persons": "200",
        "name": "Toko Era Mart Suryanata 2",
        "shop": "convenience",
        "@geometry": "center"
      },
      "geometry": {
        "type": "Point",
        "coordinates": [
          117.1248482,
          -0.4799085
        ]
      },
      "id": "way/358375839"
    },
    {
      "type": "Feature",
      "properties": {
        "@id": "way/358375847",
        "addr:full": "Jl. Banggeris",
        "amenity": "university",
        "capacity:persons": "600",
        "name": "Universitas Mulawarman FKIP",
        "operator:type": "government",
        "url": "https://unmul.ac.id",
        "@geometry": "center"
      },
      "geometry": {
        "type": "Point",
        "coordinates": [
          117.1217322,
          -0.4925692
        ]
      },
      "id": "way/358375847"
    },
    {
      "type": "Feature",
      "properties": {
        "@id": "way/358376625",
        "addr:full": "Jl. Ir. H. Juanda",
        "admin_level": "6",
        "building": "yes",
        "building:levels": "2",
        "layer": "1",
        "name": "Kantor Kecamatan Samarinda Ulu",
        "office": "government",
        "@geometry": "center"
      },
      "geometry": {
        "type": "Point",
        "coordinates": [
          117.1278086,
          -0.4846525
        ]
      },
      "id": "way/358376625"
    },
    {
      "type": "Feature",
      "properties": {
        "@id": "way/358468507",
        "addr:full": "Jl. Perumahan Bumi Sempaja",
        "amenity": "pharmacy",
        "building": "yes",
        "building:levels": "2",
        "capacity:persons": "20",
        "healthcare": "pharmacy",
        "name": "Apotek Mega Madina",
        "@geometry": "center"
      },
      "geometry": {
        "type": "Point",
        "coordinates": [
          117.1664531,
          -0.4517853
        ]
      },
      "id": "way/358468507"
    },
    {
      "type": "Feature",
      "properties": {
        "@id": "way/358468508",
        "addr:full": "Jl. Perumahan Bumi Sempaja",
        "air_conditioning": "yes",
        "branch": "Bumi Sempaja",
        "brand": "Indomaret",
        "brand:wikidata": "Q4262825",
        "brand:wikipedia": "id:Indomaret",
        "building": "yes",
        "building:levels": "2",
        "capacity:persons": "100",
        "name": "Indomaret",
        "name:en": "Indomaret",
        "name:id": "Indomaret",
        "name:ja": "インドマレット",
        "operator": "PT. Indomarco Prismatama",
        "shop": "convenience",
        "toilets": "yes",
        "toilets:access": "permissive",
        "website": "https://www.klikindomaret.com",
        "@geometry": "center"
      },
      "geometry": {
        "type": "Point",
        "coordinates": [
          117.1669624,
          -0.4528915
        ]
      },
      "id": "way/358468508"
    },
    {
      "type": "Feature",
      "properties": {
        "@id": "way/358468509",
        "addr:full": "Gunung Lingai",
        "admin_level": "6",
        "building": "yes",
        "building:levels": "1",
        "government": "administrative",
        "name": "Instalasi Pengolah Air Minum Samarinda Utara",
        "office": "government",
        "website": "https://diskominfo.kaltimprov.go.id/berita-spam-gunung-lingai--diserahkan-pemprov-ke-pdam--.html",
        "@geometry": "center"
      },
      "geometry": {
        "type": "Point",
        "coordinates": [
          117.1783276,
          -0.4366245
        ]
      },
      "id": "way/358468509"
    },
    {
      "type": "Feature",
      "properties": {
        "@id": "way/358468511",
        "addr:full": "Jl. Gunung Lingai RT 3",
        "admin_level": "7",
        "building": "yes",
        "building:levels": "1",
        "government": "administrative",
        "name": "Kantor Kelurahan Gunung Lingai",
        "office": "government",
        "short_name": "Kantor Lurah Gunung Lingai",
        "website": "https://id.wikipedia.org/wiki/Gunung_Lingai,_Sungai_Pinang,_Samarinda",
        "@geometry": "center"
      },
      "geometry": {
        "type": "Point",
        "coordinates": [
          117.1763614,
          -0.4468035
        ]
      },
      "id": "way/358468511"
    },
    {
      "type": "Feature",
      "properties": {
        "@id": "way/358468529",
        "addr:full": "Jl. Gunung Lingai RT 3",
        "amenity": "clinic",
        "building": "yes",
        "building:levels": "1",
        "capacity:persons": "30",
        "name": "Poskesdes Gunung Lingai",
        "rooms": "1",
        "@geometry": "center"
      },
      "geometry": {
        "type": "Point",
        "coordinates": [
          117.1763783,
          -0.4469702
        ]
      },
      "id": "way/358468529"
    },
    {
      "type": "Feature",
      "properties": {
        "@id": "way/358468531",
        "addr:full": "Lempake Tepian",
        "amenity": "clinic",
        "building": "yes",
        "building:levels": "1",
        "capacity:persons": "20",
        "name": "Posyandu Nusa Indah",
        "rooms": "1",
        "@geometry": "center"
      },
      "geometry": {
        "type": "Point",
        "coordinates": [
          117.1759463,
          -0.4362014
        ]
      },
      "id": "way/358468531"
    },
    {
      "type": "Feature",
      "properties": {
        "@id": "way/358468538",
        "addr:full": "Jl. Gunung Lingai Rt. 04",
        "amenity": "school",
        "building": "yes",
        "building:levels": "1",
        "capacity:persons": "300",
        "name": "SD Negeri 036 Samarinda Utara",
        "operator:type": "government",
        "school:type_idn": "SD/MI",
        "website": "https://referensi.data.kemdikbud.go.id/tabs.php?npsn=30400954",
        "@geometry": "center"
      },
      "geometry": {
        "type": "Point",
        "coordinates": [
          117.1752499,
          -0.4494788
        ]
      },
      "id": "way/358468538"
    },
    {
      "type": "Feature",
      "properties": {
        "@id": "way/358468539",
        "addr:full": "Jl. Gunung Lingai Rt. 04",
        "amenity": "school",
        "building": "yes",
        "building:levels": "1",
        "capacity:persons": "300",
        "name": "SD Negeri 036 Samarinda Utara",
        "operator:type": "government",
        "school:type_idn": "SD/MI",
        "website": "https://referensi.data.kemdikbud.go.id/tabs.php?npsn=30400954",
        "@geometry": "center"
      },
      "geometry": {
        "type": "Point",
        "coordinates": [
          117.1751729,
          -0.4492788
        ]
      },
      "id": "way/358468539"
    },
    {
      "type": "Feature",
      "properties": {
        "@id": "way/358468545",
        "addr:full": "Lempake Tepian",
        "amenity": "school",
        "building": "yes",
        "building:levels": "1",
        "capacity:persons": "50",
        "name": "TK Bina Ana Prasa 3",
        "operator:type": "private",
        "school:type_idn": "TK/Paud",
        "website": "https://sdm.data.kemdikbud.go.id/index.php?r=pegawai/sekolahdetail&kec=166006++",
        "@geometry": "center"
      },
      "geometry": {
        "type": "Point",
        "coordinates": [
          117.1760356,
          -0.4361878
        ]
      },
      "id": "way/358468545"
    },
    {
      "type": "Feature",
      "properties": {
        "@id": "way/358495053",
        "addr:full": "Jl. Ahmad Yani",
        "amenity": "pharmacy",
        "building": "yes",
        "building:levels": "2",
        "capacity:persons": "120",
        "name": "Apotek Julia 2",
        "@geometry": "center"
      },
      "geometry": {
        "type": "Point",
        "coordinates": [
          117.1613993,
          -0.4757493
        ]
      },
      "id": "way/358495053"
    },
    {
      "type": "Feature",
      "properties": {
        "@id": "way/358495056",
        "addr:full": "Jl. Ahmad Yani",
        "amenity": "bank",
        "building": "yes",
        "building:levels": "2",
        "capacity:persons": "200",
        "name": "BNI Cabang Ahmad Yani",
        "@geometry": "center"
      },
      "geometry": {
        "type": "Point",
        "coordinates": [
          117.1690853,
          -0.4710346
        ]
      },
      "id": "way/358495056"
    },
    {
      "type": "Feature",
      "properties": {
        "@id": "way/358495059",
        "addr:full": "Jl. Ahmad Yani",
        "amenity": "bank",
        "building": "yes",
        "building:levels": "2",
        "capacity:persons": "200",
        "name": "Bank BRI Syariah",
        "@geometry": "center"
      },
      "geometry": {
        "type": "Point",
        "coordinates": [
          117.1581849,
          -0.4775034
        ]
      },
      "id": "way/358495059"
    },
    {
      "type": "Feature",
      "properties": {
        "@id": "way/358495060",
        "addr:full": "Jl. Ahmad Yani",
        "amenity": "bank",
        "building": "yes",
        "building:levels": "2",
        "capacity:persons": "200",
        "name": "Bank Bukopin Cabang Ahmad Yani",
        "@geometry": "center"
      },
      "geometry": {
        "type": "Point",
        "coordinates": [
          117.1577244,
          -0.4777928
        ]
      },
      "id": "way/358495060"
    },
    {
      "type": "Feature",
      "properties": {
        "@id": "way/358495070",
        "addr:full": "Jl. Ahmad Yani",
        "amenity": "clinic",
        "building": "yes",
        "building:levels": "4-7",
        "capacity:persons": "300",
        "name": "Dentistika Klinik",
        "rooms": "4",
        "@geometry": "center"
      },
      "geometry": {
        "type": "Point",
        "coordinates": [
          117.1600164,
          -0.4764648
        ]
      },
      "id": "way/358495070"
    },
    {
      "type": "Feature",
      "properties": {
        "@id": "way/358495073",
        "Commercial": "Toko Kelontong",
        "addr:full": "Jl. Ahmad Yani",
        "building": "yes",
        "building:levels": "2",
        "capacity:persons": "200",
        "name": "Indomaret 6 Cabang A.Yani",
        "shop": "convenience",
        "@geometry": "center"
      },
      "geometry": {
        "type": "Point",
        "coordinates": [
          117.15881,
          -0.4771647
        ]
      },
      "id": "way/358495073"
    },
    {
      "type": "Feature",
      "properties": {
        "@id": "way/358495078",
        "addr:full": "Jl. Ahmad Yani",
        "amenity": "clinic",
        "building": "yes",
        "building:levels": "1",
        "capacity:persons": "100",
        "name": "Klinik Himalaya",
        "rooms": "2",
        "@geometry": "center"
      },
      "geometry": {
        "type": "Point",
        "coordinates": [
          117.1655032,
          -0.4731908
        ]
      },
      "id": "way/358495078"
    },
    {
      "type": "Feature",
      "properties": {
        "@id": "way/358495079",
        "addr:full": "Jl. Ahmad Yani",
        "amenity": "clinic",
        "building": "yes",
        "building:levels": "2",
        "capacity:persons": "300",
        "name": "Klinik Ibu dan Anak Kasih Cendrawasih",
        "rooms": "10",
        "@geometry": "center"
      },
      "geometry": {
        "type": "Point",
        "coordinates": [
          117.1617485,
          -0.475524
        ]
      },
      "id": "way/358495079"
    },
    {
      "type": "Feature",
      "properties": {
        "@id": "way/358495081",
        "addr:full": "Jl. Ahmad Yani",
        "amenity": "college",
        "building": "yes",
        "building:levels": "1",
        "capacity:persons": "200",
        "name": "LPK Edha",
        "operator:type": "private",
        "@geometry": "center"
      },
      "geometry": {
        "type": "Point",
        "coordinates": [
          117.1614962,
          -0.4755639
        ]
      },
      "id": "way/358495081"
    },
    {
      "type": "Feature",
      "properties": {
        "@id": "way/358500374",
        "addr:full": "Jl. Hasan Basri",
        "amenity": "bank",
        "building": "yes",
        "building:levels": "2",
        "capacity:persons": "200",
        "name": "Bank Mandiri Cabang Hasan Basri",
        "@geometry": "center"
      },
      "geometry": {
        "type": "Point",
        "coordinates": [
          117.1544199,
          -0.479673
        ]
      },
      "id": "way/358500374"
    },
    {
      "type": "Feature",
      "properties": {
        "@id": "way/358724201",
        "addr:full": "Jl. Tengkawang",
        "admin_level": "4",
        "building": "yes",
        "building:levels": "6",
        "name": "Dinas Pekerjaan Umum Provinsi Kalimantan Timur",
        "office": "government",
        "website": "https://www.sapos.co.id/index.php/berita/detail/rubrik/9/28390",
        "@geometry": "center"
      },
      "geometry": {
        "type": "Point",
        "coordinates": [
          117.1128749,
          -0.5012102
        ]
      },
      "id": "way/358724201"
    },
    {
      "type": "Feature",
      "properties": {
        "@id": "way/358724609",
        "addr:full": "Jl. Teuku Umar",
        "admin_level": "4",
        "building": "yes",
        "building:levels": ">7",
        "government": "yes",
        "name": "Kantor DPRD Prov. Kaltim",
        "office": "government",
        "url": "http://www.dprd-kaltimprov.go.id/kontak",
        "@geometry": "center"
      },
      "geometry": {
        "type": "Point",
        "coordinates": [
          117.1104304,
          -0.5012076
        ]
      },
      "id": "way/358724609"
    },
    {
      "type": "Feature",
      "properties": {
        "@id": "way/358724697",
        "addr:full": "Jl. Bukit Indah Permai",
        "amenity": "clinic",
        "building": "yes",
        "building:levels": "2",
        "capacity:persons": "10",
        "name": "Klinik Psikologi",
        "rooms": "3",
        "@geometry": "center"
      },
      "geometry": {
        "type": "Point",
        "coordinates": [
          117.1097448,
          -0.509507
        ]
      },
      "id": "way/358724697"
    },
    {
      "type": "Feature",
      "properties": {
        "@id": "way/358725683",
        "addr:full": "Jl. Untung Suropati",
        "amenity": "fire_station",
        "building": "yes",
        "building:levels": "1",
        "capacity:persons": "30",
        "name": "Kantor Pemadam Kebakaran Sungai Kunjang",
        "@geometry": "center"
      },
      "geometry": {
        "type": "Point",
        "coordinates": [
          117.1137036,
          -0.526568
        ]
      },
      "id": "way/358725683"
    },
    {
      "type": "Feature",
      "properties": {
        "@id": "way/358726200",
        "addr:full": "Jl. Untung Suropati",
        "amenity": "school",
        "building:levels": "1",
        "capacity:persons": "500",
        "name": "SMK Kehutanan Negeri Samarinda",
        "operator:type": "government",
        "school:type_idn": "SMK",
        "url": "http://referensi.data.kemdikbud.go.id/pd_index.php?kode=166004&level=3",
        "@geometry": "center"
      },
      "geometry": {
        "type": "Point",
        "coordinates": [
          117.1082831,
          -0.5309561
        ]
      },
      "id": "way/358726200"
    },
    {
      "type": "Feature",
      "properties": {
        "@id": "way/358726336",
        "addr:full": "Jl. Untung Suropati",
        "admin_level": "5",
        "building": "yes",
        "building:levels": "2",
        "name": "Balai Latihan Kerja Industri Samarinda",
        "name:en": "BALAI LATIHAN KERJA SAMARINDA",
        "office": "government",
        "url": "http://www.blki-samarinda.info/",
        "@geometry": "center"
      },
      "geometry": {
        "type": "Point",
        "coordinates": [
          117.1067315,
          -0.5314889
        ]
      },
      "id": "way/358726336"
    },
    {
      "type": "Feature",
      "properties": {
        "@id": "way/358726836",
        "addr:full": "Jl. D.I Panjaitan",
        "amenity": "pharmacy",
        "building": "yes",
        "building:levels": "1",
        "capacity:persons": "30",
        "name": "Apotek Sehat Bersama",
        "@geometry": "center"
      },
      "geometry": {
        "type": "Point",
        "coordinates": [
          117.1902687,
          -0.4552738
        ]
      },
      "id": "way/358726836"
    },
    {
      "type": "Feature",
      "properties": {
        "@id": "way/358726837",
        "addr:full": "Jl. D.I Panjaitan",
        "amenity": "bank",
        "building": "yes",
        "building:levels": "2",
        "capacity:persons": "150",
        "name": "Bank BRI Lempake",
        "website": "https://www.daftarperusahaan.com/bank/bank-bri-unit-lempake",
        "@geometry": "center"
      },
      "geometry": {
        "type": "Point",
        "coordinates": [
          117.1902277,
          -0.4565744
        ]
      },
      "id": "way/358726837"
    },
    {
      "type": "Feature",
      "properties": {
        "@id": "way/358726844",
        "addr:full": "Jl. Perumahan Talang Sari",
        "building": "yes",
        "building:levels": "2",
        "capacity:persons": "50",
        "name": "Indomaret Talang Sari",
        "shop": "convenience",
        "@geometry": "center"
      },
      "geometry": {
        "type": "Point",
        "coordinates": [
          117.200182,
          -0.455272
        ]
      },
      "id": "way/358726844"
    },
    {
      "type": "Feature",
      "properties": {
        "@id": "way/358726845",
        "addr:full": "Jl. D.I Panjaitan",
        "building": "yes",
        "building:levels": "2",
        "capacity:persons": "50",
        "name": "Indomaret Terminal Bengkuring",
        "shop": "convenience",
        "@geometry": "center"
      },
      "geometry": {
        "type": "Point",
        "coordinates": [
          117.1907944,
          -0.4548508
        ]
      },
      "id": "way/358726845"
    },
    {
      "type": "Feature",
      "properties": {
        "@id": "way/358726846",
        "addr:full": "Jl. Padat Karya No. 29 Kel.Sempaja",
        "amenity": "school",
        "building": "yes",
        "building:levels": "1",
        "capacity:persons": "50",
        "name": "KB Safira",
        "operator:type": "private",
        "school:type_idn": "TK/Paud",
        "website": "https://referensi.data.kemdikbud.go.id/tabs.php?npsn=69840874",
        "@geometry": "center"
      },
      "geometry": {
        "type": "Point",
        "coordinates": [
          117.1605507,
          -0.4215568
        ]
      },
      "id": "way/358726846"
    },
    {
      "type": "Feature",
      "properties": {
        "@id": "way/358726849",
        "addr:full": "Jalan. Poros Lempake No. 98 RT. 13 Kel. Lempake",
        "admin_level": "6",
        "building": "yes",
        "building:levels": "1",
        "government": "administrative",
        "name": "Kantor Kecamatan Samarinda Utara",
        "office": "government",
        "short_name": "Kantor Camat Samarinda Utara",
        "url": "http://kecsmdutara.samarindakota.go.id/",
        "@geometry": "center"
      },
      "geometry": {
        "type": "Point",
        "coordinates": [
          117.1943601,
          -0.4400992
        ]
      },
      "id": "way/358726849"
    },
    {
      "type": "Feature",
      "properties": {
        "@id": "way/358726850",
        "addr:full": "Jl. Padat Karya Kel.Sempaja",
        "admin_level": "7",
        "building": "yes",
        "building:levels": "2",
        "government": "administrative",
        "name": "Kantor Kelurahan Sempaja Utara",
        "office": "government",
        "short_name": "Kantor Lurah Sempaja Utara",
        "website": "https://id.wikipedia.org/wiki/Sempaja_Utara,_Samarinda_Utara,_Samarinda",
        "@geometry": "center"
      },
      "geometry": {
        "type": "Point",
        "coordinates": [
          117.1612693,
          -0.4199008
        ]
      },
      "id": "way/358726850"
    },
    {
      "type": "Feature",
      "properties": {
        "@id": "way/358726851",
        "addr:full": "Jl. Kebon Agung",
        "building": "yes",
        "building:levels": "1",
        "capacity:persons": "30",
        "name": "Kantor PLN Lempake",
        "office": "government",
        "@geometry": "center"
      },
      "geometry": {
        "type": "Point",
        "coordinates": [
          117.1915089,
          -0.453128
        ]
      },
      "id": "way/358726851"
    },
    {
      "type": "Feature",
      "properties": {
        "@id": "way/358726871",
        "addr:full": "Jl. Padat Karya Kel.Sempaja",
        "amenity": "police",
        "building": "yes",
        "building:levels": "2",
        "capacity:persons": "1000",
        "name": "Lapas Narkotika",
        "website": "http://kecsmdutara.samarindakota.go.id/lp",
        "@geometry": "center"
      },
      "geometry": {
        "type": "Point",
        "coordinates": [
          117.1640801,
          -0.3980778
        ]
      },
      "id": "way/358726871"
    },
    {
      "type": "Feature",
      "properties": {
        "@id": "way/358726873",
        "addr:full": "Jl. Purwodadi Lempake",
        "amenity": "school",
        "building": "yes",
        "building:levels": "1",
        "capacity:persons": "300",
        "name": "MTs Al Jawahir",
        "operator:type": "private",
        "school:type_idn": "SMP/MTs",
        "website": "kecsmdutara.samarindakota.go.id/sekolah",
        "@geometry": "center"
      },
      "geometry": {
        "type": "Point",
        "coordinates": [
          117.1996364,
          -0.4423342
        ]
      },
      "id": "way/358726873"
    },
    {
      "type": "Feature",
      "properties": {
        "@id": "way/358726897",
        "addr:full": "Jln. Kebun Raya Rimbawan RT.08",
        "amenity": "school",
        "building": "yes",
        "building:levels": "2",
        "capacity:persons": "400",
        "name": "Pondok Pesantren An-Nur Samarinda",
        "operator:type": "private",
        "school:type_idn": "Pesantren",
        "website": "http://mts-an-nursamarinda.blogspot.com/",
        "@geometry": "center"
      },
      "geometry": {
        "type": "Point",
        "coordinates": [
          117.2021522,
          -0.4498684
        ]
      },
      "id": "way/358726897"
    },
    {
      "type": "Feature",
      "properties": {
        "@id": "way/358726898",
        "addr:full": "Jln. Kebun Raya Rimbawan RT.08",
        "amenity": "school",
        "building": "yes",
        "building:levels": "2",
        "capacity:persons": "400",
        "name": "Pondok Pesantren An-Nur Samarinda",
        "operator:type": "private",
        "school:type_idn": "Pesantren",
        "website": "http://mts-an-nursamarinda.blogspot.com/",
        "@geometry": "center"
      },
      "geometry": {
        "type": "Point",
        "coordinates": [
          117.202626,
          -0.4499835
        ]
      },
      "id": "way/358726898"
    },
    {
      "type": "Feature",
      "properties": {
        "@id": "way/358726899",
        "addr:full": "Jln. Kebun Raya Rimbawan RT.08",
        "amenity": "school",
        "building": "yes",
        "building:levels": "2",
        "capacity:persons": "400",
        "name": "Pondok Pesantren An-Nur Samarinda",
        "operator:type": "private",
        "school:type_idn": "Pesantren",
        "website": "http://mts-an-nursamarinda.blogspot.com/",
        "@geometry": "center"
      },
      "geometry": {
        "type": "Point",
        "coordinates": [
          117.2024694,
          -0.4496575
        ]
      },
      "id": "way/358726899"
    },
    {
      "type": "Feature",
      "properties": {
        "@id": "way/358726900",
        "addr:full": "Jln. Kebun Raya Rimbawan RT.08",
        "amenity": "school",
        "building": "yes",
        "building:levels": "2",
        "capacity:persons": "400",
        "name": "Pondok Pesantren An-Nur Samarinda",
        "operator:type": "private",
        "school:type_idn": "Pesantren",
        "website": "http://mts-an-nursamarinda.blogspot.com/",
        "@geometry": "center"
      },
      "geometry": {
        "type": "Point",
        "coordinates": [
          117.2023646,
          -0.4499048
        ]
      },
      "id": "way/358726900"
    },
    {
      "type": "Feature",
      "properties": {
        "@id": "way/358726901",
        "addr:full": "Jln. Kebun Raya Rimbawan RT.08",
        "amenity": "school",
        "building": "yes",
        "building:levels": "2",
        "capacity:persons": "400",
        "name": "Pondok Pesantren An-Nur Samarinda",
        "operator:type": "private",
        "school:type_idn": "Pesantren",
        "website": "http://mts-an-nursamarinda.blogspot.com/",
        "@geometry": "center"
      },
      "geometry": {
        "type": "Point",
        "coordinates": [
          117.2028127,
          -0.449944
        ]
      },
      "id": "way/358726901"
    },
    {
      "type": "Feature",
      "properties": {
        "@id": "way/358726902",
        "addr:full": "Jl. KH. Hasyim Asyari",
        "amenity": "school",
        "building": "yes",
        "building:levels": "1",
        "capacity:persons": "40",
        "name": "Pondok Pesantren Al-Ittihad",
        "operator:type": "private",
        "school:type_idn": "Pesantren",
        "website": "http://moslemwiki.com/Pesantren_di_Propinsi_Kalimantan_Timur#Pondok_Pesantren_PP._Ittihad_Lempake.2C_Kota_Samarinda",
        "@geometry": "center"
      },
      "geometry": {
        "type": "Point",
        "coordinates": [
          117.1965302,
          -0.417898
        ]
      },
      "id": "way/358726902"
    },
    {
      "type": "Feature",
      "properties": {
        "@id": "way/358726903",
        "addr:full": "Jl. Talang Sari 01",
        "amenity": "school",
        "building": "yes",
        "building:levels": "1",
        "capacity:persons": "40",
        "name": "Pondok Pesantren Kedunglo",
        "operator:type": "private",
        "school:type_idn": "Pesantren",
        "@geometry": "center"
      },
      "geometry": {
        "type": "Point",
        "coordinates": [
          117.1939139,
          -0.4600617
        ]
      },
      "id": "way/358726903"
    },
    {
      "type": "Feature",
      "properties": {
        "@id": "way/358726904",
        "addr:full": "Jl. Rimbawan",
        "admin_level": "4",
        "building": "yes",
        "building:levels": "1",
        "name": "Puslatda Pangda PBSI Kaltim",
        "office": "government",
        "@geometry": "center"
      },
      "geometry": {
        "type": "Point",
        "coordinates": [
          117.2121473,
          -0.4607039
        ]
      },
      "id": "way/358726904"
    },
    {
      "type": "Feature",
      "properties": {
        "@id": "way/358726907",
        "addr:full": "Jl. D.I Panjaitan",
        "building": "yes",
        "building:levels": "1",
        "capacity:persons": "20",
        "name": "Pegadaian D.I Panjaitan",
        "office": "government",
        "@geometry": "center"
      },
      "geometry": {
        "type": "Point",
        "coordinates": [
          117.1902694,
          -0.4559114
        ]
      },
      "id": "way/358726907"
    },
    {
      "type": "Feature",
      "properties": {
        "@id": "way/358726908",
        "addr:full": "Jl. Suko Rejo Rt. 39",
        "amenity": "doctors",
        "building": "yes",
        "building:levels": "1",
        "capacity:persons": "10",
        "name": "Posyandu Kamboja",
        "rooms": "2",
        "website": "http://kecsmdutara.samarindakota.go.id/posyandu",
        "@geometry": "center"
      },
      "geometry": {
        "type": "Point",
        "coordinates": [
          117.1970864,
          -0.4231142
        ]
      },
      "id": "way/358726908"
    },
    {
      "type": "Feature",
      "properties": {
        "@id": "way/358726909",
        "addr:full": "Jl. bayur Rt. 14",
        "amenity": "clinic",
        "building": "yes",
        "building:levels": "1",
        "capacity:persons": "20",
        "name": "Posyandu Lestari",
        "rooms": "1",
        "website": "http://kecsmdutara.samarindakota.go.id/posyandu",
        "@geometry": "center"
      },
      "geometry": {
        "type": "Point",
        "coordinates": [
          117.1656661,
          -0.410462
        ]
      },
      "id": "way/358726909"
    },
    {
      "type": "Feature",
      "properties": {
        "@id": "way/358726910",
        "addr:full": "Jl. Giri Rejo",
        "amenity": "clinic",
        "building": "yes",
        "building:levels": "1",
        "capacity:persons": "10",
        "healthcare": "clinic",
        "name": "Posyandu Plamboyna",
        "operator": "Posyandu",
        "operator:type": "private",
        "operator:wikidata": "Q12506263",
        "rooms": "1",
        "@geometry": "center"
      },
      "geometry": {
        "type": "Point",
        "coordinates": [
          117.1926883,
          -0.4109435
        ]
      },
      "id": "way/358726910"
    },
    {
      "type": "Feature",
      "properties": {
        "@id": "way/358726911",
        "addr:full": "Jl. Kebon Agung Rt. 07/08",
        "amenity": "clinic",
        "building": "yes",
        "building:levels": "1",
        "capacity:persons": "20",
        "name": "Posyandu Wijaya Kusuma",
        "rooms": "1",
        "website": "http://kecsmdutara.samarindakota.go.id/posyandu",
        "@geometry": "center"
      },
      "geometry": {
        "type": "Point",
        "coordinates": [
          117.1930682,
          -0.443609
        ]
      },
      "id": "way/358726911"
    },
    {
      "type": "Feature",
      "properties": {
        "@id": "way/358726913",
        "addr:full": "JL. KARYA BAKTI LEMPAKE",
        "admin_level": "4",
        "building": "yes",
        "building:levels": "2",
        "name": "Pusat Pendidikan dan Latihan Olahraga Pelajar Kalimantan Timur",
        "office": "government",
        "website": "https://diskominfo.kaltimprov.go.id/berita-dispora-terobsesi-integrasikan-pplp-dengan-skoi--.html",
        "@geometry": "center"
      },
      "geometry": {
        "type": "Point",
        "coordinates": [
          117.2033392,
          -0.4422957
        ]
      },
      "id": "way/358726913"
    },
    {
      "type": "Feature",
      "properties": {
        "@id": "way/358726914",
        "addr:full": "Jl. Lempake Jaya Lempake",
        "amenity": "clinic",
        "building": "yes",
        "building:levels": "1",
        "capacity:persons": "10",
        "name": "Puskesman Hewan Lempake",
        "rooms": "1",
        "@geometry": "center"
      },
      "geometry": {
        "type": "Point",
        "coordinates": [
          117.1810872,
          -0.4328468
        ]
      },
      "id": "way/358726914"
    },
    {
      "type": "Feature",
      "properties": {
        "@id": "way/358726915",
        "addr:full": "Jl. KH. Hasyim Asyari",
        "amenity": "clinic",
        "building": "yes",
        "building:levels": "1",
        "capacity:persons": "30",
        "healthcare": "clinic",
        "name": "Puskesmas Pembantu Benanga",
        "operator": "Ministry of Health",
        "operator:en": "Ministry of Health",
        "operator:id": "Kementerian Kesehatan",
        "operator:type": "government",
        "operator:wikidata": "Q12490745",
        "rooms": "1",
        "short_name": "Pustu Benanga",
        "@geometry": "center"
      },
      "geometry": {
        "type": "Point",
        "coordinates": [
          117.1969083,
          -0.4179449
        ]
      },
      "id": "way/358726915"
    },
    {
      "type": "Feature",
      "properties": {
        "@id": "way/358726916",
        "addr:full": "Jl. Lempake Jaya Lempake",
        "amenity": "clinic",
        "building": "yes",
        "building:levels": "1",
        "capacity:persons": "30",
        "name": "Puskesmas Pembantu Lempake Jaya",
        "rooms": "1",
        "short_name": "Pustu Lempake Jaya",
        "@geometry": "center"
      },
      "geometry": {
        "type": "Point",
        "coordinates": [
          117.1804703,
          -0.4332191
        ]
      },
      "id": "way/358726916"
    },
    {
      "type": "Feature",
      "properties": {
        "@id": "way/358726918",
        "addr:full": "Jl. Bayur",
        "amenity": "clinic",
        "building": "yes",
        "building:levels": "1",
        "capacity:persons": "30",
        "name": "Puskesmas Pinang Seribu",
        "rooms": "1",
        "@geometry": "center"
      },
      "geometry": {
        "type": "Point",
        "coordinates": [
          117.1655946,
          -0.4105581
        ]
      },
      "id": "way/358726918"
    },
    {
      "type": "Feature",
      "properties": {
        "@id": "way/358726919",
        "addr:full": "Jl Mansostra I Bayur",
        "amenity": "school",
        "building": "yes",
        "building:levels": "1",
        "capacity:persons": "300",
        "name": "SD Negeri 010 Samarinda Utara",
        "operator:type": "government",
        "school:type_idn": "SD/MI",
        "website": "https://referensi.data.kemdikbud.go.id/tabs.php?npsn=30401323",
        "@geometry": "center"
      },
      "geometry": {
        "type": "Point",
        "coordinates": [
          117.1712347,
          -0.397675
        ]
      },
      "id": "way/358726919"
    },
    {
      "type": "Feature",
      "properties": {
        "@id": "way/358726920",
        "addr:full": "Jl. Magelang RT. 19",
        "amenity": "school",
        "building": "yes",
        "building:levels": "2",
        "capacity:persons": "300",
        "name": "SD Muhammadiyah 6 Samarinda",
        "operator:type": "private",
        "school:type_idn": "SD/MI",
        "website": "https://referensi.data.kemdikbud.go.id/tabs.php?npsn=69830104",
        "@geometry": "center"
      },
      "geometry": {
        "type": "Point",
        "coordinates": [
          117.1839379,
          -0.4292764
        ]
      },
      "id": "way/358726920"
    },
    {
      "type": "Feature",
      "properties": {
        "@id": "way/358726921",
        "addr:full": "Jl. Poros Gg. Andika Lempake",
        "amenity": "school",
        "building": "yes",
        "building:levels": "2",
        "capacity:persons": "100",
        "name": "SD Negeri 002 Samarinda Utara",
        "old_name": "SDN 007 Samarinda Utara",
        "operator:type": "government",
        "school:type_idn": "SD/MI",
        "short_name": "SDN 002 Samarinda Utara",
        "website": "kecsmdutara.samarindakota.go.id/sekolah",
        "@geometry": "center"
      },
      "geometry": {
        "type": "Point",
        "coordinates": [
          117.1950468,
          -0.441678
        ]
      },
      "id": "way/358726921"
    },
    {
      "type": "Feature",
      "properties": {
        "@id": "way/358726923",
        "addr:full": "Jl. Poros Gg. Andika Lempake",
        "amenity": "school",
        "building": "yes",
        "building:levels": "2",
        "capacity:persons": "100",
        "name": "SD Negeri 002 Samarinda Utara",
        "old_name": "SDN 007 Samarinda Utara",
        "operator:type": "government",
        "school:type_idn": "SD/MI",
        "short_name": "SDN 002 Samarinda Utara",
        "website": "kecsmdutara.samarindakota.go.id/sekolah",
        "@geometry": "center"
      },
      "geometry": {
        "type": "Point",
        "coordinates": [
          117.1952519,
          -0.4417667
        ]
      },
      "id": "way/358726923"
    },
    {
      "type": "Feature",
      "properties": {
        "@id": "way/358726924",
        "addr:full": "Jl.PINANG SERIBU RT.13",
        "amenity": "school",
        "building": "yes",
        "building:levels": "2",
        "capacity:persons": "300",
        "name": "SD Negeri 004 Samarinda Utara",
        "old_name": "SDN 009 Samarinda Utara",
        "operator:type": "government",
        "school:type_idn": "SD/MI",
        "website": "https://referensi.data.kemdikbud.go.id/tabs.php?npsn=30401352",
        "@geometry": "center"
      },
      "geometry": {
        "type": "Point",
        "coordinates": [
          117.1640393,
          -0.4115259
        ]
      },
      "id": "way/358726924"
    },
    {
      "type": "Feature",
      "properties": {
        "@id": "way/358726925",
        "addr:full": "Jl. Giri Rejo Lempake",
        "amenity": "school",
        "building": "yes",
        "building:levels": "1",
        "capacity:persons": "300",
        "name": "SD Negeri 007 Samarinda Utara",
        "operator:type": "government",
        "school:type_idn": "SD/MI",
        "website": "http://kecsmdutara.samarindakota.go.id/sekolah",
        "@geometry": "center"
      },
      "geometry": {
        "type": "Point",
        "coordinates": [
          117.1863078,
          -0.4075353
        ]
      },
      "id": "way/358726925"
    },
    {
      "type": "Feature",
      "properties": {
        "@id": "way/358726926",
        "addr:full": "Jl. Giri Rejo Lempake",
        "amenity": "school",
        "building": "yes",
        "building:levels": "1",
        "capacity:persons": "300",
        "name": "SD Negeri 007 Samarinda Utara",
        "operator:type": "government",
        "school:type_idn": "SD/MI",
        "website": "http://kecsmdutara.samarindakota.go.id/sekolah",
        "@geometry": "center"
      },
      "geometry": {
        "type": "Point",
        "coordinates": [
          117.1865547,
          -0.4074629
        ]
      },
      "id": "way/358726926"
    },
    {
      "type": "Feature",
      "properties": {
        "@id": "way/358726927",
        "addr:full": "JL. KEBON AGUNG",
        "amenity": "school",
        "building": "yes",
        "building:levels": "2",
        "capacity:persons": "350",
        "name": "SD Negeri 011 Samarinda Utara",
        "operator:type": "government",
        "school:type_idn": "SD/MI",
        "website": "http://kecsmdutara.samarindakota.go.id/sekolah",
        "@geometry": "center"
      },
      "geometry": {
        "type": "Point",
        "coordinates": [
          117.197861,
          -0.4517889
        ]
      },
      "id": "way/358726927"
    },
    {
      "type": "Feature",
      "properties": {
        "@id": "way/358726928",
        "addr:full": "JL. KEBON AGUNG",
        "amenity": "school",
        "building": "yes",
        "building:levels": "2",
        "capacity:persons": "350",
        "name": "SD Negeri 011 Samarinda Utara",
        "operator:type": "government",
        "school:type_idn": "SD/MI",
        "website": "http://kecsmdutara.samarindakota.go.id/sekolah",
        "@geometry": "center"
      },
      "geometry": {
        "type": "Point",
        "coordinates": [
          117.1980256,
          -0.4516537
        ]
      },
      "id": "way/358726928"
    },
    {
      "type": "Feature",
      "properties": {
        "@id": "way/358726929",
        "addr:full": "JL. KEBON AGUNG",
        "amenity": "school",
        "building": "yes",
        "building:levels": "2",
        "capacity:persons": "350",
        "name": "SD Negeri 011 Samarinda Utara",
        "operator:type": "government",
        "school:type_idn": "SD/MI",
        "website": "http://kecsmdutara.samarindakota.go.id/sekolah",
        "@geometry": "center"
      },
      "geometry": {
        "type": "Point",
        "coordinates": [
          117.1980175,
          -0.4519336
        ]
      },
      "id": "way/358726929"
    },
    {
      "type": "Feature",
      "properties": {
        "@id": "way/358726930",
        "addr:full": "Jl. KH. Hasyim Asyari",
        "amenity": "school",
        "building": "yes",
        "building:levels": "1",
        "capacity:persons": "300",
        "name": "SD Negeri 008 Samarinda Utara",
        "operator:type": "government",
        "school:type_idn": "SD/MI",
        "website": "http://kecsmdutara.samarindakota.go.id/sekolah",
        "@geometry": "center"
      },
      "geometry": {
        "type": "Point",
        "coordinates": [
          117.1968433,
          -0.4177944
        ]
      },
      "id": "way/358726930"
    },
    {
      "type": "Feature",
      "properties": {
        "@id": "way/358726931",
        "addr:full": "Jl. KH. Hasyim Asyari",
        "amenity": "school",
        "building": "yes",
        "building:levels": "1",
        "capacity:persons": "300",
        "name": "SD Negeri 008 Samarinda Utara",
        "operator:type": "government",
        "school:type_idn": "SD/MI",
        "website": "http://kecsmdutara.samarindakota.go.id/sekolah",
        "@geometry": "center"
      },
      "geometry": {
        "type": "Point",
        "coordinates": [
          117.1969393,
          -0.4174784
        ]
      },
      "id": "way/358726931"
    },
    {
      "type": "Feature",
      "properties": {
        "@id": "way/358726932",
        "addr:full": "Jl. KH. Hasyim Asyari",
        "amenity": "school",
        "building": "yes",
        "building:levels": "1",
        "capacity:persons": "300",
        "name": "SD Negeri 008 Samarinda Utara",
        "operator:type": "government",
        "school:type_idn": "SD/MI",
        "website": "http://kecsmdutara.samarindakota.go.id/sekolah",
        "@geometry": "center"
      },
      "geometry": {
        "type": "Point",
        "coordinates": [
          117.1967123,
          -0.4176727
        ]
      },
      "id": "way/358726932"
    },
    {
      "type": "Feature",
      "properties": {
        "@id": "way/358726933",
        "addr:full": "Jl. Padat Karya Kel.Sempaja",
        "amenity": "school",
        "building": "yes",
        "building:levels": "2",
        "capacity:persons": "60",
        "name": "SLB Negeri Pembina Samarinda",
        "operator:type": "government",
        "school:type_idn": "SD/MI",
        "url": "http://www.slbpembina-kaltim.sch.id/main/index.php",
        "wheelchair": "yes",
        "@geometry": "center"
      },
      "geometry": {
        "type": "Point",
        "coordinates": [
          117.1566893,
          -0.427485
        ]
      },
      "id": "way/358726933"
    },
    {
      "type": "Feature",
      "properties": {
        "@id": "way/358726934",
        "addr:full": "Jl. Padat Karya Kel.Sempaja",
        "amenity": "school",
        "building": "yes",
        "building:levels": "2",
        "capacity:persons": "60",
        "name": "SLB Negeri Pembina Samarinda",
        "operator:type": "government",
        "school:type_idn": "SD/MI",
        "url": "http://www.slbpembina-kaltim.sch.id/main/index.php",
        "@geometry": "center"
      },
      "geometry": {
        "type": "Point",
        "coordinates": [
          117.1576427,
          -0.4273788
        ]
      },
      "id": "way/358726934"
    },
    {
      "type": "Feature",
      "properties": {
        "@id": "way/358726935",
        "addr:full": "Jl. Padat Karya Kel.Sempaja",
        "amenity": "school",
        "building": "yes",
        "building:levels": "2",
        "capacity:persons": "60",
        "name": "SLB Negeri Pembina Samarinda",
        "operator:type": "government",
        "school:type_idn": "SD/MI",
        "url": "http://www.slbpembina-kaltim.sch.id/main/index.php",
        "wheelchair": "yes",
        "@geometry": "center"
      },
      "geometry": {
        "type": "Point",
        "coordinates": [
          117.1572189,
          -0.4275827
        ]
      },
      "id": "way/358726935"
    },
    {
      "type": "Feature",
      "properties": {
        "@id": "way/358726936",
        "addr:full": "Jl. Padat Karya Kel.Sempaja",
        "amenity": "school",
        "building": "yes",
        "building:levels": "2",
        "capacity:persons": "60",
        "name": "SLB Negeri Pembina Samarinda",
        "operator:type": "government",
        "school:type_idn": "SD/MI",
        "url": "http://www.slbpembina-kaltim.sch.id/main/index.php",
        "@geometry": "center"
      },
      "geometry": {
        "type": "Point",
        "coordinates": [
          117.1563471,
          -0.4269179
        ]
      },
      "id": "way/358726936"
    },
    {
      "type": "Feature",
      "properties": {
        "@id": "way/358726937",
        "addr:full": "Jl. Padat Karya Kel.Sempaja",
        "amenity": "school",
        "building": "yes",
        "building:levels": "2",
        "capacity:persons": "60",
        "name": "SLB Negeri Pembina Samarinda",
        "operator:type": "government",
        "school:type_idn": "SD/MI",
        "url": "http://www.slbpembina-kaltim.sch.id/main/index.php",
        "@geometry": "center"
      },
      "geometry": {
        "type": "Point",
        "coordinates": [
          117.1575053,
          -0.4276147
        ]
      },
      "id": "way/358726937"
    },
    {
      "type": "Feature",
      "properties": {
        "@id": "way/358726938",
        "addr:full": "Jl. Padat Karya Kel.Sempaja",
        "amenity": "school",
        "building": "yes",
        "building:levels": "2",
        "capacity:persons": "60",
        "name": "SLB Negeri Pembina Samarinda",
        "operator:type": "government",
        "school:type_idn": "SD/MI",
        "url": "http://www.slbpembina-kaltim.sch.id/main/index.php",
        "@geometry": "center"
      },
      "geometry": {
        "type": "Point",
        "coordinates": [
          117.1578083,
          -0.427298
        ]
      },
      "id": "way/358726938"
    },
    {
      "type": "Feature",
      "properties": {
        "@id": "way/358726939",
        "addr:full": "Jl. Padat Karya Kel.Sempaja",
        "amenity": "school",
        "building": "yes",
        "building:levels": "2",
        "capacity:persons": "60",
        "name": "SLB Negeri Pembina Samarinda",
        "operator:type": "government",
        "school:type_idn": "SD/MI",
        "url": "http://www.slbpembina-kaltim.sch.id/main/index.php",
        "@geometry": "center"
      },
      "geometry": {
        "type": "Point",
        "coordinates": [
          117.1576874,
          -0.427661
        ]
      },
      "id": "way/358726939"
    },
    {
      "type": "Feature",
      "properties": {
        "@id": "way/358726940",
        "addr:full": "Jl. Padat Karya Kel.Sempaja",
        "amenity": "school",
        "building": "yes",
        "building:levels": "2",
        "capacity:persons": "60",
        "name": "SLB Negeri Pembina Samarinda",
        "operator:type": "government",
        "school:type_idn": "SD/MI",
        "url": "http://www.slbpembina-kaltim.sch.id/main/index.php",
        "@geometry": "center"
      },
      "geometry": {
        "type": "Point",
        "coordinates": [
          117.1571504,
          -0.4273235
        ]
      },
      "id": "way/358726940"
    },
    {
      "type": "Feature",
      "properties": {
        "@id": "way/358726941",
        "addr:full": "Jl. Padat Karya Kel.Sempaja",
        "amenity": "school",
        "building": "yes",
        "building:levels": "2",
        "capacity:persons": "60",
        "name": "SLB Negeri Pembina Samarinda",
        "operator:type": "government",
        "school:type_idn": "SD/MI",
        "url": "http://www.slbpembina-kaltim.sch.id/main/index.php",
        "@geometry": "center"
      },
      "geometry": {
        "type": "Point",
        "coordinates": [
          117.157638,
          -0.4272866
        ]
      },
      "id": "way/358726941"
    },
    {
      "type": "Feature",
      "properties": {
        "@id": "way/358726942",
        "addr:full": "Jl. Padat Karya Kel.Sempaja",
        "amenity": "school",
        "building": "yes",
        "building:levels": "2",
        "capacity:persons": "60",
        "name": "SLB Negeri Pembina Samarinda",
        "operator:type": "government",
        "school:type_idn": "SD/MI",
        "url": "http://www.slbpembina-kaltim.sch.id/main/index.php",
        "@geometry": "center"
      },
      "geometry": {
        "type": "Point",
        "coordinates": [
          117.1578945,
          -0.4276805
        ]
      },
      "id": "way/358726942"
    },
    {
      "type": "Feature",
      "properties": {
        "@id": "way/358726943",
        "addr:full": "Jl. Padat Karya Kel.Sempaja",
        "amenity": "school",
        "building": "yes",
        "building:levels": "2",
        "capacity:persons": "60",
        "name": "SLB Negeri Pembina Samarinda",
        "operator:type": "government",
        "school:type_idn": "SD/MI",
        "url": "http://www.slbpembina-kaltim.sch.id/main/index.php",
        "@geometry": "center"
      },
      "geometry": {
        "type": "Point",
        "coordinates": [
          117.1569186,
          -0.4272743
        ]
      },
      "id": "way/358726943"
    },
    {
      "type": "Feature",
      "properties": {
        "@id": "way/358726944",
        "addr:full": "Jl. Padat Karya Kel.Sempaja",
        "amenity": "school",
        "building": "yes",
        "building:levels": "2",
        "capacity:persons": "60",
        "name": "SLB Negeri Pembina Samarinda",
        "operator:type": "government",
        "school:type_idn": "SD/MI",
        "url": "http://www.slbpembina-kaltim.sch.id/main/index.php",
        "@geometry": "center"
      },
      "geometry": {
        "type": "Point",
        "coordinates": [
          117.1581004,
          -0.4277583
        ]
      },
      "id": "way/358726944"
    },
    {
      "type": "Feature",
      "properties": {
        "@id": "way/358726945",
        "addr:full": "Jl. Padat Karya Kel.Sempaja",
        "amenity": "school",
        "building": "yes",
        "building:levels": "2",
        "capacity:persons": "60",
        "name": "SLB Negeri Pembina Samarinda",
        "operator:type": "government",
        "school:type_idn": "SD/MI",
        "url": "http://www.slbpembina-kaltim.sch.id/main/index.php",
        "@geometry": "center"
      },
      "geometry": {
        "type": "Point",
        "coordinates": [
          117.1574793,
          -0.4273131
        ]
      },
      "id": "way/358726945"
    },
    {
      "type": "Feature",
      "properties": {
        "@id": "way/358726946",
        "addr:full": "Jl. Padat Karya Kel.Sempaja",
        "amenity": "school",
        "building": "yes",
        "building:levels": "2",
        "capacity:persons": "60",
        "name": "SLB Negeri Pembina Samarinda",
        "operator:type": "government",
        "school:type_idn": "SD/MI",
        "url": "http://www.slbpembina-kaltim.sch.id/main/index.php",
        "@geometry": "center"
      },
      "geometry": {
        "type": "Point",
        "coordinates": [
          117.1568083,
          -0.427182
        ]
      },
      "id": "way/358726946"
    },
    {
      "type": "Feature",
      "properties": {
        "@id": "way/358726947",
        "addr:full": "Jl. Padat Karya Kel.Sempaja",
        "amenity": "school",
        "building": "yes",
        "building:levels": "2",
        "capacity:persons": "60",
        "name": "SLB Negeri Pembina Samarinda",
        "operator:type": "government",
        "school:type_idn": "SD/MI",
        "url": "http://www.slbpembina-kaltim.sch.id/main/index.php",
        "@geometry": "center"
      },
      "geometry": {
        "type": "Point",
        "coordinates": [
          117.1563336,
          -0.4270724
        ]
      },
      "id": "way/358726947"
    },
    {
      "type": "Feature",
      "properties": {
        "@id": "way/358726948",
        "addr:full": "Jl. Padat Karya Kel.Sempaja",
        "amenity": "school",
        "building": "yes",
        "building:levels": "2",
        "capacity:persons": "60",
        "name": "SLB Negeri Pembina Samarinda",
        "operator:type": "government",
        "school:type_idn": "SD/MI",
        "url": "http://www.slbpembina-kaltim.sch.id/main/index.php",
        "@geometry": "center"
      },
      "geometry": {
        "type": "Point",
        "coordinates": [
          117.156637,
          -0.4271308
        ]
      },
      "id": "way/358726948"
    },
    {
      "type": "Feature",
      "properties": {
        "@id": "way/358726949",
        "addr:full": "Jl. Giri Rejo Lempake",
        "amenity": "school",
        "building": "yes",
        "building:levels": "1",
        "capacity:persons": "400",
        "name": "SMA Negeri 9 Samarinda",
        "operator:type": "government",
        "school:type_idn": "SMA/MA",
        "website": "http://kecsmdutara.samarindakota.go.id/sekolah",
        "@geometry": "center"
      },
      "geometry": {
        "type": "Point",
        "coordinates": [
          117.1827798,
          -0.4150251
        ]
      },
      "id": "way/358726949"
    },
    {
      "type": "Feature",
      "properties": {
        "@id": "way/358726950",
        "addr:full": "Jl. Giri Rejo Lempake",
        "amenity": "school",
        "building": "yes",
        "building:levels": "1",
        "capacity:persons": "400",
        "name": "SMA Negeri 9 Samarinda",
        "operator:type": "government",
        "school:type_idn": "SMA/MA",
        "website": "http://kecsmdutara.samarindakota.go.id/sekolah",
        "@geometry": "center"
      },
      "geometry": {
        "type": "Point",
        "coordinates": [
          117.1831399,
          -0.4148531
        ]
      },
      "id": "way/358726950"
    },
    {
      "type": "Feature",
      "properties": {
        "@id": "way/358726951",
        "addr:full": "Jl. Giri Rejo Lempake",
        "amenity": "school",
        "building": "yes",
        "building:levels": "1",
        "capacity:persons": "400",
        "name": "SMA Negeri 9 Samarinda",
        "operator:type": "government",
        "school:type_idn": "SMA/MA",
        "website": "http://kecsmdutara.samarindakota.go.id/sekolah",
        "@geometry": "center"
      },
      "geometry": {
        "type": "Point",
        "coordinates": [
          117.1830454,
          -0.4145871
        ]
      },
      "id": "way/358726951"
    },
    {
      "type": "Feature",
      "properties": {
        "@id": "way/358726952",
        "addr:full": "Jl. Giri Rejo Lempake",
        "amenity": "school",
        "building": "yes",
        "building:levels": "1",
        "capacity:persons": "400",
        "name": "SMA Negeri 9 Samarinda",
        "operator:type": "government",
        "school:type_idn": "SMA/MA",
        "website": "http://kecsmdutara.samarindakota.go.id/sekolah",
        "@geometry": "center"
      },
      "geometry": {
        "type": "Point",
        "coordinates": [
          117.1825427,
          -0.4148402
        ]
      },
      "id": "way/358726952"
    },
    {
      "type": "Feature",
      "properties": {
        "@id": "way/358726953",
        "addr:full": "Jl. Giri Rejo Lempake",
        "amenity": "school",
        "building": "yes",
        "building:levels": "1",
        "capacity:persons": "400",
        "name": "SMA Negeri 9 Samarinda",
        "operator:type": "government",
        "school:type_idn": "SMA/MA",
        "website": "http://kecsmdutara.samarindakota.go.id/sekolah",
        "@geometry": "center"
      },
      "geometry": {
        "type": "Point",
        "coordinates": [
          117.1831915,
          -0.4146598
        ]
      },
      "id": "way/358726953"
    },
    {
      "type": "Feature",
      "properties": {
        "@id": "way/358726954",
        "addr:full": "Jl. Giri Rejo Lempake",
        "amenity": "school",
        "building": "yes",
        "building:levels": "1",
        "capacity:persons": "400",
        "name": "SMA Negeri 9 Samarinda",
        "operator:type": "government",
        "school:type_idn": "SMA/MA",
        "website": "http://kecsmdutara.samarindakota.go.id/sekolah",
        "@geometry": "center"
      },
      "geometry": {
        "type": "Point",
        "coordinates": [
          117.1829191,
          -0.414454
        ]
      },
      "id": "way/358726954"
    },
    {
      "type": "Feature",
      "properties": {
        "@id": "way/358726955",
        "addr:full": "Jl. Giri Rejo Lempake",
        "amenity": "school",
        "building": "yes",
        "building:levels": "1",
        "capacity:persons": "400",
        "name": "SMA Negeri 9 Samarinda",
        "operator:type": "government",
        "school:type_idn": "SMA/MA",
        "website": "http://kecsmdutara.samarindakota.go.id/sekolah",
        "@geometry": "center"
      },
      "geometry": {
        "type": "Point",
        "coordinates": [
          117.1827968,
          -0.4154127
        ]
      },
      "id": "way/358726955"
    },
    {
      "type": "Feature",
      "properties": {
        "@id": "way/358726956",
        "addr:full": "Jl. Giri Rejo Lempake",
        "amenity": "school",
        "building": "yes",
        "building:levels": "1",
        "capacity:persons": "400",
        "name": "SMA Negeri 9 Samarinda",
        "operator:type": "government",
        "school:type_idn": "SMA/MA",
        "website": "http://kecsmdutara.samarindakota.go.id/sekolah",
        "@geometry": "center"
      },
      "geometry": {
        "type": "Point",
        "coordinates": [
          117.1827282,
          -0.4144537
        ]
      },
      "id": "way/358726956"
    },
    {
      "type": "Feature",
      "properties": {
        "@id": "way/358726957",
        "addr:full": "Jl. Giri Rejo Lempake",
        "amenity": "school",
        "building": "yes",
        "building:levels": "1",
        "capacity:persons": "400",
        "name": "SMA Negeri 9 Samarinda",
        "operator:type": "government",
        "school:type_idn": "SMA/MA",
        "website": "http://kecsmdutara.samarindakota.go.id/sekolah",
        "@geometry": "center"
      },
      "geometry": {
        "type": "Point",
        "coordinates": [
          117.1830652,
          -0.4152505
        ]
      },
      "id": "way/358726957"
    },
    {
      "type": "Feature",
      "properties": {
        "@id": "way/358726958",
        "addr:full": "Jl. Giri Rejo Lempake",
        "amenity": "school",
        "building": "yes",
        "building:levels": "1",
        "capacity:persons": "400",
        "name": "SMA Negeri 9 Samarinda",
        "operator:type": "government",
        "school:type_idn": "SMA/MA",
        "website": "http://kecsmdutara.samarindakota.go.id/sekolah",
        "@geometry": "center"
      },
      "geometry": {
        "type": "Point",
        "coordinates": [
          117.1829891,
          -0.4154914
        ]
      },
      "id": "way/358726958"
    },
    {
      "type": "Feature",
      "properties": {
        "@id": "way/358726959",
        "addr:full": "Jl. Giri Rejo Lempake",
        "amenity": "school",
        "building": "yes",
        "building:levels": "1",
        "capacity:persons": "400",
        "name": "SMA Negeri 9 Samarinda",
        "operator:type": "government",
        "school:type_idn": "SMA/MA",
        "website": "http://kecsmdutara.samarindakota.go.id/sekolah",
        "@geometry": "center"
      },
      "geometry": {
        "type": "Point",
        "coordinates": [
          117.1827321,
          -0.4152254
        ]
      },
      "id": "way/358726959"
    },
    {
      "type": "Feature",
      "properties": {
        "@id": "way/358726960",
        "addr:full": "Jl. Giri Rejo Lempake",
        "amenity": "school",
        "building": "yes",
        "building:levels": "1",
        "capacity:persons": "400",
        "name": "SMA Negeri 9 Samarinda",
        "operator:type": "government",
        "school:type_idn": "SMA/MA",
        "website": "http://kecsmdutara.samarindakota.go.id/sekolah",
        "@geometry": "center"
      },
      "geometry": {
        "type": "Point",
        "coordinates": [
          117.1830519,
          -0.4150057
        ]
      },
      "id": "way/358726960"
    },
    {
      "type": "Feature",
      "properties": {
        "@id": "way/358726961",
        "addr:full": "Jl. R. A. Kartini Lempake",
        "amenity": "school",
        "building": "yes",
        "building:levels": "1",
        "capacity:persons": "400",
        "name": "SMP Negeri 13 Samarinda",
        "operator:type": "government",
        "school:type_idn": "SMP/MTs",
        "website": "http://kecsmdutara.samarindakota.go.id/sekolah",
        "@geometry": "center"
      },
      "geometry": {
        "type": "Point",
        "coordinates": [
          117.1954831,
          -0.435753
        ]
      },
      "id": "way/358726961"
    },
    {
      "type": "Feature",
      "properties": {
        "@id": "way/358726962",
        "addr:full": "Jl. R. A. Kartini Lempake",
        "amenity": "school",
        "building": "yes",
        "building:levels": "1",
        "capacity:persons": "400",
        "name": "SMP Negeri 13 Samarinda",
        "operator:type": "government",
        "school:type_idn": "SMP/MTs",
        "website": "http://kecsmdutara.samarindakota.go.id/sekolah",
        "@geometry": "center"
      },
      "geometry": {
        "type": "Point",
        "coordinates": [
          117.1952559,
          -0.4356467
        ]
      },
      "id": "way/358726962"
    },
    {
      "type": "Feature",
      "properties": {
        "@id": "way/358726963",
        "addr:full": "Jl. R. A. Kartini Lempake",
        "amenity": "school",
        "building": "yes",
        "building:levels": "1",
        "capacity:persons": "400",
        "name": "SMP Negeri 13 Samarinda",
        "operator:type": "government",
        "school:type_idn": "SMP/MTs",
        "website": "http://kecsmdutara.samarindakota.go.id/sekolah",
        "@geometry": "center"
      },
      "geometry": {
        "type": "Point",
        "coordinates": [
          117.1947813,
          -0.4360036
        ]
      },
      "id": "way/358726963"
    },
    {
      "type": "Feature",
      "properties": {
        "@id": "way/358726964",
        "addr:full": "Jl. R. A. Kartini Lempake",
        "amenity": "school",
        "building": "yes",
        "building:levels": "1",
        "capacity:persons": "400",
        "name": "SMP Negeri 13 Samarinda",
        "operator:type": "government",
        "school:type_idn": "SMP/MTs",
        "website": "http://kecsmdutara.samarindakota.go.id/sekolah",
        "@geometry": "center"
      },
      "geometry": {
        "type": "Point",
        "coordinates": [
          117.1950773,
          -0.4355976
        ]
      },
      "id": "way/358726964"
    },
    {
      "type": "Feature",
      "properties": {
        "@id": "way/358726965",
        "addr:full": "Jl. R. A. Kartini Lempake",
        "amenity": "school",
        "building": "yes",
        "building:levels": "1",
        "capacity:persons": "400",
        "name": "SMP Negeri 13 Samarinda",
        "operator:type": "government",
        "school:type_idn": "SMP/MTs",
        "website": "http://kecsmdutara.samarindakota.go.id/sekolah",
        "@geometry": "center"
      },
      "geometry": {
        "type": "Point",
        "coordinates": [
          117.1953367,
          -0.4360949
        ]
      },
      "id": "way/358726965"
    },
    {
      "type": "Feature",
      "properties": {
        "@id": "way/358726966",
        "addr:full": "Jl. R. A. Kartini Lempake",
        "amenity": "school",
        "building": "yes",
        "building:levels": "1",
        "capacity:persons": "400",
        "name": "SMP Negeri 13 Samarinda",
        "operator:type": "government",
        "school:type_idn": "SMP/MTs",
        "website": "http://kecsmdutara.samarindakota.go.id/sekolah",
        "@geometry": "center"
      },
      "geometry": {
        "type": "Point",
        "coordinates": [
          117.1950845,
          -0.4361631
        ]
      },
      "id": "way/358726966"
    },
    {
      "type": "Feature",
      "properties": {
        "@id": "way/358726967",
        "addr:full": "Jl. R. A. Kartini Lempake",
        "amenity": "school",
        "building": "yes",
        "building:levels": "1",
        "capacity:persons": "400",
        "name": "SMP Negeri 13 Samarinda",
        "operator:type": "government",
        "school:type_idn": "SMP/MTs",
        "website": "http://kecsmdutara.samarindakota.go.id/sekolah",
        "@geometry": "center"
      },
      "geometry": {
        "type": "Point",
        "coordinates": [
          117.1954177,
          -0.4359156
        ]
      },
      "id": "way/358726967"
    },
    {
      "type": "Feature",
      "properties": {
        "@id": "way/358726968",
        "addr:full": "Jl. R. A. Kartini Lempake",
        "amenity": "school",
        "building": "yes",
        "building:levels": "1",
        "capacity:persons": "400",
        "name": "SMP Negeri 13 Samarinda",
        "operator:type": "government",
        "school:type_idn": "SMP/MTs",
        "website": "http://kecsmdutara.samarindakota.go.id/sekolah",
        "@geometry": "center"
      },
      "geometry": {
        "type": "Point",
        "coordinates": [
          117.1950959,
          -0.4358385
        ]
      },
      "id": "way/358726968"
    },
    {
      "type": "Feature",
      "properties": {
        "@id": "way/358726969",
        "addr:full": "Jl. R. A. Kartini Lempake",
        "amenity": "school",
        "building": "yes",
        "building:levels": "1",
        "capacity:persons": "400",
        "name": "SMP Negeri 13 Samarinda",
        "operator:type": "government",
        "school:type_idn": "SMP/MTs",
        "website": "http://kecsmdutara.samarindakota.go.id/sekolah",
        "@geometry": "center"
      },
      "geometry": {
        "type": "Point",
        "coordinates": [
          117.1952043,
          -0.4359959
        ]
      },
      "id": "way/358726969"
    },
    {
      "type": "Feature",
      "properties": {
        "@id": "way/358726970",
        "addr:full": "Jl. R. A. Kartini Lempake",
        "amenity": "school",
        "building": "yes",
        "building:levels": "1",
        "capacity:persons": "400",
        "name": "SMP Negeri 13 Samarinda",
        "operator:type": "government",
        "school:type_idn": "SMP/MTs",
        "website": "http://kecsmdutara.samarindakota.go.id/sekolah",
        "@geometry": "center"
      },
      "geometry": {
        "type": "Point",
        "coordinates": [
          117.1946543,
          -0.4358543
        ]
      },
      "id": "way/358726970"
    },
    {
      "type": "Feature",
      "properties": {
        "@id": "way/358726971",
        "addr:full": "Jl. R. A. Kartini Lempake",
        "amenity": "school",
        "building": "yes",
        "building:levels": "1",
        "capacity:persons": "400",
        "name": "SMP Negeri 13 Samarinda",
        "operator:type": "government",
        "school:type_idn": "SMP/MTs",
        "website": "http://kecsmdutara.samarindakota.go.id/sekolah",
        "@geometry": "center"
      },
      "geometry": {
        "type": "Point",
        "coordinates": [
          117.1949422,
          -0.4355375
        ]
      },
      "id": "way/358726971"
    },
    {
      "type": "Feature",
      "properties": {
        "@id": "way/358726972",
        "addr:full": "Jl. R. A. Kartini Lempake",
        "amenity": "school",
        "building": "yes",
        "building:levels": "1",
        "capacity:persons": "400",
        "name": "SMP Negeri 13 Samarinda",
        "operator:type": "government",
        "school:type_idn": "SMP/MTs",
        "website": "http://kecsmdutara.samarindakota.go.id/sekolah",
        "@geometry": "center"
      },
      "geometry": {
        "type": "Point",
        "coordinates": [
          117.195361,
          -0.4357151
        ]
      },
      "id": "way/358726972"
    },
    {
      "type": "Feature",
      "properties": {
        "@id": "way/358726978",
        "access:roof": "no",
        "addr:full": "Jl. D.I Panjaitan",
        "amenity": "school",
        "building": "yes",
        "building:levels": "3",
        "building:roof": "tile",
        "building:structure": "reinforced_masonry",
        "building:walls": "brick",
        "capacity:persons": "1000",
        "name": "Yayasan Bunga Bangsa Kecamatan Sungai Pinang",
        "operator:type": "private",
        "school:type_idn": "SD",
        "url": "www.yayasanbungabangsa.org",
        "@geometry": "center"
      },
      "geometry": {
        "type": "Point",
        "coordinates": [
          117.1906774,
          -0.457732
        ]
      },
      "id": "way/358726978"
    },
    {
      "type": "Feature",
      "properties": {
        "@id": "way/358726979",
        "access:roof": "no",
        "addr:full": "Jl. D.I Panjaitan",
        "amenity": "school",
        "building": "yes",
        "building:levels": "3",
        "building:roof": "tile",
        "building:structure": "reinforced_masonry",
        "building:walls": "brick",
        "capacity:persons": "1000",
        "name": "Yayasan Bunga Bangsa Kecamatan Sungai Pinang",
        "operator:type": "private",
        "school:type_idn": "SD",
        "url": "www.yayasanbungabangsa.org",
        "@geometry": "center"
      },
      "geometry": {
        "type": "Point",
        "coordinates": [
          117.1911212,
          -0.4576391
        ]
      },
      "id": "way/358726979"
    },
    {
      "type": "Feature",
      "properties": {
        "@id": "way/358726980",
        "access:roof": "no",
        "addr:full": "Jl. D.I Panjaitan",
        "amenity": "school",
        "building": "yes",
        "building:levels": "3",
        "building:roof": "tile",
        "building:structure": "reinforced_masonry",
        "building:walls": "brick",
        "capacity:persons": "1000",
        "name": "Yayasan Bunga Bangsa Kecamatan Sungai Pinang",
        "operator:type": "private",
        "school:type_idn": "SD",
        "url": "www.yayasanbungabangsa.org",
        "@geometry": "center"
      },
      "geometry": {
        "type": "Point",
        "coordinates": [
          117.1905624,
          -0.4576338
        ]
      },
      "id": "way/358726980"
    },
    {
      "type": "Feature",
      "properties": {
        "@id": "way/358726981",
        "access:roof": "no",
        "addr:full": "Jl. D.I Panjaitan",
        "amenity": "school",
        "building": "yes",
        "building:levels": "3",
        "building:roof": "tile",
        "building:structure": "reinforced_masonry",
        "building:walls": "brick",
        "capacity:persons": "1000",
        "name": "Yayasan Bunga Bangsa Kecamatan Sungai Pinang",
        "operator:type": "private",
        "school:type_idn": "SD",
        "url": "www.yayasanbungabangsa.org",
        "@geometry": "center"
      },
      "geometry": {
        "type": "Point",
        "coordinates": [
          117.1907591,
          -0.4578821
        ]
      },
      "id": "way/358726981"
    },
    {
      "type": "Feature",
      "properties": {
        "@id": "way/358739482",
        "addr:full": "Jl. Sultan Sulaiman",
        "amenity": "bus_station",
        "building": "yes",
        "building:levels": "1",
        "capacity:persons": "50",
        "name": "Sub Terminal Sambutan",
        "@geometry": "center"
      },
      "geometry": {
        "type": "Point",
        "coordinates": [
          117.2035258,
          -0.5194065
        ]
      },
      "id": "way/358739482"
    },
    {
      "type": "Feature",
      "properties": {
        "@id": "way/358776592",
        "addr:full": "Jl. Sentosa No. 09",
        "admin_level": "5",
        "government": "administrative",
        "name": "Balai Keselamatan dan Kesehatan Kerja Samarinda",
        "office": "government",
        "url": "http://www.bk3samarinda.com/",
        "@geometry": "center"
      },
      "geometry": {
        "type": "Point",
        "coordinates": [
          117.1687015,
          -0.4756804
        ]
      },
      "id": "way/358776592"
    },
    {
      "type": "Feature",
      "properties": {
        "@id": "way/358794792",
        "addr:full": "Jl. Kemakmuran",
        "admin_level": "4",
        "building": "yes",
        "building:levels": "4-7",
        "government": "administrative",
        "name": "Badan Pusat Statistik Provinsi Kalimantan Timur",
        "office": "government",
        "url": "http://kaltim.bps.go.id/",
        "@geometry": "center"
      },
      "geometry": {
        "type": "Point",
        "coordinates": [
          117.1637419,
          -0.4805052
        ]
      },
      "id": "way/358794792"
    },
    {
      "type": "Feature",
      "properties": {
        "@id": "way/358794793",
        "addr:full": "Jl. Kemakmuran Kompleks Pelita",
        "amenity": "school",
        "building": "yes",
        "building:levels": "2",
        "capacity:persons": "400",
        "name": "SMK TI Pratama PGRI",
        "operator:type": "private",
        "school:type_idn": "SMA/MA",
        "website": "https://www.umm.ac.id/id/page/041117/14/data-sma-dan-smk-kota-samarinda.html",
        "@geometry": "center"
      },
      "geometry": {
        "type": "Point",
        "coordinates": [
          117.1647651,
          -0.4805688
        ]
      },
      "id": "way/358794793"
    },
    {
      "type": "Feature",
      "properties": {
        "@id": "way/358795477",
        "addr:full": "Jl. Kemakmuran No.2",
        "admin_level": "5",
        "building": "yes",
        "building:levels": "2",
        "government": "administrative",
        "name": "Dinas Tenaga Kerja dan Transmigrasi Kota Samarinda",
        "office": "government",
        "url": "disnaker.samarindakota.go.id",
        "@geometry": "center"
      },
      "geometry": {
        "type": "Point",
        "coordinates": [
          117.1634896,
          -0.4810097
        ]
      },
      "id": "way/358795477"
    },
    {
      "type": "Feature",
      "properties": {
        "@id": "way/358800963",
        "Commercial": "Toko Kelontong",
        "addr:full": "Jl. Pelita",
        "building": "yes",
        "building:levels": "2",
        "capacity:persons": "200",
        "name": "Eramart Cabang Pelita",
        "shop": "convenience",
        "@geometry": "center"
      },
      "geometry": {
        "type": "Point",
        "coordinates": [
          117.1636453,
          -0.4837725
        ]
      },
      "id": "way/358800963"
    },
    {
      "type": "Feature",
      "properties": {
        "@id": "way/358800965",
        "Commercial": "Toko Kelontong",
        "addr:full": "Jl. Pelita",
        "building": "yes",
        "building:levels": "3",
        "capacity:persons": "200",
        "name": "Joy Mart",
        "shop": "convenience",
        "@geometry": "center"
      },
      "geometry": {
        "type": "Point",
        "coordinates": [
          117.1634944,
          -0.4834574
        ]
      },
      "id": "way/358800965"
    },
    {
      "type": "Feature",
      "properties": {
        "@id": "way/358803258",
        "addr:full": "Jl. Pelita",
        "amenity": "clinic",
        "building": "yes",
        "building:levels": "2",
        "capacity:persons": "200",
        "name": "Puskesmas Temindung",
        "rooms": "7",
        "@geometry": "center"
      },
      "geometry": {
        "type": "Point",
        "coordinates": [
          117.1643184,
          -0.48534
        ]
      },
      "id": "way/358803258"
    },
    {
      "type": "Feature",
      "properties": {
        "@id": "way/358803259",
        "addr:full": "Jl. Pelita",
        "amenity": "school",
        "building": "yes",
        "building:levels": "2",
        "capacity:persons": "500",
        "name": "SD Negeri 002 & 003 Sungai Pinang",
        "old_name": "SDN 003 & 004 Samarinda Utara",
        "operator:type": "government",
        "school:type_idn": "SD/MI",
        "website": "https://referensi.data.kemdikbud.go.id/index11.php?kode=166008&level=3",
        "@geometry": "center"
      },
      "geometry": {
        "type": "Point",
        "coordinates": [
          117.1645577,
          -0.4841542
        ]
      },
      "id": "way/358803259"
    },
    {
      "type": "Feature",
      "properties": {
        "@id": "way/358805366",
        "addr:full": "Jl. Pelita",
        "amenity": "college",
        "building": "yes",
        "building:levels": "2",
        "capacity:persons": "250",
        "name": "Ganesha Operation",
        "operator:type": "private",
        "@geometry": "center"
      },
      "geometry": {
        "type": "Point",
        "coordinates": [
          117.1645673,
          -0.4858433
        ]
      },
      "id": "way/358805366"
    },
    {
      "type": "Feature",
      "properties": {
        "@id": "way/358805368",
        "Commercial": "Toko Kelontong",
        "addr:full": "Jl. Pelita",
        "building": "yes",
        "building:levels": "1",
        "capacity:persons": "100",
        "name": "Indomaret Cabang Pelita",
        "shop": "convenience",
        "@geometry": "center"
      },
      "geometry": {
        "type": "Point",
        "coordinates": [
          117.1645614,
          -0.4857246
        ]
      },
      "id": "way/358805368"
    },
    {
      "type": "Feature",
      "properties": {
        "@id": "way/358808431",
        "addr:full": "Jl. Sentosa",
        "admin_level": "5",
        "building": "yes",
        "building:levels": "2",
        "government": "administrative",
        "name": "ASKES Kota Samarinda",
        "office": "government",
        "@geometry": "center"
      },
      "geometry": {
        "type": "Point",
        "coordinates": [
          117.1682868,
          -0.4753645
        ]
      },
      "id": "way/358808431"
    },
    {
      "type": "Feature",
      "properties": {
        "@id": "way/358808433",
        "addr:full": "Jl. Sentosa",
        "amenity": "clinic",
        "building": "yes",
        "building:levels": "1",
        "capacity:persons": "100",
        "name": "Klinik Harmoni",
        "rooms": "2",
        "@geometry": "center"
      },
      "geometry": {
        "type": "Point",
        "coordinates": [
          117.1706695,
          -0.4702846
        ]
      },
      "id": "way/358808433"
    },
    {
      "type": "Feature",
      "properties": {
        "@id": "way/358808435",
        "leisure": "park",
        "name": "Taman Jalan",
        "@geometry": "center"
      },
      "geometry": {
        "type": "Point",
        "coordinates": [
          117.1707747,
          -0.4700864
        ]
      },
      "id": "way/358808435"
    },
    {
      "type": "Feature",
      "properties": {
        "@id": "way/358817508",
        "Commercial": "Toko Kelontong",
        "addr:full": "Jl. Sentosa",
        "building": "yes",
        "building:levels": "2",
        "capacity:persons": "200",
        "name": "Mini Market Aida",
        "shop": "convenience",
        "@geometry": "center"
      },
      "geometry": {
        "type": "Point",
        "coordinates": [
          117.1693163,
          -0.4751186
        ]
      },
      "id": "way/358817508"
    },
    {
      "type": "Feature",
      "properties": {
        "@id": "way/358891113",
        "addr:full": "Jl. P. Antasari",
        "amenity": "marketplace",
        "capacity:persons": "1000",
        "name": "Pasar Ijabah",
        "url": "http://www.mahakamtpid.org/pasar/pasar-ijabah.html",
        "@geometry": "center"
      },
      "geometry": {
        "type": "Point",
        "coordinates": [
          117.1282998,
          -0.4989698
        ]
      },
      "id": "way/358891113"
    },
    {
      "type": "Feature",
      "properties": {
        "@id": "way/358897812",
        "addr:full": "Jl. Slamet Riyadi",
        "amenity": "school",
        "building": "yes",
        "building:levels": "3",
        "capacity:persons": "1000",
        "name": "MI Negeri 1 Samarinda",
        "operator:type": "government",
        "school:type_idn": "SD/MI",
        "url": "http://www.kesekolah.com/direktori/sekolah/mi-n-1-samarinda-kalimantan-timur.html#sthash.SW3vnNZF.dpbs",
        "@geometry": "center"
      },
      "geometry": {
        "type": "Point",
        "coordinates": [
          117.1233587,
          -0.5015107
        ]
      },
      "id": "way/358897812"
    },
    {
      "type": "Feature",
      "properties": {
        "@id": "way/359078080",
        "addr:full": "Jl. Provinsi",
        "amenity": "pharmacy",
        "building": "yes",
        "building:levels": "1",
        "capacity:persons": "15",
        "name": "Depot Jamu",
        "@geometry": "center"
      },
      "geometry": {
        "type": "Point",
        "coordinates": [
          117.2283853,
          -0.5397643
        ]
      },
      "id": "way/359078080"
    },
    {
      "type": "Feature",
      "properties": {
        "@id": "way/359079402",
        "addr:full": "Jl. Mugirejo",
        "amenity": "clinic",
        "building": "yes",
        "building:levels": "1",
        "capacity:persons": "150",
        "name": "Klinik Bersalin Bontamah",
        "rooms": "2",
        "@geometry": "center"
      },
      "geometry": {
        "type": "Point",
        "coordinates": [
          117.1874533,
          -0.4630317
        ]
      },
      "id": "way/359079402"
    },
    {
      "type": "Feature",
      "properties": {
        "@id": "way/359079755",
        "addr:full": "Jl. Cendana",
        "amenity": "clinic",
        "building": "yes",
        "building:levels": "2",
        "capacity:persons": "150",
        "name": "Puskesmas Wonorejo",
        "rooms": "5",
        "@geometry": "center"
      },
      "geometry": {
        "type": "Point",
        "coordinates": [
          117.125173,
          -0.49797
        ]
      },
      "id": "way/359079755"
    },
    {
      "type": "Feature",
      "properties": {
        "@id": "way/359079758",
        "addr:full": "Jl. Cendana",
        "amenity": "doctors",
        "building": "yes",
        "building:levels": "1",
        "capacity:persons": "15",
        "name": "drg. Aprillia Lailati",
        "rooms": "3",
        "@geometry": "center"
      },
      "geometry": {
        "type": "Point",
        "coordinates": [
          117.1253854,
          -0.4979357
        ]
      },
      "id": "way/359079758"
    },
    {
      "type": "Feature",
      "properties": {
        "@id": "way/359083959",
        "addr:full": "Jl. Cendana",
        "building": "yes",
        "building:levels": "2",
        "capacity:persons": "100",
        "name": "Arjuna",
        "shop": "supermarket",
        "@geometry": "center"
      },
      "geometry": {
        "type": "Point",
        "coordinates": [
          117.1249105,
          -0.4975767
        ]
      },
      "id": "way/359083959"
    },
    {
      "type": "Feature",
      "properties": {
        "@id": "way/359090015",
        "addr:full": "Jl. Ahmad Yani",
        "amenity": "bank",
        "building": "yes",
        "building:levels": "2",
        "capacity:persons": "250",
        "name": "Bank BCA Cabang Ahmad Yani",
        "@geometry": "center"
      },
      "geometry": {
        "type": "Point",
        "coordinates": [
          117.1564095,
          -0.4785598
        ]
      },
      "id": "way/359090015"
    },
    {
      "type": "Feature",
      "properties": {
        "@id": "way/359090017",
        "addr:full": "Jl. Ahmad Yani",
        "amenity": "clinic",
        "building": "yes",
        "building:levels": "2",
        "capacity:persons": "250",
        "name": "Klinik Sentra Medika",
        "rooms": "5",
        "@geometry": "center"
      },
      "geometry": {
        "type": "Point",
        "coordinates": [
          117.1560549,
          -0.478783
        ]
      },
      "id": "way/359090017"
    },
    {
      "type": "Feature",
      "properties": {
        "@id": "way/359090024",
        "addr:city": "Samarinda",
        "addr:housename": "SecHome",
        "addr:province": "Kalimantan Timur",
        "addr:street": "Jalan Ahmad Yani",
        "addr:unit": "1",
        "amenity": "cafe",
        "building": "house",
        "cuisine": "coffee_shop",
        "internet_access": "wlan",
        "internet_access:fee": "customers",
        "name": "LAKOTA",
        "opening_hours": "24/7",
        "outdoor_seating": "yes",
        "phone": "082157961928",
        "website": "https://Lakotsss",
        "@geometry": "center"
      },
      "geometry": {
        "type": "Point",
        "coordinates": [
          117.1554053,
          -0.4785646
        ]
      },
      "id": "way/359090024"
    },
    {
      "type": "Feature",
      "properties": {
        "@id": "way/359098527",
        "addr:full": "Jl. Gatot Subroto",
        "amenity": "fire_station",
        "building": "yes",
        "building:levels": "1",
        "capacity:persons": "250",
        "name": "Pemadam Kebakaran Bandara Temindung",
        "@geometry": "center"
      },
      "geometry": {
        "type": "Point",
        "coordinates": [
          117.1565509,
          -0.4829153
        ]
      },
      "id": "way/359098527"
    },
    {
      "type": "Feature",
      "properties": {
        "@id": "way/359098530",
        "Commercial": "Toko Kelontong",
        "addr:full": "Jl. Gatot Subroto",
        "building": "yes",
        "building:levels": "2",
        "capacity:persons": "300",
        "name": "Planet Swalayan",
        "shop": "supermarket",
        "@geometry": "center"
      },
      "geometry": {
        "type": "Point",
        "coordinates": [
          117.1558208,
          -0.4801666
        ]
      },
      "id": "way/359098530"
    },
    {
      "type": "Feature",
      "properties": {
        "@id": "way/359291100",
        "addr:full": "Jl. Gatot Subroto",
        "amenity": "bank",
        "building": "yes",
        "building:levels": "2",
        "capacity:persons": "300",
        "name": "Bank Kaltim Cabang Gatot Subroto",
        "@geometry": "center"
      },
      "geometry": {
        "type": "Point",
        "coordinates": [
          117.1537093,
          -0.488058
        ]
      },
      "id": "way/359291100"
    },
    {
      "type": "Feature",
      "properties": {
        "@id": "way/359296868",
        "addr:full": "Jl. Gatot Subroto",
        "amenity": "cafe",
        "building": "yes",
        "building:levels": "2",
        "capacity:persons": "200",
        "name": "Lopecaffe",
        "@geometry": "center"
      },
      "geometry": {
        "type": "Point",
        "coordinates": [
          117.1551761,
          -0.4865092
        ]
      },
      "id": "way/359296868"
    },
    {
      "type": "Feature",
      "properties": {
        "@id": "way/359296869",
        "addr:full": "Jl. Gatot Subroto",
        "amenity": "clinic",
        "building": "yes",
        "building:levels": "2",
        "capacity:persons": "200",
        "name": "Natasha Skin Clinic",
        "rooms": "3",
        "@geometry": "center"
      },
      "geometry": {
        "type": "Point",
        "coordinates": [
          117.1546623,
          -0.4867321
        ]
      },
      "id": "way/359296869"
    },
    {
      "type": "Feature",
      "properties": {
        "@id": "way/359301641",
        "addr:full": "Jl. Camar",
        "amenity": "pharmacy",
        "building": "yes",
        "building:levels": "2",
        "capacity:persons": "200",
        "name": "Apotek Bethesda",
        "@geometry": "center"
      },
      "geometry": {
        "type": "Point",
        "coordinates": [
          117.1535885,
          -0.4817551
        ]
      },
      "id": "way/359301641"
    },
    {
      "type": "Feature",
      "properties": {
        "@id": "way/359301642",
        "Commercial": "Toko Kelontong",
        "addr:full": "Jl. A.M. Sangaji",
        "building": "yes",
        "building:levels": "2",
        "capacity:persons": "250",
        "name": "Belibis Mart",
        "shop": "convenience",
        "@geometry": "center"
      },
      "geometry": {
        "type": "Point",
        "coordinates": [
          117.1524167,
          -0.4838302
        ]
      },
      "id": "way/359301642"
    },
    {
      "type": "Feature",
      "properties": {
        "@id": "way/359301644",
        "addr:full": "Jl. Tantina 1",
        "admin_level": "7",
        "building": "yes",
        "building:levels": "2",
        "government": "administrative",
        "name": "Kantor Kelurahan Bandara",
        "office": "government",
        "short_name": "Kantor Lurah Bandara",
        "@geometry": "center"
      },
      "geometry": {
        "type": "Point",
        "coordinates": [
          117.1520885,
          -0.4825254
        ]
      },
      "id": "way/359301644"
    },
    {
      "type": "Feature",
      "properties": {
        "@id": "way/359301648",
        "Commercial": "Toko Kelontong",
        "addr:full": "Jl. Hasan Basri",
        "capacity:persons": "500",
        "name": "Yellow Mart",
        "shop": "supermarket",
        "@geometry": "center"
      },
      "geometry": {
        "type": "Point",
        "coordinates": [
          117.1513636,
          -0.4828342
        ]
      },
      "id": "way/359301648"
    },
    {
      "type": "Feature",
      "properties": {
        "@id": "way/359304312",
        "addr:full": "Jl. Gatot Subroto",
        "amenity": "school",
        "building": "yes",
        "building:levels": "1",
        "capacity:persons": "250",
        "name": "TK ABA (Aisyiyah Bustanul Athfal)",
        "operator:type": "private",
        "school:type_idn": "TK/Paud",
        "@geometry": "center"
      },
      "geometry": {
        "type": "Point",
        "coordinates": [
          117.1549574,
          -0.4815447
        ]
      },
      "id": "way/359304312"
    },
    {
      "type": "Feature",
      "properties": {
        "@id": "way/359441488",
        "addr:full": "Jl. Kadrie Oening",
        "amenity": "fuel",
        "building": "yes",
        "building:levels": "1",
        "capacity:persons": "20",
        "name": "SPBU Kadrie Oening",
        "operator": "Pertamina",
        "@geometry": "center"
      },
      "geometry": {
        "type": "Point",
        "coordinates": [
          117.1377785,
          -0.4718954
        ]
      },
      "id": "way/359441488"
    },
    {
      "type": "Feature",
      "properties": {
        "@id": "way/359441497",
        "building": "yes",
        "name": "PKT",
        "office": "government",
        "@geometry": "center"
      },
      "geometry": {
        "type": "Point",
        "coordinates": [
          117.1378148,
          -0.4741932
        ]
      },
      "id": "way/359441497"
    },
    {
      "type": "Feature",
      "properties": {
        "@id": "way/359441498",
        "addr:full": "Jl. Ir. H. Juanda",
        "air_conditioning": "yes",
        "brand": "Indomaret",
        "brand:wikidata": "Q4262825",
        "brand:wikipedia": "id:Indomaret",
        "building": "yes",
        "building:levels": "1",
        "capacity:persons": "300",
        "name": "Indomaret",
        "name:en": "Indomaret",
        "name:id": "Indomaret",
        "name:ja": "インドマレット",
        "operator": "PT. Indomarco Prismatama",
        "shop": "convenience",
        "toilets": "yes",
        "toilets:access": "permissive",
        "website": "https://www.klikindomaret.com",
        "@geometry": "center"
      },
      "geometry": {
        "type": "Point",
        "coordinates": [
          117.1378663,
          -0.4756008
        ]
      },
      "id": "way/359441498"
    },
    {
      "type": "Feature",
      "properties": {
        "@id": "way/359441501",
        "addr:full": "Jl. Ir. H. Juanda No. 64",
        "admin_level": "5",
        "building": "yes",
        "building:levels": "3",
        "name": "Kantor Pengadilan Agama Kota Samarinda",
        "office": "government",
        "url": "http://www.pa-samarinda.go.id/",
        "@geometry": "center"
      },
      "geometry": {
        "type": "Point",
        "coordinates": [
          117.1290959,
          -0.4833563
        ]
      },
      "id": "way/359441501"
    },
    {
      "type": "Feature",
      "properties": {
        "@id": "way/359441502",
        "addr:full": "Jl. Ir. H. Juanda",
        "admin_level": "6",
        "building": "yes",
        "building:levels": "1",
        "name": "Kantor Pos Cabang Samarinda Ulu",
        "office": "government",
        "url": "http://kantorpos.posindonesia.co.id/kantorposcabangdalamdanluarkotalist.php?t=kantorposcabangdalamdanluarkota&recperpage=15&pageno=192",
        "@geometry": "center"
      },
      "geometry": {
        "type": "Point",
        "coordinates": [
          117.1280306,
          -0.4850534
        ]
      },
      "id": "way/359441502"
    },
    {
      "type": "Feature",
      "properties": {
        "@id": "way/359442253",
        "Commercial": "Toko Kelontong",
        "amenity": "pharmacy",
        "building": "yes",
        "name": "Apotek XS Mart",
        "opening_hours": "24/7",
        "shop": "supermarket",
        "@geometry": "center"
      },
      "geometry": {
        "type": "Point",
        "coordinates": [
          117.1452658,
          -0.4783837
        ]
      },
      "id": "way/359442253"
    },
    {
      "type": "Feature",
      "properties": {
        "@id": "way/359442260",
        "addr:full": "Jl. Dr. Sutomo",
        "amenity": "school",
        "building": "yes",
        "building:levels": "2",
        "capacity:persons": "500",
        "name": "SD Negeri 005 Samarinda Ulu",
        "old_name": "SDN 006 Samarinda Ulu",
        "operator:type": "government",
        "school:type_idn": "SD/MI",
        "short_name": "SDN 005 Samarinda Ulu",
        "url": "http://referensi.data.kemdikbud.go.id/ptk_index.php?kode=166005&level=3",
        "@geometry": "center"
      },
      "geometry": {
        "type": "Point",
        "coordinates": [
          117.1467471,
          -0.4784837
        ]
      },
      "id": "way/359442260"
    },
    {
      "type": "Feature",
      "properties": {
        "@id": "way/359450179",
        "addr:full": "Jl. Mugirejo",
        "amenity": "pharmacy",
        "building": "yes",
        "building:levels": "1",
        "capacity:persons": "50",
        "name": "Apotek Permata",
        "@geometry": "center"
      },
      "geometry": {
        "type": "Point",
        "coordinates": [
          117.1865868,
          -0.4626023
        ]
      },
      "id": "way/359450179"
    },
    {
      "type": "Feature",
      "properties": {
        "@id": "way/359532484",
        "addr:full": "Jl. Pangeran Hidayatullah",
        "amenity": "bank",
        "building": "yes",
        "building:levels": "2",
        "capacity:persons": "250",
        "name": "BRI Unit Hidayatullah",
        "@geometry": "center"
      },
      "geometry": {
        "type": "Point",
        "coordinates": [
          117.1583667,
          -0.5027715
        ]
      },
      "id": "way/359532484"
    },
    {
      "type": "Feature",
      "properties": {
        "@id": "way/359532485",
        "addr:full": "Jl. P. Hidayatullah",
        "amenity": "pharmacy",
        "name": "Apotek Kimia Farma Hidayatullah",
        "@geometry": "center"
      },
      "geometry": {
        "type": "Point",
        "coordinates": [
          117.1556265,
          -0.5018335
        ]
      },
      "id": "way/359532485"
    },
    {
      "type": "Feature",
      "properties": {
        "@id": "way/359539650",
        "addr:full": "Jl. Mulawarman",
        "amenity": "police",
        "building": "yes",
        "building:levels": "1",
        "capacity:persons": "150",
        "name": "Pos Jaga Polisi Mulawarman",
        "@geometry": "center"
      },
      "geometry": {
        "type": "Point",
        "coordinates": [
          117.1531608,
          -0.5031713
        ]
      },
      "id": "way/359539650"
    },
    {
      "type": "Feature",
      "properties": {
        "@id": "way/359675928",
        "addr:full": "Jl. Sultan Alimudin",
        "amenity": "clinic",
        "building": "yes",
        "building:levels": "2",
        "capacity:persons": "20",
        "name": "Apotik Kimia Farma",
        "rooms": "-",
        "@geometry": "center"
      },
      "geometry": {
        "type": "Point",
        "coordinates": [
          117.1653237,
          -0.5111678
        ]
      },
      "id": "way/359675928"
    },
    {
      "type": "Feature",
      "properties": {
        "@id": "way/359675943",
        "addr:full": "Jl. Sejati PKL",
        "amenity": "clinic",
        "building": "yes",
        "building:levels": "1",
        "capacity:persons": "20",
        "name": "Posyandu Akasia",
        "rooms": "1",
        "@geometry": "center"
      },
      "geometry": {
        "type": "Point",
        "coordinates": [
          117.1715742,
          -0.525849
        ]
      },
      "id": "way/359675943"
    },
    {
      "type": "Feature",
      "properties": {
        "@id": "way/359678302",
        "addr:full": "Jl. Provinsi",
        "building": "yes",
        "building:levels": "1",
        "capacity:persons": "15",
        "name": "Andi Raihan Mart",
        "shop": "convenience",
        "@geometry": "center"
      },
      "geometry": {
        "type": "Point",
        "coordinates": [
          117.22789,
          -0.5551294
        ]
      },
      "id": "way/359678302"
    },
    {
      "type": "Feature",
      "properties": {
        "@id": "way/359678303",
        "addr:full": "Jl. Provinsi",
        "amenity": "pharmacy",
        "building": "yes",
        "building:levels": "1",
        "capacity:persons": "10",
        "name": "Apotek \"Romansyah\"",
        "@geometry": "center"
      },
      "geometry": {
        "type": "Point",
        "coordinates": [
          117.2278623,
          -0.5568692
        ]
      },
      "id": "way/359678303"
    },
    {
      "type": "Feature",
      "properties": {
        "@id": "way/359678304",
        "addr:full": "Jl. Karya Bakti",
        "admin_level": "7",
        "building": "yes",
        "building:levels": "1",
        "name": "Balai Pertemuan Desa",
        "office": "government",
        "@geometry": "center"
      },
      "geometry": {
        "type": "Point",
        "coordinates": [
          117.2308921,
          -0.5605898
        ]
      },
      "id": "way/359678304"
    },
    {
      "type": "Feature",
      "properties": {
        "@id": "way/359678308",
        "addr:full": "50",
        "admin_level": "7",
        "building": "yes",
        "building:levels": "1",
        "name": "KIR Kesehatan Remaja",
        "office": "government",
        "@geometry": "center"
      },
      "geometry": {
        "type": "Point",
        "coordinates": [
          117.2310716,
          -0.5606773
        ]
      },
      "id": "way/359678308"
    },
    {
      "type": "Feature",
      "properties": {
        "@id": "way/359678315",
        "addr:full": "Jl. Masaji",
        "amenity": "school",
        "building": "yes",
        "building:levels": "1",
        "capacity:persons": "100",
        "name": "MI & MTS Ma'Arif",
        "operator:type": "private",
        "school:type_idn": "MI & MTS",
        "@geometry": "center"
      },
      "geometry": {
        "type": "Point",
        "coordinates": [
          117.234699,
          -0.5559843
        ]
      },
      "id": "way/359678315"
    },
    {
      "type": "Feature",
      "properties": {
        "@id": "way/359678322",
        "addr:full": "Jl. Tridarma",
        "admin_level": "6",
        "building": "yes",
        "building:levels": "1",
        "name": "Pos Pembatu Pelayanan Terpadu Perikanan Kota Samarinda",
        "office": "government",
        "@geometry": "center"
      },
      "geometry": {
        "type": "Point",
        "coordinates": [
          117.2246128,
          -0.5553729
        ]
      },
      "id": "way/359678322"
    },
    {
      "type": "Feature",
      "properties": {
        "@id": "way/359678323",
        "addr:full": "Jl. Masaji",
        "amenity": "doctors",
        "building": "yes",
        "building:levels": "1",
        "capacity:persons": "50",
        "name": "Praktik dr Umum \"dr. Daud\"",
        "rooms": "2",
        "@geometry": "center"
      },
      "geometry": {
        "type": "Point",
        "coordinates": [
          117.2289488,
          -0.5560351
        ]
      },
      "id": "way/359678323"
    },
    {
      "type": "Feature",
      "properties": {
        "@id": "way/359679498",
        "addr:full": "Perum PKL",
        "amenity": "clinic",
        "building": "yes",
        "building:levels": "1",
        "capacity:persons": "10",
        "name": "Klinik Narnia",
        "rooms": "-",
        "@geometry": "center"
      },
      "geometry": {
        "type": "Point",
        "coordinates": [
          117.1683939,
          -0.5304379
        ]
      },
      "id": "way/359679498"
    },
    {
      "type": "Feature",
      "properties": {
        "@id": "way/359679504",
        "addr:full": "Jl. Tatako",
        "amenity": "clinic",
        "building": "yes",
        "building:levels": "1",
        "capacity:persons": "20",
        "name": "Posyandu Camar",
        "rooms": "-",
        "@geometry": "center"
      },
      "geometry": {
        "type": "Point",
        "coordinates": [
          117.1637924,
          -0.5327198
        ]
      },
      "id": "way/359679504"
    },
    {
      "type": "Feature",
      "properties": {
        "@id": "way/359680869",
        "addr:full": "Jl. Pelita 6",
        "admin_level": "6",
        "building": "residential",
        "building:levels": "1",
        "name": "Balai Penyuluhan Pertanian",
        "office": "government",
        "@geometry": "center"
      },
      "geometry": {
        "type": "Point",
        "coordinates": [
          117.2039596,
          -0.5053735
        ]
      },
      "id": "way/359680869"
    },
    {
      "type": "Feature",
      "properties": {
        "@id": "way/359680873",
        "addr:full": "Jl. Pelita 7 Perumahan Sambutan Idaman Permai",
        "amenity": "marketplace",
        "building": "yes",
        "name": "Calon Pasar Pelita 7",
        "@geometry": "center"
      },
      "geometry": {
        "type": "Point",
        "coordinates": [
          117.2093796,
          -0.5115318
        ]
      },
      "id": "way/359680873"
    },
    {
      "type": "Feature",
      "properties": {
        "@id": "way/359680890",
        "addr:full": "Jl. Pelita 7 Perumahan Sambutan Idaman Permai",
        "amenity": "clinic",
        "building": "yes",
        "building:levels": "1",
        "capacity:persons": "20",
        "name": "Posyandu Kasih Ibu",
        "@geometry": "center"
      },
      "geometry": {
        "type": "Point",
        "coordinates": [
          117.2095728,
          -0.5110324
        ]
      },
      "id": "way/359680890"
    },
    {
      "type": "Feature",
      "properties": {
        "@id": "way/359691036",
        "addr:full": "Jl. Olah Bebaya",
        "amenity": "school",
        "building": "yes",
        "building:levels": "1",
        "capacity:persons": "100",
        "name": "Ponpes Sultan Al Fatih",
        "operator:type": "private",
        "school:type_idn": "Pesantren",
        "@geometry": "center"
      },
      "geometry": {
        "type": "Point",
        "coordinates": [
          117.1952537,
          -0.5510891
        ]
      },
      "id": "way/359691036"
    },
    {
      "type": "Feature",
      "properties": {
        "@id": "way/359691038",
        "addr:full": "Jl. M. Arsyad",
        "amenity": "clinic",
        "building": "yes",
        "building:levels": "1",
        "capacity:persons": "20",
        "name": "Posyandu Sungai Kapih",
        "@geometry": "center"
      },
      "geometry": {
        "type": "Point",
        "coordinates": [
          117.1791094,
          -0.5401398
        ]
      },
      "id": "way/359691038"
    },
    {
      "type": "Feature",
      "properties": {
        "@id": "way/359691039",
        "addr:full": "Jl. Telkom",
        "amenity": "clinic",
        "building": "yes",
        "building:levels": "1",
        "capacity:persons": "20",
        "name": "Posyandu Teratai Putih",
        "@geometry": "center"
      },
      "geometry": {
        "type": "Point",
        "coordinates": [
          117.1903368,
          -0.5499684
        ]
      },
      "id": "way/359691039"
    },
    {
      "type": "Feature",
      "properties": {
        "@id": "way/359691041",
        "addr:full": "Jl. Olah Bebaya",
        "amenity": "clinic",
        "building": "yes",
        "building:levels": "1",
        "capacity:persons": "10",
        "name": "Puskesmas Pembantu Sambutan",
        "@geometry": "center"
      },
      "geometry": {
        "type": "Point",
        "coordinates": [
          117.1909514,
          -0.5499256
        ]
      },
      "id": "way/359691041"
    },
    {
      "type": "Feature",
      "properties": {
        "@id": "way/359691055",
        "addr:full": "Jl. Telkom",
        "amenity": "school",
        "building": "yes",
        "building:levels": "1",
        "capacity:persons": "200",
        "name": "Ponpes Nurul Muhibin",
        "operator:type": "private",
        "school:type_idn": "Pesantren",
        "@geometry": "center"
      },
      "geometry": {
        "type": "Point",
        "coordinates": [
          117.1962238,
          -0.5354932
        ]
      },
      "id": "way/359691055"
    },
    {
      "type": "Feature",
      "properties": {
        "@id": "way/359743244",
        "addr:full": "Jl. Jend. Urip Sumoharjo",
        "air_conditioning": "yes",
        "brand": "Indomaret",
        "brand:wikidata": "Q4262825",
        "brand:wikipedia": "id:Indomaret",
        "building": "yes",
        "building:levels": "2",
        "capacity:persons": "300",
        "name": "Indomaret",
        "name:en": "Indomaret",
        "name:id": "Indomaret",
        "name:ja": "インドマレット",
        "operator": "PT. Indomarco Prismatama",
        "shop": "convenience",
        "toilets": "yes",
        "toilets:access": "permissive",
        "website": "https://www.klikindomaret.com",
        "@geometry": "center"
      },
      "geometry": {
        "type": "Point",
        "coordinates": [
          117.1619568,
          -0.4929257
        ]
      },
      "id": "way/359743244"
    },
    {
      "type": "Feature",
      "properties": {
        "@id": "way/359743245",
        "addr:full": "Jl. Cut Mutia",
        "amenity": "school",
        "building": "yes",
        "building:levels": "2",
        "capacity:persons": "750",
        "name": "SMK Negeri 7 Samarinda",
        "operator:type": "government",
        "school:type_idn": "SMK",
        "website": "https://www.umm.ac.id/id/page/041117/14/data-sma-dan-smk-kota-samarinda.html",
        "@geometry": "center"
      },
      "geometry": {
        "type": "Point",
        "coordinates": [
          117.1568975,
          -0.4982627
        ]
      },
      "id": "way/359743245"
    },
    {
      "type": "Feature",
      "properties": {
        "@id": "way/359743313",
        "addr:full": "Jl. Cut Mutia",
        "amenity": "school",
        "building": "yes",
        "building:levels": "2",
        "capacity:persons": "750",
        "name": "SMP Negeri 34 Samarinda",
        "operator:type": "government",
        "school:type_idn": "SMP/MTs",
        "url": "smpn34samarinda.sch.id",
        "@geometry": "center"
      },
      "geometry": {
        "type": "Point",
        "coordinates": [
          117.1570694,
          -0.4986877
        ]
      },
      "id": "way/359743313"
    },
    {
      "type": "Feature",
      "properties": {
        "@id": "way/359750235",
        "addr:full": "Jl. KH. Ahmad Dachlan",
        "amenity": "school",
        "building": "yes",
        "building:levels": "2",
        "capacity:persons": "750",
        "name": "SMK Negeri 4 Samarinda Kota",
        "operator:type": "government",
        "school:type_idn": "SMK",
        "website": "https://referensi.data.kemdikbud.go.id/tabs.php?npsn=30401079",
        "@geometry": "center"
      },
      "geometry": {
        "type": "Point",
        "coordinates": [
          117.1552189,
          -0.4949808
        ]
      },
      "id": "way/359750235"
    },
    {
      "type": "Feature",
      "properties": {
        "@id": "way/359756021",
        "addr:full": "Jl. Arif Rahman Hakim",
        "amenity": "pharmacy",
        "building": "yes",
        "building:levels": "2",
        "capacity:persons": "250",
        "name": "Apotek Mulia Husada",
        "@geometry": "center"
      },
      "geometry": {
        "type": "Point",
        "coordinates": [
          117.1573437,
          -0.4967792
        ]
      },
      "id": "way/359756021"
    },
    {
      "type": "Feature",
      "properties": {
        "@id": "way/359756022",
        "addr:full": "Jl. Aminah Syukur",
        "amenity": "pharmacy",
        "building": "yes",
        "building:levels": "1",
        "capacity:persons": "200",
        "name": "Apotek Sapiah",
        "@geometry": "center"
      },
      "geometry": {
        "type": "Point",
        "coordinates": [
          117.1557688,
          -0.4995902
        ]
      },
      "id": "way/359756022"
    },
    {
      "type": "Feature",
      "properties": {
        "@id": "way/360247527",
        "building": "yes",
        "government": "administrative",
        "name": "Kantor Kelurahan Pelita",
        "office": "government",
        "short_name": "Kantor Lurah Pelita",
        "@geometry": "center"
      },
      "geometry": {
        "type": "Point",
        "coordinates": [
          117.1592039,
          -0.4869311
        ]
      },
      "id": "way/360247527"
    },
    {
      "type": "Feature",
      "properties": {
        "@id": "way/361290578",
        "addr:full": "Jl. A.M. Sangaji",
        "amenity": "cafe",
        "building": "yes",
        "building:levels": "2",
        "capacity:persons": "200",
        "name": "Coffe and Laundry",
        "@geometry": "center"
      },
      "geometry": {
        "type": "Point",
        "coordinates": [
          117.1527537,
          -0.4872431
        ]
      },
      "id": "way/361290578"
    },
    {
      "type": "Feature",
      "properties": {
        "@id": "way/361290581",
        "Commercial": "Toko Kelontong",
        "addr:full": "Jl. A.M. Sangaji",
        "building": "yes",
        "building:levels": "1",
        "capacity:persons": "250",
        "name": "Indomaret Cabang AM Sangaji",
        "shop": "convenience",
        "@geometry": "center"
      },
      "geometry": {
        "type": "Point",
        "coordinates": [
          117.1522988,
          -0.4842351
        ]
      },
      "id": "way/361290581"
    },
    {
      "type": "Feature",
      "properties": {
        "@id": "way/361290584",
        "addr:full": "Jl. A.M. Sangaji",
        "amenity": "clinic",
        "building": "yes",
        "building:levels": "1",
        "capacity:persons": "100",
        "name": "Klinik Jaya Matja",
        "rooms": "2",
        "@geometry": "center"
      },
      "geometry": {
        "type": "Point",
        "coordinates": [
          117.1527234,
          -0.486887
        ]
      },
      "id": "way/361290584"
    },
    {
      "type": "Feature",
      "properties": {
        "@id": "way/361290585",
        "addr:full": "Jl. A.M. Sangaji",
        "amenity": "clinic",
        "building": "yes",
        "building:levels": "3",
        "capacity:persons": "450",
        "name": "Klinik Ramlan Parjib",
        "rooms": "10",
        "@geometry": "center"
      },
      "geometry": {
        "type": "Point",
        "coordinates": [
          117.151243,
          -0.4816981
        ]
      },
      "id": "way/361290585"
    },
    {
      "type": "Feature",
      "properties": {
        "@id": "way/361290589",
        "addr:full": "Jl. A.M. Sangaji",
        "building": "yes",
        "building:levels": "1",
        "capacity:persons": "75",
        "government": "administrative",
        "name": "Pegadaian Cabang AM Sangaji",
        "office": "government",
        "@geometry": "center"
      },
      "geometry": {
        "type": "Point",
        "coordinates": [
          117.152563,
          -0.485135
        ]
      },
      "id": "way/361290589"
    },
    {
      "type": "Feature",
      "properties": {
        "@id": "way/361290603",
        "addr:full": "Jl. Perniagaan",
        "amenity": "pharmacy",
        "building": "yes",
        "building:levels": "1",
        "capacity:persons": "100",
        "name": "Toko Obat HK Hotama",
        "@geometry": "center"
      },
      "geometry": {
        "type": "Point",
        "coordinates": [
          117.1517701,
          -0.4835216
        ]
      },
      "id": "way/361290603"
    },
    {
      "type": "Feature",
      "properties": {
        "@id": "way/361516527",
        "Commercial": "Toko Kelontong",
        "addr:full": "Jl. Lambung Mangkurat",
        "brand": "Alfamart",
        "brand:wikidata": "Q23745600",
        "building": "yes",
        "building:levels": "1",
        "capacity:persons": "200",
        "name": "Alfamart",
        "operator": "PT Sumber Alfaria Trijaya,Tbk",
        "shop": "convenience",
        "toilets": "yes",
        "toilets:access": "permissive",
        "toilets:unisex": "yes",
        "website": "https://alfamart.co.id",
        "@geometry": "center"
      },
      "geometry": {
        "type": "Point",
        "coordinates": [
          117.163487,
          -0.4871304
        ]
      },
      "id": "way/361516527"
    },
    {
      "type": "Feature",
      "properties": {
        "@id": "way/361516529",
        "addr:full": "Jl. Lambung Mangkurat",
        "amenity": "bank",
        "building": "yes",
        "building:levels": "2",
        "capacity:persons": "300",
        "name": "Bank BNI Cabang Lambung Mangkurat",
        "@geometry": "center"
      },
      "geometry": {
        "type": "Point",
        "coordinates": [
          117.1631976,
          -0.4875502
        ]
      },
      "id": "way/361516529"
    },
    {
      "type": "Feature",
      "properties": {
        "@id": "way/361516532",
        "addr:full": "Jl. Lambung Mangkurat",
        "amenity": "bank",
        "building": "yes",
        "building:levels": "2",
        "capacity:persons": "300",
        "name": "Bank Kaltim Cabang Lambung Mangkurat",
        "@geometry": "center"
      },
      "geometry": {
        "type": "Point",
        "coordinates": [
          117.1649998,
          -0.4865492
        ]
      },
      "id": "way/361516532"
    },
    {
      "type": "Feature",
      "properties": {
        "@id": "way/361516533",
        "addr:full": "Jl. Lambung Mangkurat",
        "amenity": "bank",
        "building": "yes",
        "building:levels": "3",
        "capacity:persons": "300",
        "name": "Bank Mandiri Syariah Cabang Lambung Mangkurat",
        "@geometry": "center"
      },
      "geometry": {
        "type": "Point",
        "coordinates": [
          117.1630686,
          -0.487412
        ]
      },
      "id": "way/361516533"
    },
    {
      "type": "Feature",
      "properties": {
        "@id": "way/361516549",
        "addr:full": "Jl. Merdeka",
        "amenity": "marketplace",
        "building": "yes",
        "building:levels": "2",
        "capacity:persons": "1000",
        "name": "Pasar Merdeka",
        "website": "http://www.mahakamtpid.org/pasar/pasar-merdeka.html",
        "@geometry": "center"
      },
      "geometry": {
        "type": "Point",
        "coordinates": [
          117.1648059,
          -0.4874284
        ]
      },
      "id": "way/361516549"
    },
    {
      "type": "Feature",
      "properties": {
        "@id": "way/361516552",
        "addr:full": "Jl. Merdeka",
        "building": "yes",
        "building:levels": "2",
        "capacity:persons": "200",
        "government": "administrative",
        "name": "Pegadaian Syariah",
        "office": "government",
        "@geometry": "center"
      },
      "geometry": {
        "type": "Point",
        "coordinates": [
          117.1652702,
          -0.4871729
        ]
      },
      "id": "way/361516552"
    },
    {
      "type": "Feature",
      "properties": {
        "@id": "way/361516556",
        "addr:full": "Jl. Urip Sumoharjo",
        "amenity": "school",
        "building": "yes",
        "building:levels": "2",
        "capacity:persons": "700",
        "name": "SMP Negeri 6 Samarinda",
        "operator:type": "government",
        "school:type_idn": "SMP/MTs",
        "short_name": "SMPN 6 Samarinda",
        "website": "https://referensi.data.kemdikbud.go.id/index11.php?kode=166002&level=3",
        "@geometry": "center"
      },
      "geometry": {
        "type": "Point",
        "coordinates": [
          117.1612144,
          -0.4908478
        ]
      },
      "id": "way/361516556"
    },
    {
      "type": "Feature",
      "properties": {
        "@id": "way/361649820",
        "addr:full": "Jl. Perumahan Temindung Indah RT 62",
        "admin_level": "4",
        "building": "yes",
        "building:levels": "2",
        "government": "administrative",
        "name": "Dinas Sosial",
        "office": "government",
        "website": "https://dinsos.kaltimprov.go.id/statis-20-uptdpantisosialbinaremajasamarinda.html",
        "@geometry": "center"
      },
      "geometry": {
        "type": "Point",
        "coordinates": [
          117.1792628,
          -0.4655974
        ]
      },
      "id": "way/361649820"
    },
    {
      "type": "Feature",
      "properties": {
        "@id": "way/361649878",
        "addr:full": "Jl. Merapi. Kelurahan Tanah Merah",
        "amenity": "clinic",
        "building": "yes",
        "building:levels": "1",
        "capacity:persons": "30",
        "name": "POSKESDES Tanah Merah",
        "rooms": "1",
        "@geometry": "center"
      },
      "geometry": {
        "type": "Point",
        "coordinates": [
          117.2216129,
          -0.4388985
        ]
      },
      "id": "way/361649878"
    },
    {
      "type": "Feature",
      "properties": {
        "@id": "way/361649879",
        "addr:full": "Jl. Perumahan Temindung Indah RT 62",
        "admin_level": "5",
        "building": "yes",
        "building:levels": "2",
        "government": "administrative",
        "name": "Panti Sosial Terpadu Sehati",
        "office": "government",
        "website": "http://disbudparkom.samarindakota.go.id/read/news/2015/608/samarinda-miliki-panti-sosial-terpadu.html",
        "@geometry": "center"
      },
      "geometry": {
        "type": "Point",
        "coordinates": [
          117.1789551,
          -0.4660459
        ]
      },
      "id": "way/361649879"
    },
    {
      "type": "Feature",
      "properties": {
        "@id": "way/361649880",
        "addr:full": "Jl. Raya Tanah Merah",
        "amenity": "marketplace",
        "building": "yes",
        "building:levels": "1",
        "capacity:persons": "300",
        "name": "Pasar Hewan Kota Samarinda",
        "@geometry": "center"
      },
      "geometry": {
        "type": "Point",
        "coordinates": [
          117.2183692,
          -0.427991
        ]
      },
      "id": "way/361649880"
    },
    {
      "type": "Feature",
      "properties": {
        "@id": "way/361649882",
        "addr:full": "Jl. Bengkuring Raya 2 Blok D No 128",
        "amenity": "school",
        "building": "yes",
        "building:levels": "1",
        "capacity:persons": "45",
        "name": "Paud You & Me",
        "operator:type": "private",
        "school:type_idn": "TK/Paud",
        "@geometry": "center"
      },
      "geometry": {
        "type": "Point",
        "coordinates": [
          117.1677229,
          -0.4253043
        ]
      },
      "id": "way/361649882"
    },
    {
      "type": "Feature",
      "properties": {
        "@id": "way/361649883",
        "addr:full": "Jl. Guntung Lai",
        "amenity": "fuel",
        "building": "yes",
        "building:levels": "1",
        "capacity:persons": "50",
        "name": "Pertamina SPBE",
        "@geometry": "center"
      },
      "geometry": {
        "type": "Point",
        "coordinates": [
          117.2325796,
          -0.4128533
        ]
      },
      "id": "way/361649883"
    },
    {
      "type": "Feature",
      "properties": {
        "@id": "way/361649884",
        "addr:full": "Jl. Raya Tanah Merah",
        "amenity": "fuel",
        "building": "yes",
        "building:levels": "1",
        "capacity:persons": "50",
        "name": "Pertamina SPBU 64.7510.5",
        "@geometry": "center"
      },
      "geometry": {
        "type": "Point",
        "coordinates": [
          117.2287536,
          -0.4225577
        ]
      },
      "id": "way/361649884"
    },
    {
      "type": "Feature",
      "properties": {
        "@id": "way/361649885",
        "addr:full": "Jl. Raya Tanah Merah",
        "amenity": "fuel",
        "building": "yes",
        "building:levels": "1",
        "capacity:persons": "50",
        "name": "Pertamina SPBU 64.7510.5",
        "@geometry": "center"
      },
      "geometry": {
        "type": "Point",
        "coordinates": [
          117.22838,
          -0.4225576
        ]
      },
      "id": "way/361649885"
    },
    {
      "type": "Feature",
      "properties": {
        "@id": "way/361649886",
        "addr:full": "Jl. Raya Tanah Merah",
        "amenity": "fuel",
        "building": "yes",
        "building:levels": "1",
        "capacity:persons": "50",
        "name": "Pertamina SPBU 64.7510.5",
        "@geometry": "center"
      },
      "geometry": {
        "type": "Point",
        "coordinates": [
          117.2285841,
          -0.4227326
        ]
      },
      "id": "way/361649886"
    },
    {
      "type": "Feature",
      "properties": {
        "@id": "way/361649888",
        "addr:full": "Jl. Bengkuring Raya 2 Blok D No 128",
        "amenity": "school",
        "building": "yes",
        "building:levels": "1",
        "capacity:persons": "350",
        "name": "Pondok Pesantren Hidayatul Mudtadi'in",
        "operator:type": "private",
        "school:type_idn": "Pesantren",
        "@geometry": "center"
      },
      "geometry": {
        "type": "Point",
        "coordinates": [
          117.1710951,
          -0.4260295
        ]
      },
      "id": "way/361649888"
    },
    {
      "type": "Feature",
      "properties": {
        "@id": "way/361649889",
        "addr:full": "Jl. Bengkuring Raya 2 Blok D No 128",
        "amenity": "school",
        "building": "yes",
        "building:levels": "1",
        "capacity:persons": "350",
        "name": "Pondok Pesantren Hidayatul Mudtadi'in",
        "operator:type": "private",
        "school:type_idn": "Pesantren",
        "@geometry": "center"
      },
      "geometry": {
        "type": "Point",
        "coordinates": [
          117.1709373,
          -0.4261535
        ]
      },
      "id": "way/361649889"
    },
    {
      "type": "Feature",
      "properties": {
        "@id": "way/361649890",
        "addr:full": "Perumnas Bengkuring",
        "amenity": "clinic",
        "building": "yes",
        "building:levels": "1",
        "capacity:persons": "20",
        "name": "Posyandu Kasih Sayang",
        "rooms": "1",
        "website": "http://kecsmdutara.samarindakota.go.id/posyandu",
        "@geometry": "center"
      },
      "geometry": {
        "type": "Point",
        "coordinates": [
          117.1681217,
          -0.4229462
        ]
      },
      "id": "way/361649890"
    },
    {
      "type": "Feature",
      "properties": {
        "@id": "way/361649891",
        "addr:full": "Desa Wisata Budaya Pampang RT. 03",
        "amenity": "clinic",
        "building": "yes",
        "building:levels": "1",
        "capacity:persons": "30",
        "name": "Posyandu Melati",
        "rooms": "1",
        "website": "http://kecsmdutara.samarindakota.go.id/posyandu",
        "@geometry": "center"
      },
      "geometry": {
        "type": "Point",
        "coordinates": [
          117.2287415,
          -0.3796166
        ]
      },
      "id": "way/361649891"
    },
    {
      "type": "Feature",
      "properties": {
        "@id": "way/361649892",
        "addr:full": "Jl. Pampang. RT.2",
        "amenity": "clinic",
        "building": "yes",
        "building:levels": "1",
        "capacity:persons": "20",
        "name": "Posyandu Merpati",
        "rooms": "1",
        "website": "http://kecsmdutara.samarindakota.go.id/posyandu",
        "@geometry": "center"
      },
      "geometry": {
        "type": "Point",
        "coordinates": [
          117.2273121,
          -0.3881574
        ]
      },
      "id": "way/361649892"
    },
    {
      "type": "Feature",
      "properties": {
        "@id": "way/361649893",
        "addr:full": "Jl. Merapi. Kelurahan Tanah Merah",
        "amenity": "clinic",
        "building": "yes",
        "building:levels": "1",
        "capacity:persons": "20",
        "name": "Posyandu Seruni",
        "rooms": "1",
        "website": "http://kecsmdutara.samarindakota.go.id/posyandu",
        "@geometry": "center"
      },
      "geometry": {
        "type": "Point",
        "coordinates": [
          117.2216129,
          -0.4390017
        ]
      },
      "id": "way/361649893"
    },
    {
      "type": "Feature",
      "properties": {
        "@id": "way/361649894",
        "addr:full": "Jl. Samarinda-Bontang Km. 37 RT. 04",
        "amenity": "clinic",
        "building": "yes",
        "building:levels": "1",
        "capacity:persons": "15",
        "name": "Posyandu Taratai",
        "rooms": "1",
        "website": "http://kecsmdutara.samarindakota.go.id/posyandu",
        "@geometry": "center"
      },
      "geometry": {
        "type": "Point",
        "coordinates": [
          117.2587102,
          -0.3933377
        ]
      },
      "id": "way/361649894"
    },
    {
      "type": "Feature",
      "properties": {
        "@id": "way/361649895",
        "addr:full": "PERUMNAS BENGKURING RT. 90",
        "amenity": "clinic",
        "building": "yes",
        "building:levels": "1",
        "capacity:persons": "20",
        "healthcare": "clinic",
        "name": "Posyandu Taratai",
        "rooms": "1",
        "website": "http://kecsmdutara.samarindakota.go.id/posyandu",
        "@geometry": "center"
      },
      "geometry": {
        "type": "Point",
        "coordinates": [
          117.1683158,
          -0.4201215
        ]
      },
      "id": "way/361649895"
    },
    {
      "type": "Feature",
      "properties": {
        "@id": "way/361649896",
        "addr:full": "PERUMNAS BENGKURING BLOK E RT.89",
        "amenity": "clinic",
        "building": "yes",
        "building:levels": "1",
        "capacity:persons": "15",
        "name": "Posyandu Turi Putih",
        "rooms": "1",
        "website": "http://kecsmdutara.samarindakota.go.id/posyandu",
        "@geometry": "center"
      },
      "geometry": {
        "type": "Point",
        "coordinates": [
          117.1665799,
          -0.4190259
        ]
      },
      "id": "way/361649896"
    },
    {
      "type": "Feature",
      "properties": {
        "@id": "way/361649897",
        "addr:full": "Jl. Batu Besaung",
        "admin_level": "5",
        "building": "yes",
        "building:levels": "2",
        "name": "Pusat Pelayanan Autis",
        "office": "government",
        "@geometry": "center"
      },
      "geometry": {
        "type": "Point",
        "coordinates": [
          117.1471238,
          -0.4187292
        ]
      },
      "id": "way/361649897"
    },
    {
      "type": "Feature",
      "properties": {
        "@id": "way/361649898",
        "addr:full": "Jl. Poros Batu Besaung",
        "amenity": "clinic",
        "building": "yes",
        "building:levels": "1",
        "capacity:persons": "30",
        "name": "Puskesmas Pembantu Batu Besaung",
        "rooms": "1",
        "short_name": "Pustu Batu Besaung",
        "@geometry": "center"
      },
      "geometry": {
        "type": "Point",
        "coordinates": [
          117.1506461,
          -0.3980558
        ]
      },
      "id": "way/361649898"
    },
    {
      "type": "Feature",
      "properties": {
        "@id": "way/361649899",
        "addr:full": "Desa Wisata Budaya Pampang RT. 03",
        "amenity": "clinic",
        "building": "yes",
        "building:levels": "1",
        "capacity:persons": "30",
        "name": "Puskesmas Pembantu Pampang",
        "rooms": "2",
        "@geometry": "center"
      },
      "geometry": {
        "type": "Point",
        "coordinates": [
          117.2287793,
          -0.3797853
        ]
      },
      "id": "way/361649899"
    },
    {
      "type": "Feature",
      "properties": {
        "@id": "way/361649900",
        "addr:full": "Jl. Samarinda-Bontang Km. 37 RT. 04",
        "amenity": "clinic",
        "building": "yes",
        "building:levels": "1",
        "capacity:persons": "10",
        "name": "Puskesmas Pembantu Sungai Lantung",
        "rooms": "1",
        "@geometry": "center"
      },
      "geometry": {
        "type": "Point",
        "coordinates": [
          117.2588823,
          -0.3915595
        ]
      },
      "id": "way/361649900"
    },
    {
      "type": "Feature",
      "properties": {
        "@id": "way/361649901",
        "addr:full": "Jl. Poros Samarinda-Bontang Kelurahan Sungai Siring",
        "amenity": "clinic",
        "building": "yes",
        "building:levels": "1",
        "capacity:persons": "50",
        "name": "Puskesmas Sungai Siring",
        "rooms": "10",
        "website": "http://kecsmdutara.samarindakota.go.id/puskesmas",
        "@geometry": "center"
      },
      "geometry": {
        "type": "Point",
        "coordinates": [
          117.2398321,
          -0.4023365
        ]
      },
      "id": "way/361649901"
    },
    {
      "type": "Feature",
      "properties": {
        "@id": "way/361649902",
        "addr:full": "Jl. Poros Samarinda-Bontang Kelurahan Sungai Siring",
        "amenity": "clinic",
        "building": "yes",
        "building:levels": "1",
        "capacity:persons": "50",
        "name": "Puskesmas Sungai Siring",
        "rooms": "10",
        "website": "http://kecsmdutara.samarindakota.go.id/puskesmas",
        "@geometry": "center"
      },
      "geometry": {
        "type": "Point",
        "coordinates": [
          117.2399007,
          -0.4025448
        ]
      },
      "id": "way/361649902"
    },
    {
      "type": "Feature",
      "properties": {
        "@id": "way/361649903",
        "addr:full": "Jl. Poros Samarinda-Bontang Kelurahan Sungai Siring",
        "amenity": "clinic",
        "building": "yes",
        "building:levels": "1",
        "capacity:persons": "50",
        "name": "Puskesmas Sungai Siring",
        "rooms": "10",
        "website": "http://kecsmdutara.samarindakota.go.id/puskesmas",
        "@geometry": "center"
      },
      "geometry": {
        "type": "Point",
        "coordinates": [
          117.2397977,
          -0.4028946
        ]
      },
      "id": "way/361649903"
    },
    {
      "type": "Feature",
      "properties": {
        "@id": "way/361649904",
        "addr:full": "Jl. Poros Samarinda-Bontang Kelurahan Sungai Siring",
        "amenity": "clinic",
        "building": "yes",
        "building:levels": "1",
        "capacity:persons": "50",
        "name": "Puskesmas Sungai Siring",
        "rooms": "10",
        "website": "http://kecsmdutara.samarindakota.go.id/puskesmas",
        "@geometry": "center"
      },
      "geometry": {
        "type": "Point",
        "coordinates": [
          117.2395248,
          -0.4028566
        ]
      },
      "id": "way/361649904"
    },
    {
      "type": "Feature",
      "properties": {
        "@id": "way/361649905",
        "addr:full": "Jl. Poros Samarinda-Bontang Kelurahan Sungai Siring",
        "amenity": "clinic",
        "building": "yes",
        "building:levels": "1",
        "capacity:persons": "50",
        "name": "Puskesmas Sungai Siring",
        "rooms": "10",
        "website": "http://kecsmdutara.samarindakota.go.id/puskesmas",
        "@geometry": "center"
      },
      "geometry": {
        "type": "Point",
        "coordinates": [
          117.2394182,
          -0.402656
        ]
      },
      "id": "way/361649905"
    },
    {
      "type": "Feature",
      "properties": {
        "@id": "way/361649908",
        "addr:full": "Jl. Samarinda-Bontang Km.38",
        "amenity": "school",
        "building": "yes",
        "building:levels": "1",
        "capacity:persons": "300",
        "name": "SD Negeri 005 Muara Badak",
        "operator:type": "government",
        "school:type_idn": "SD/MI",
        "short_name": "SDN 005 Muara Badak",
        "website": "https://referensi.data.kemdikbud.go.id/tabs.php?npsn=30404964",
        "@geometry": "center"
      },
      "geometry": {
        "type": "Point",
        "coordinates": [
          117.2676104,
          -0.3640546
        ]
      },
      "id": "way/361649908"
    },
    {
      "type": "Feature",
      "properties": {
        "@id": "way/361649911",
        "addr:full": "Jl. Samarinda-Bontang Km.38",
        "amenity": "school",
        "building": "yes",
        "building:levels": "1",
        "capacity:persons": "300",
        "name": "SD Negeri 005 Muara Badak",
        "operator:type": "government",
        "school:type_idn": "SD/MI",
        "short_name": "SDN 005 Muara Badak",
        "website": "https://referensi.data.kemdikbud.go.id/tabs.php?npsn=30404964",
        "@geometry": "center"
      },
      "geometry": {
        "type": "Point",
        "coordinates": [
          117.2675378,
          -0.363841
        ]
      },
      "id": "way/361649911"
    },
    {
      "type": "Feature",
      "properties": {
        "@id": "way/361649912",
        "addr:full": "Jl. Merbabu No. 28 Tanah Merah",
        "amenity": "school",
        "building": "yes",
        "building:levels": "1",
        "capacity:persons": "200",
        "name": "SD Negeri 006 Samarinda Utara",
        "old_name": "SDN 013 Samarinda Utara",
        "operator:type": "government",
        "school:type_idn": "SD/MI",
        "short_name": "SDN 006 Samarinda Utara",
        "website": "https://referensi.data.kemdikbud.go.id/tabs.php?npsn=30401301",
        "@geometry": "center"
      },
      "geometry": {
        "type": "Point",
        "coordinates": [
          117.2159784,
          -0.437167
        ]
      },
      "id": "way/361649912"
    },
    {
      "type": "Feature",
      "properties": {
        "@id": "way/361649913",
        "addr:full": "Jl. Merbabu No. 28 Tanah Merah",
        "amenity": "school",
        "building": "yes",
        "building:levels": "1",
        "capacity:persons": "200",
        "name": "SD Negeri 006 Samarinda Utara",
        "old_name": "SDN 013 Samarinda Utara",
        "operator:type": "government",
        "school:type_idn": "SD/MI",
        "short_name": "SDN 006 Samarinda Utara",
        "website": "https://referensi.data.kemdikbud.go.id/tabs.php?npsn=30401301",
        "@geometry": "center"
      },
      "geometry": {
        "type": "Point",
        "coordinates": [
          117.2159043,
          -0.4373872
        ]
      },
      "id": "way/361649913"
    },
    {
      "type": "Feature",
      "properties": {
        "@id": "way/361649914",
        "addr:full": "Jl. Giri Mulyo Rt 15",
        "amenity": "school",
        "building": "yes",
        "building:levels": "1",
        "capacity:persons": "300",
        "name": "SD Negeri 009 Samarinda Utara",
        "old_name": "SDN 009 Samarinda Utara",
        "operator:type": "government",
        "school:type_idn": "SD/MI",
        "short_name": "SDN 009 Samarinda Utara",
        "website": "https://referensi.data.kemdikbud.go.id/tabs.php?npsn=30401195",
        "@geometry": "center"
      },
      "geometry": {
        "type": "Point",
        "coordinates": [
          117.2255629,
          -0.4369702
        ]
      },
      "id": "way/361649914"
    },
    {
      "type": "Feature",
      "properties": {
        "@id": "way/361649915",
        "addr:full": "Jl. Giri Mulyo Rt 15",
        "amenity": "school",
        "building": "yes",
        "building:levels": "1",
        "capacity:persons": "300",
        "name": "SD Negeri 009 Samarinda Utara",
        "old_name": "SDN 009 Samarinda Utara",
        "operator:type": "government",
        "school:type_idn": "SD/MI",
        "short_name": "SDN 009 Samarinda Utara",
        "website": "https://referensi.data.kemdikbud.go.id/tabs.php?npsn=30401195",
        "@geometry": "center"
      },
      "geometry": {
        "type": "Point",
        "coordinates": [
          117.2257376,
          -0.436655
        ]
      },
      "id": "way/361649915"
    },
    {
      "type": "Feature",
      "properties": {
        "@id": "way/361649916",
        "addr:full": "Jl. Giri Mulyo Rt 15",
        "amenity": "school",
        "building": "yes",
        "building:levels": "1",
        "capacity:persons": "300",
        "name": "SD Negeri 009 Samarinda Utara",
        "old_name": "SDN 009 Samarinda Utara",
        "operator:type": "government",
        "school:type_idn": "SD/MI",
        "short_name": "SDN 009 Samarinda Utara",
        "website": "https://referensi.data.kemdikbud.go.id/tabs.php?npsn=30401195",
        "@geometry": "center"
      },
      "geometry": {
        "type": "Point",
        "coordinates": [
          117.2256507,
          -0.4372813
        ]
      },
      "id": "way/361649916"
    },
    {
      "type": "Feature",
      "properties": {
        "@id": "way/361649917",
        "addr:full": "Jl. Beringin I Rt 25 No 33",
        "amenity": "school",
        "building": "yes",
        "building:levels": "1",
        "capacity:persons": "200",
        "name": "SD Negeri 026 Samarinda Utara",
        "operator:type": "government",
        "school:type_idn": "SD/MI",
        "website": "https://referensi.data.kemdikbud.go.id/tabs.php?npsn=30400983",
        "@geometry": "center"
      },
      "geometry": {
        "type": "Point",
        "coordinates": [
          117.2235904,
          -0.4305535
        ]
      },
      "id": "way/361649917"
    },
    {
      "type": "Feature",
      "properties": {
        "@id": "way/361649918",
        "addr:full": "Jl. Beringin I Rt 25 No 33",
        "amenity": "school",
        "building": "yes",
        "building:levels": "1",
        "capacity:persons": "200",
        "name": "SD Negeri 026 Samarinda Utara",
        "operator:type": "government",
        "school:type_idn": "SD/MI",
        "website": "https://referensi.data.kemdikbud.go.id/tabs.php?npsn=30400983",
        "@geometry": "center"
      },
      "geometry": {
        "type": "Point",
        "coordinates": [
          117.2238124,
          -0.4307035
        ]
      },
      "id": "way/361649918"
    },
    {
      "type": "Feature",
      "properties": {
        "@id": "way/361649919",
        "addr:full": "Jl. Pampang",
        "amenity": "school",
        "building": "yes",
        "building:levels": "1",
        "capacity:persons": "200",
        "name": "SD Negeri 016 Samarinda Utara",
        "old_name": "SDN 028 Samarinda Utara",
        "operator:type": "government",
        "school:type_idn": "SD/MI",
        "short_name": "SDN 016 Samarinda Utara",
        "website": "https://referensi.data.kemdikbud.go.id/tabs.php?npsn=30400931",
        "@geometry": "center"
      },
      "geometry": {
        "type": "Point",
        "coordinates": [
          117.2253041,
          -0.3913111
        ]
      },
      "id": "way/361649919"
    },
    {
      "type": "Feature",
      "properties": {
        "@id": "way/361649920",
        "addr:full": "Jl. Pampang",
        "amenity": "school",
        "building": "yes",
        "building:levels": "1",
        "capacity:persons": "200",
        "name": "SD Negeri 016 Samarinda Utara",
        "old_name": "SDN 028 Samarinda Utara",
        "operator:type": "government",
        "school:type_idn": "SD/MI",
        "short_name": "SDN 016 Samarinda Utara",
        "website": "https://referensi.data.kemdikbud.go.id/tabs.php?npsn=30400931",
        "@geometry": "center"
      },
      "geometry": {
        "type": "Point",
        "coordinates": [
          117.2253208,
          -0.3915387
        ]
      },
      "id": "way/361649920"
    },
    {
      "type": "Feature",
      "properties": {
        "@id": "way/361649924",
        "addr:full": "Jl. Solong Durian Batu Besaung",
        "amenity": "school",
        "capacity:persons": "200",
        "name": "SD Negeri 021 Samarinda Utara",
        "old_name": "SDN 039 Samarinda Utara",
        "operator:type": "government",
        "school:type_idn": "SD/MI",
        "short_name": "SDN 021 Samarinda Utara",
        "website": "https://referensi.data.kemdikbud.go.id/tabs.php?npsn=30400950",
        "@geometry": "center"
      },
      "geometry": {
        "type": "Point",
        "coordinates": [
          117.1507849,
          -0.4030559
        ]
      },
      "id": "way/361649924"
    },
    {
      "type": "Feature",
      "properties": {
        "@id": "way/361649926",
        "addr:full": "Jl. Bengkuring Raya Blok C Sempaja",
        "amenity": "school",
        "building": "yes",
        "building:levels": "1",
        "capacity:persons": "450",
        "name": "SD Negeri 024 Samarinda Utara",
        "old_name": "SDN 042 Samarinda Utara",
        "operator:type": "government",
        "school:type_idn": "SD/MI",
        "short_name": "SDN 024 Samarinda Utara",
        "website": "https://referensi.data.kemdikbud.go.id/tabs.php?npsn=30400945",
        "@geometry": "center"
      },
      "geometry": {
        "type": "Point",
        "coordinates": [
          117.1658348,
          -0.4263786
        ]
      },
      "id": "way/361649926"
    },
    {
      "type": "Feature",
      "properties": {
        "@id": "way/361649927",
        "addr:full": "Jl. Raya Tanah Merah RT. 12 No. 26",
        "amenity": "school",
        "building": "yes",
        "building:levels": "1",
        "capacity:persons": "300",
        "name": "SMK Negeri 10 Samarinda",
        "operator:type": "government",
        "school:type_idn": "SMK",
        "short_name": "SMKN 10 Samarinda",
        "website": "https://referensi.data.kemdikbud.go.id/tabs.php?npsn=30404272",
        "@geometry": "center"
      },
      "geometry": {
        "type": "Point",
        "coordinates": [
          117.2195613,
          -0.4396711
        ]
      },
      "id": "way/361649927"
    },
    {
      "type": "Feature",
      "properties": {
        "@id": "way/361649928",
        "addr:full": "Jl. Raya Tanah Merah RT. 12 No. 26",
        "amenity": "school",
        "building": "yes",
        "building:levels": "1",
        "capacity:persons": "300",
        "name": "SMK Negeri 10 Samarinda",
        "operator:type": "government",
        "school:type_idn": "SMK",
        "short_name": "SMKN 10 Samarinda",
        "website": "https://referensi.data.kemdikbud.go.id/tabs.php?npsn=30404272",
        "@geometry": "center"
      },
      "geometry": {
        "type": "Point",
        "coordinates": [
          117.2196227,
          -0.4399583
        ]
      },
      "id": "way/361649928"
    },
    {
      "type": "Feature",
      "properties": {
        "@id": "way/361649929",
        "addr:full": "Jl. Bengkuring Raya 2 Perumnas Bengkuring Sempaja selatan",
        "amenity": "school",
        "building": "yes",
        "building:levels": "1",
        "capacity:persons": "400",
        "name": "SMK Negeri 16 Samarinda",
        "operator:type": "government",
        "school:type_idn": "SMK",
        "website": "https://referensi.data.kemdikbud.go.id/tabs.php?npsn=30406108",
        "@geometry": "center"
      },
      "geometry": {
        "type": "Point",
        "coordinates": [
          117.1658809,
          -0.4258528
        ]
      },
      "id": "way/361649929"
    },
    {
      "type": "Feature",
      "properties": {
        "@id": "way/361649930",
        "addr:full": "Jl. Bengkuring Raya 2 Perumnas Bengkuring Sempaja selatan",
        "amenity": "school",
        "building": "yes",
        "building:levels": "1",
        "capacity:persons": "400",
        "name": "SMK Negeri 16 Samarinda",
        "operator:type": "government",
        "school:type_idn": "SMK",
        "website": "https://referensi.data.kemdikbud.go.id/tabs.php?npsn=30406108",
        "@geometry": "center"
      },
      "geometry": {
        "type": "Point",
        "coordinates": [
          117.1659311,
          -0.4260059
        ]
      },
      "id": "way/361649930"
    },
    {
      "type": "Feature",
      "properties": {
        "@id": "way/361649931",
        "addr:full": "Jl. Merbabu, Tanah Merah",
        "amenity": "school",
        "building": "yes",
        "building:levels": "1",
        "capacity:persons": "300",
        "name": "SMK Negeri 18 Samarinda",
        "operator:type": "government",
        "school:type_idn": "SMK",
        "short_name": "SMKN 18 Samarinda",
        "website": "https://referensi.data.kemdikbud.go.id/tabs.php?npsn=30405704",
        "@geometry": "center"
      },
      "geometry": {
        "type": "Point",
        "coordinates": [
          117.2089268,
          -0.4391678
        ]
      },
      "id": "way/361649931"
    },
    {
      "type": "Feature",
      "properties": {
        "@id": "way/361649932",
        "addr:full": "Jl. Merbabu, Tanah Merah",
        "amenity": "school",
        "building": "yes",
        "building:levels": "1",
        "capacity:persons": "300",
        "name": "SMK Negeri 18 Samarinda",
        "operator:type": "government",
        "school:type_idn": "SMK",
        "short_name": "SMKN 18 Samarinda",
        "website": "https://referensi.data.kemdikbud.go.id/tabs.php?npsn=30405704",
        "@geometry": "center"
      },
      "geometry": {
        "type": "Point",
        "coordinates": [
          117.2089947,
          -0.4389919
        ]
      },
      "id": "way/361649932"
    },
    {
      "type": "Feature",
      "properties": {
        "@id": "way/361649933",
        "addr:full": "Jl. Merbabu, Tanah Merah",
        "amenity": "school",
        "building": "yes",
        "building:levels": "1",
        "capacity:persons": "300",
        "name": "SMK Negeri 18 Samarinda",
        "operator:type": "government",
        "school:type_idn": "SMK",
        "short_name": "SMKN 18 Samarinda",
        "website": "https://referensi.data.kemdikbud.go.id/tabs.php?npsn=30405704",
        "@geometry": "center"
      },
      "geometry": {
        "type": "Point",
        "coordinates": [
          117.2089127,
          -0.4394517
        ]
      },
      "id": "way/361649933"
    },
    {
      "type": "Feature",
      "properties": {
        "@id": "way/361649934",
        "addr:full": "Jl. Merbabu, Tanah Merah",
        "amenity": "school",
        "building": "yes",
        "building:levels": "1",
        "capacity:persons": "300",
        "name": "SMK Negeri 18 Samarinda",
        "operator:type": "government",
        "school:type_idn": "SMK",
        "short_name": "SMKN 18 Samarinda",
        "website": "https://referensi.data.kemdikbud.go.id/tabs.php?npsn=30405704",
        "@geometry": "center"
      },
      "geometry": {
        "type": "Point",
        "coordinates": [
          117.209183,
          -0.4386663
        ]
      },
      "id": "way/361649934"
    },
    {
      "type": "Feature",
      "properties": {
        "@id": "way/361649936",
        "addr:full": "Jl. Raya Tanah Merah RT. 12 No. 26",
        "amenity": "school",
        "building": "yes",
        "building:levels": "1",
        "capacity:persons": "300",
        "name": "SMP Negeri 12 Samarinda",
        "operator:type": "government",
        "school:type_idn": "SMP/MTs",
        "short_name": "SMPN 12 Samarinda",
        "website": "https://referensi.data.kemdikbud.go.id/tabs.php?npsn=30401017",
        "@geometry": "center"
      },
      "geometry": {
        "type": "Point",
        "coordinates": [
          117.220446,
          -0.4391106
        ]
      },
      "id": "way/361649936"
    },
    {
      "type": "Feature",
      "properties": {
        "@id": "way/361649937",
        "addr:full": "Jl. Raya Tanah Merah RT. 12 No. 26",
        "amenity": "school",
        "building": "yes",
        "building:levels": "1",
        "capacity:persons": "300",
        "name": "SMP Negeri 12 Samarinda",
        "operator:type": "government",
        "school:type_idn": "SMP/MTs",
        "short_name": "SMPN 12 Samarinda",
        "website": "https://referensi.data.kemdikbud.go.id/tabs.php?npsn=30401017",
        "@geometry": "center"
      },
      "geometry": {
        "type": "Point",
        "coordinates": [
          117.2202897,
          -0.4391102
        ]
      },
      "id": "way/361649937"
    },
    {
      "type": "Feature",
      "properties": {
        "@id": "way/361649938",
        "addr:full": "Jl. Raya Tanah Merah RT. 12 No. 26",
        "amenity": "school",
        "building": "yes",
        "building:levels": "1",
        "capacity:persons": "300",
        "name": "SMP Negeri 12 Samarinda",
        "operator:type": "government",
        "school:type_idn": "SMP/MTs",
        "short_name": "SMPN 12 Samarinda",
        "website": "https://referensi.data.kemdikbud.go.id/tabs.php?npsn=30401017",
        "@geometry": "center"
      },
      "geometry": {
        "type": "Point",
        "coordinates": [
          117.2203736,
          -0.4397057
        ]
      },
      "id": "way/361649938"
    },
    {
      "type": "Feature",
      "properties": {
        "@id": "way/361649939",
        "addr:full": "Jl. Raya Tanah Merah RT. 12 No. 26",
        "amenity": "school",
        "building": "yes",
        "building:levels": "1",
        "capacity:persons": "300",
        "name": "SMP Negeri 12 Samarinda",
        "operator:type": "government",
        "school:type_idn": "SMP/MTs",
        "short_name": "SMPN 12 Samarinda",
        "website": "https://referensi.data.kemdikbud.go.id/tabs.php?npsn=30401017",
        "@geometry": "center"
      },
      "geometry": {
        "type": "Point",
        "coordinates": [
          117.2200434,
          -0.4399113
        ]
      },
      "id": "way/361649939"
    },
    {
      "type": "Feature",
      "properties": {
        "@id": "way/361649940",
        "addr:full": "Jl. Raya Tanah Merah RT. 12 No. 26",
        "amenity": "school",
        "building": "yes",
        "building:levels": "1",
        "capacity:persons": "300",
        "name": "SMP Negeri 12 Samarinda",
        "operator:type": "government",
        "school:type_idn": "SMP/MTs",
        "short_name": "SMPN 12 Samarinda",
        "website": "https://referensi.data.kemdikbud.go.id/tabs.php?npsn=30401017",
        "@geometry": "center"
      },
      "geometry": {
        "type": "Point",
        "coordinates": [
          117.2202593,
          -0.4398883
        ]
      },
      "id": "way/361649940"
    },
    {
      "type": "Feature",
      "properties": {
        "@id": "way/361649941",
        "addr:full": "Jl. Raya Tanah Merah RT. 12 No. 26",
        "amenity": "school",
        "building": "yes",
        "building:levels": "1",
        "capacity:persons": "300",
        "name": "SMP Negeri 12 Samarinda",
        "operator:type": "government",
        "school:type_idn": "SMP/MTs",
        "short_name": "SMPN 12 Samarinda",
        "website": "https://referensi.data.kemdikbud.go.id/tabs.php?npsn=30401017",
        "@geometry": "center"
      },
      "geometry": {
        "type": "Point",
        "coordinates": [
          117.2200929,
          -0.4391733
        ]
      },
      "id": "way/361649941"
    },
    {
      "type": "Feature",
      "properties": {
        "@id": "way/361649942",
        "addr:full": "Jl. Raya Tanah Merah RT. 12 No. 26",
        "amenity": "school",
        "building": "yes",
        "building:levels": "1",
        "capacity:persons": "300",
        "name": "SMP Negeri 12 Samarinda",
        "operator:type": "government",
        "school:type_idn": "SMP/MTs",
        "short_name": "SMPN 12 Samarinda",
        "website": "https://referensi.data.kemdikbud.go.id/tabs.php?npsn=30401017",
        "@geometry": "center"
      },
      "geometry": {
        "type": "Point",
        "coordinates": [
          117.219893,
          -0.4394192
        ]
      },
      "id": "way/361649942"
    },
    {
      "type": "Feature",
      "properties": {
        "@id": "way/361649943",
        "addr:full": "Jl. Raya Tanah Merah RT. 12 No. 26",
        "amenity": "school",
        "building": "yes",
        "building:levels": "1",
        "capacity:persons": "300",
        "name": "SMP Negeri 12 Samarinda",
        "operator:type": "government",
        "school:type_idn": "SMP/MTs",
        "short_name": "SMPN 12 Samarinda",
        "website": "https://referensi.data.kemdikbud.go.id/tabs.php?npsn=30401017",
        "@geometry": "center"
      },
      "geometry": {
        "type": "Point",
        "coordinates": [
          117.219957,
          -0.4396307
        ]
      },
      "id": "way/361649943"
    },
    {
      "type": "Feature",
      "properties": {
        "@id": "way/361649944",
        "addr:full": "Jl. Raya Tanah Merah RT. 12 No. 26",
        "amenity": "school",
        "building": "yes",
        "building:levels": "1",
        "capacity:persons": "300",
        "name": "SMP Negeri 12 Samarinda",
        "operator:type": "government",
        "school:type_idn": "SMP/MTs",
        "short_name": "SMPN 12 Samarinda",
        "website": "https://referensi.data.kemdikbud.go.id/tabs.php?npsn=30401017",
        "@geometry": "center"
      },
      "geometry": {
        "type": "Point",
        "coordinates": [
          117.2204225,
          -0.4393885
        ]
      },
      "id": "way/361649944"
    },
    {
      "type": "Feature",
      "properties": {
        "@id": "way/361649945",
        "addr:full": "Jl. Samarinda-Bontang Km. 37",
        "amenity": "school",
        "building": "yes",
        "building:levels": "2",
        "capacity:persons": "300",
        "name": "SMP Negeri 19 Samarinda",
        "operator:type": "government",
        "school:type_idn": "SMP/MTs",
        "short_name": "SMPN 19 Samarinda",
        "website": "https://referensi.data.kemdikbud.go.id/tabs.php?npsn=30401013",
        "@geometry": "center"
      },
      "geometry": {
        "type": "Point",
        "coordinates": [
          117.2525888,
          -0.3944593
        ]
      },
      "id": "way/361649945"
    },
    {
      "type": "Feature",
      "properties": {
        "@id": "way/361649946",
        "addr:full": "Perumnas Bengkuring Jl.pakis Hijau 7 Blok.d",
        "amenity": "school",
        "building": "yes",
        "building:levels": "1",
        "capacity:persons": "350",
        "name": "SMP Negeri 29 Samarinda",
        "school:type_idn": "SMP/MTs",
        "website": "https://referensi.data.kemdikbud.go.id/tabs.php?npsn=30401045",
        "@geometry": "center"
      },
      "geometry": {
        "type": "Point",
        "coordinates": [
          117.1682353,
          -0.4235184
        ]
      },
      "id": "way/361649946"
    },
    {
      "type": "Feature",
      "properties": {
        "@id": "way/361649947",
        "addr:full": "Perumnas Bengkuring Jl.pakis Hijau 7 Blok.d",
        "amenity": "school",
        "building": "yes",
        "building:levels": "1",
        "capacity:persons": "350",
        "name": "SMP Negeri 29 Samarinda",
        "school:type_idn": "SMP/MTs",
        "website": "https://referensi.data.kemdikbud.go.id/tabs.php?npsn=30401045",
        "@geometry": "center"
      },
      "geometry": {
        "type": "Point",
        "coordinates": [
          117.1678882,
          -0.4239982
        ]
      },
      "id": "way/361649947"
    },
    {
      "type": "Feature",
      "properties": {
        "@id": "way/361649948",
        "addr:full": "Perumnas Bengkuring Jl.pakis Hijau 7 Blok.d",
        "amenity": "school",
        "building": "yes",
        "building:levels": "1",
        "capacity:persons": "350",
        "name": "SMP Negeri 29 Samarinda",
        "school:type_idn": "SMP/MTs",
        "website": "https://referensi.data.kemdikbud.go.id/tabs.php?npsn=30401045",
        "@geometry": "center"
      },
      "geometry": {
        "type": "Point",
        "coordinates": [
          117.1682545,
          -0.4240883
        ]
      },
      "id": "way/361649948"
    },
    {
      "type": "Feature",
      "properties": {
        "@id": "way/361649949",
        "addr:full": "Perumnas Bengkuring Jl.pakis Hijau 7 Blok.d",
        "amenity": "school",
        "building": "yes",
        "building:levels": "1",
        "capacity:persons": "350",
        "name": "SMP Negeri 29 Samarinda",
        "school:type_idn": "SMP/MTs",
        "website": "https://referensi.data.kemdikbud.go.id/tabs.php?npsn=30401045",
        "@geometry": "center"
      },
      "geometry": {
        "type": "Point",
        "coordinates": [
          117.1678552,
          -0.4234702
        ]
      },
      "id": "way/361649949"
    },
    {
      "type": "Feature",
      "properties": {
        "@id": "way/361649950",
        "addr:full": "Perumnas Bengkuring Jl.pakis Hijau 7 Blok.d",
        "amenity": "school",
        "building": "yes",
        "building:levels": "1",
        "capacity:persons": "350",
        "name": "SMP Negeri 29 Samarinda",
        "school:type_idn": "SMP/MTs",
        "website": "https://referensi.data.kemdikbud.go.id/tabs.php?npsn=30401045",
        "@geometry": "center"
      },
      "geometry": {
        "type": "Point",
        "coordinates": [
          117.1675609,
          -0.4236767
        ]
      },
      "id": "way/361649950"
    },
    {
      "type": "Feature",
      "properties": {
        "@id": "way/361649951",
        "addr:full": "Perumnas Bengkuring Jl.pakis Hijau 7 Blok.d",
        "amenity": "school",
        "building": "yes",
        "building:levels": "1",
        "capacity:persons": "350",
        "name": "SMP Negeri 29 Samarinda",
        "school:type_idn": "SMP/MTs",
        "website": "https://referensi.data.kemdikbud.go.id/tabs.php?npsn=30401045",
        "@geometry": "center"
      },
      "geometry": {
        "type": "Point",
        "coordinates": [
          117.1681664,
          -0.4237304
        ]
      },
      "id": "way/361649951"
    },
    {
      "type": "Feature",
      "properties": {
        "@id": "way/361649952",
        "addr:full": "Perumnas Bengkuring Jl.pakis Hijau 7 Blok.d",
        "amenity": "school",
        "building": "yes",
        "building:levels": "1",
        "capacity:persons": "350",
        "name": "SMP Negeri 29 Samarinda",
        "school:type_idn": "SMP/MTs",
        "website": "https://referensi.data.kemdikbud.go.id/tabs.php?npsn=30401045",
        "@geometry": "center"
      },
      "geometry": {
        "type": "Point",
        "coordinates": [
          117.1683044,
          -0.4237571
        ]
      },
      "id": "way/361649952"
    },
    {
      "type": "Feature",
      "properties": {
        "@id": "way/361649953",
        "addr:full": "Perumnas Bengkuring Jl.pakis Hijau 7 Blok.d",
        "amenity": "school",
        "building": "yes",
        "building:levels": "1",
        "capacity:persons": "350",
        "name": "SMP Negeri 29 Samarinda",
        "school:type_idn": "SMP/MTs",
        "website": "https://referensi.data.kemdikbud.go.id/tabs.php?npsn=30401045",
        "@geometry": "center"
      },
      "geometry": {
        "type": "Point",
        "coordinates": [
          117.168039,
          -0.4236035
        ]
      },
      "id": "way/361649953"
    },
    {
      "type": "Feature",
      "properties": {
        "@id": "way/361649954",
        "addr:full": "Desa Wisata Budaya Pampang",
        "amenity": "school",
        "building": "yes",
        "building:levels": "1",
        "capacity:persons": "400",
        "name": "SMP Negeri 30 Samarinda",
        "operator:type": "government",
        "school:type_idn": "SMP/MTs",
        "website": "https://referensi.data.kemdikbud.go.id/tabs.php?npsn=30401047",
        "@geometry": "center"
      },
      "geometry": {
        "type": "Point",
        "coordinates": [
          117.2281744,
          -0.3788263
        ]
      },
      "id": "way/361649954"
    },
    {
      "type": "Feature",
      "properties": {
        "@id": "way/361649955",
        "addr:full": "Desa Wisata Budaya Pampang",
        "amenity": "school",
        "building": "yes",
        "building:levels": "1",
        "capacity:persons": "400",
        "name": "SMP Negeri 30 Samarinda",
        "operator:type": "government",
        "school:type_idn": "SMP/MTs",
        "website": "https://referensi.data.kemdikbud.go.id/tabs.php?npsn=30401047",
        "@geometry": "center"
      },
      "geometry": {
        "type": "Point",
        "coordinates": [
          117.2285679,
          -0.3791709
        ]
      },
      "id": "way/361649955"
    },
    {
      "type": "Feature",
      "properties": {
        "@id": "way/361649956",
        "addr:full": "Desa Wisata Budaya Pampang",
        "amenity": "school",
        "building": "yes",
        "building:levels": "1",
        "capacity:persons": "400",
        "name": "SMP Negeri 30 Samarinda",
        "operator:type": "government",
        "school:type_idn": "SMP/MTs",
        "website": "https://referensi.data.kemdikbud.go.id/tabs.php?npsn=30401047",
        "@geometry": "center"
      },
      "geometry": {
        "type": "Point",
        "coordinates": [
          117.2290122,
          -0.3792123
        ]
      },
      "id": "way/361649956"
    },
    {
      "type": "Feature",
      "properties": {
        "@id": "way/361649957",
        "addr:full": "Desa Wisata Budaya Pampang",
        "amenity": "school",
        "building": "yes",
        "building:levels": "1",
        "capacity:persons": "400",
        "name": "SMP Negeri 30 Samarinda",
        "operator:type": "government",
        "school:type_idn": "SMP/MTs",
        "website": "https://referensi.data.kemdikbud.go.id/tabs.php?npsn=30401047",
        "@geometry": "center"
      },
      "geometry": {
        "type": "Point",
        "coordinates": [
          117.2291927,
          -0.3787699
        ]
      },
      "id": "way/361649957"
    },
    {
      "type": "Feature",
      "properties": {
        "@id": "way/361649958",
        "addr:full": "Desa Wisata Budaya Pampang",
        "amenity": "school",
        "building": "yes",
        "building:levels": "1",
        "capacity:persons": "400",
        "name": "SMP Negeri 30 Samarinda",
        "operator:type": "government",
        "school:type_idn": "SMP/MTs",
        "website": "https://referensi.data.kemdikbud.go.id/tabs.php?npsn=30401047",
        "@geometry": "center"
      },
      "geometry": {
        "type": "Point",
        "coordinates": [
          117.2291304,
          -0.3789617
        ]
      },
      "id": "way/361649958"
    },
    {
      "type": "Feature",
      "properties": {
        "@id": "way/361649962",
        "addr:full": "Perumnas Bengkuring",
        "amenity": "school",
        "building": "yes",
        "building:levels": "1",
        "capacity:persons": "25",
        "name": "TK Salsabila",
        "operator:type": "private",
        "school:type_idn": "TK/Paud",
        "@geometry": "center"
      },
      "geometry": {
        "type": "Point",
        "coordinates": [
          117.16939,
          -0.4209276
        ]
      },
      "id": "way/361649962"
    },
    {
      "type": "Feature",
      "properties": {
        "@id": "way/361649964",
        "addr:full": "Jl. Raya Tanah Merah",
        "admin_level": "5",
        "building": "yes",
        "building:levels": "1",
        "name": "UPTD Rumah Potong Hewan Ruminansia",
        "office": "government",
        "@geometry": "center"
      },
      "geometry": {
        "type": "Point",
        "coordinates": [
          117.2191205,
          -0.4299693
        ]
      },
      "id": "way/361649964"
    },
    {
      "type": "Feature",
      "properties": {
        "@id": "way/361649965",
        "addr:full": "Jl. Raya Tanah Merah",
        "admin_level": "5",
        "building": "yes",
        "building:levels": "1",
        "name": "UPTD Rumah Potong Hewan Ruminansia",
        "office": "government",
        "@geometry": "center"
      },
      "geometry": {
        "type": "Point",
        "coordinates": [
          117.2198178,
          -0.4306904
        ]
      },
      "id": "way/361649965"
    },
    {
      "type": "Feature",
      "properties": {
        "@id": "way/361649966",
        "addr:full": "Jl. Raya Tanah Merah",
        "admin_level": "5",
        "building": "yes",
        "building:levels": "1",
        "name": "UPTD Rumah Potong Hewan Ruminansia",
        "office": "government",
        "@geometry": "center"
      },
      "geometry": {
        "type": "Point",
        "coordinates": [
          117.2189203,
          -0.4302719
        ]
      },
      "id": "way/361649966"
    },
    {
      "type": "Feature",
      "properties": {
        "@id": "way/361649969",
        "addr:full": "Jl. Raya Tanah Merah",
        "amenity": "school",
        "building": "yes",
        "building:levels": "1",
        "capacity:persons": "300",
        "name": "Workshop SMK Negeri 10 Samarinda",
        "operator:type": "government",
        "school:type_idn": "SMK",
        "website": "https://referensi.data.kemdikbud.go.id/tabs.php?npsn=30404272",
        "@geometry": "center"
      },
      "geometry": {
        "type": "Point",
        "coordinates": [
          117.2209127,
          -0.4336896
        ]
      },
      "id": "way/361649969"
    },
    {
      "type": "Feature",
      "properties": {
        "@id": "way/361649973",
        "addr:full": "Jl. Raya Tanah Merah",
        "amenity": "school",
        "building": "yes",
        "building:levels": "1",
        "capacity:persons": "300",
        "name": "Workshop SMK Negeri 10 Samarinda",
        "operator:type": "government",
        "school:type_idn": "SMK",
        "website": "https://referensi.data.kemdikbud.go.id/tabs.php?npsn=30404272",
        "@geometry": "center"
      },
      "geometry": {
        "type": "Point",
        "coordinates": [
          117.2212208,
          -0.4338428
        ]
      },
      "id": "way/361649973"
    },
    {
      "type": "Feature",
      "properties": {
        "@id": "way/361649980",
        "addr:full": "Jl. Raya Tanah Merah",
        "amenity": "school",
        "building": "yes",
        "building:levels": "1",
        "capacity:persons": "300",
        "name": "Workshop SMK Negeri 10 Samarinda",
        "operator:type": "government",
        "school:type_idn": "SMK",
        "website": "https://referensi.data.kemdikbud.go.id/tabs.php?npsn=30404272",
        "@geometry": "center"
      },
      "geometry": {
        "type": "Point",
        "coordinates": [
          117.2211499,
          -0.4340118
        ]
      },
      "id": "way/361649980"
    },
    {
      "type": "Feature",
      "properties": {
        "@id": "way/361649981",
        "addr:full": "Jl. Raya Tanah Merah",
        "amenity": "school",
        "building": "yes",
        "building:levels": "1",
        "capacity:persons": "300",
        "name": "Workshop SMK Negeri 10 Samarinda",
        "operator:type": "government",
        "school:type_idn": "SMK",
        "website": "https://referensi.data.kemdikbud.go.id/tabs.php?npsn=30404272",
        "@geometry": "center"
      },
      "geometry": {
        "type": "Point",
        "coordinates": [
          117.220939,
          -0.433602
        ]
      },
      "id": "way/361649981"
    },
    {
      "type": "Feature",
      "properties": {
        "@id": "way/361649982",
        "addr:full": "Jl. Raya Tanah Merah",
        "amenity": "school",
        "building": "yes",
        "building:levels": "1",
        "capacity:persons": "300",
        "name": "Workshop SMK Negeri 10 Samarinda",
        "operator:type": "government",
        "school:type_idn": "SMK",
        "website": "https://referensi.data.kemdikbud.go.id/tabs.php?npsn=30404272",
        "@geometry": "center"
      },
      "geometry": {
        "type": "Point",
        "coordinates": [
          117.2211762,
          -0.4336852
        ]
      },
      "id": "way/361649982"
    },
    {
      "type": "Feature",
      "properties": {
        "@id": "way/361651090",
        "amenity": "pharmacy",
        "building": "yes",
        "name": "Apotek Anugerah Farma",
        "@geometry": "center"
      },
      "geometry": {
        "type": "Point",
        "coordinates": [
          117.1149067,
          -0.5218584
        ]
      },
      "id": "way/361651090"
    },
    {
      "type": "Feature",
      "properties": {
        "@id": "way/361652897",
        "building": "yes",
        "name": "Kantor Kelurahan Bantuas",
        "office": "government",
        "short_name": "Kantor Lurah Bantuas",
        "@geometry": "center"
      },
      "geometry": {
        "type": "Point",
        "coordinates": [
          117.2094989,
          -0.6478001
        ]
      },
      "id": "way/361652897"
    },
    {
      "type": "Feature",
      "properties": {
        "@id": "way/361652898",
        "addr:full": "Jl. Al-Hasnie RT 9 Bantuas",
        "amenity": "school",
        "capacity:persons": "190",
        "name": "SD Negeri 021 Palaran",
        "operator:type": "government",
        "school:type_idn": "SD/MI",
        "short_name": "SDN 021 Palaran",
        "website": "https://referensi.data.kemdikbud.go.id/tabs.php?npsn=30400973",
        "@geometry": "center"
      },
      "geometry": {
        "type": "Point",
        "coordinates": [
          117.2103843,
          -0.6455251
        ]
      },
      "id": "way/361652898"
    },
    {
      "type": "Feature",
      "properties": {
        "@id": "way/361816287",
        "addr:full": "300",
        "admin_level": "7",
        "building": "yes",
        "building:levels": "1",
        "government": "administrative",
        "name": "Balai Desa Keluruhan Sidomulyo",
        "office": "government",
        "@geometry": "center"
      },
      "geometry": {
        "type": "Point",
        "coordinates": [
          117.1620836,
          -0.4963693
        ]
      },
      "id": "way/361816287"
    },
    {
      "type": "Feature",
      "properties": {
        "@id": "way/361816288",
        "Commercial": "Toko Kelontong",
        "addr:full": "Jl. Biawan",
        "building": "yes",
        "building:levels": "2",
        "capacity:persons": "300",
        "name": "Indomaret Biawan",
        "shop": "convenience",
        "@geometry": "center"
      },
      "geometry": {
        "type": "Point",
        "coordinates": [
          117.1618741,
          -0.4960863
        ]
      },
      "id": "way/361816288"
    },
    {
      "type": "Feature",
      "properties": {
        "@id": "way/361818692",
        "addr:full": "Jl. Gurami",
        "amenity": "college",
        "capacity:persons": "1000",
        "name": "Akademi Keperawatan Yarsi",
        "operator:type": "private",
        "url": "www.akperyarsismd.com",
        "@geometry": "center"
      },
      "geometry": {
        "type": "Point",
        "coordinates": [
          117.1593855,
          -0.507865
        ]
      },
      "id": "way/361818692"
    },
    {
      "type": "Feature",
      "properties": {
        "@id": "way/361818693",
        "addr:full": "Jl. Udang",
        "admin_level": "7",
        "building": "yes",
        "building:levels": "1",
        "government": "administrative",
        "name": "Kantor Kelurahan Sungai Dama",
        "office": "government",
        "short_name": "Kantor Lurah Sungai Dama",
        "@geometry": "center"
      },
      "geometry": {
        "type": "Point",
        "coordinates": [
          117.1585375,
          -0.5081819
        ]
      },
      "id": "way/361818693"
    },
    {
      "type": "Feature",
      "properties": {
        "@id": "way/361818695",
        "addr:full": "Jl. Lumba-Lumba",
        "admin_level": "5",
        "building": "yes",
        "building:levels": "1",
        "government": "healthcare",
        "name": "Kantor Kesehatan Pelabuhan (KKP) Kelas II Samarinda",
        "office": "government",
        "@geometry": "center"
      },
      "geometry": {
        "type": "Point",
        "coordinates": [
          117.1584999,
          -0.5086816
        ]
      },
      "id": "way/361818695"
    },
    {
      "type": "Feature",
      "properties": {
        "@id": "way/361818696",
        "addr:full": "Jl. Arif Rahman Hakim",
        "amenity": "cafe",
        "building": "yes",
        "building:levels": "1",
        "capacity:persons": "100",
        "name": "Vinz Ice Cream",
        "@geometry": "center"
      },
      "geometry": {
        "type": "Point",
        "coordinates": [
          117.15619,
          -0.4971021
        ]
      },
      "id": "way/361818696"
    },
    {
      "type": "Feature",
      "properties": {
        "@id": "way/361835834",
        "addr:full": "Jl. Mugierjo",
        "amenity": "clinic",
        "building": "yes",
        "building:levels": "1",
        "capacity:persons": "75",
        "name": "Puskesmas Pembantu Lubuk Sawah",
        "rooms": "2",
        "short_name": "Pustu Lubuk Sawah",
        "@geometry": "center"
      },
      "geometry": {
        "type": "Point",
        "coordinates": [
          117.2114289,
          -0.4810315
        ]
      },
      "id": "way/361835834"
    },
    {
      "type": "Feature",
      "properties": {
        "@id": "way/361835835",
        "addr:full": "Jl. Mardiansjah Marhad",
        "amenity": "school",
        "building": "yes",
        "building:levels": "1",
        "capacity:persons": "300",
        "name": "SD Negeri 014 Sungai Pinang",
        "old_name": "SDN 032 Samarinda Utara",
        "operator:type": "government",
        "school:type_idn": "SD/MI",
        "website": "https://referensi.data.kemdikbud.go.id/index11.php?kode=166008&level=3",
        "@geometry": "center"
      },
      "geometry": {
        "type": "Point",
        "coordinates": [
          117.2068556,
          -0.4799883
        ]
      },
      "id": "way/361835835"
    },
    {
      "type": "Feature",
      "properties": {
        "@id": "way/361835836",
        "addr:full": "Jl. Mugierjo",
        "amenity": "school",
        "capacity:persons": "300",
        "name": "SMP Negeri 26 Samarinda",
        "operator:type": "government",
        "school:type_idn": "SMP/MTs",
        "website": "https://referensi.data.kemdikbud.go.id/index11.php?kode=166008&level=3",
        "@geometry": "center"
      },
      "geometry": {
        "type": "Point",
        "coordinates": [
          117.2016707,
          -0.4736019
        ]
      },
      "id": "way/361835836"
    },
    {
      "type": "Feature",
      "properties": {
        "@id": "way/361866527",
        "addr:full": "Jl. Camar",
        "amenity": "clinic",
        "building": "yes",
        "building:levels": "2",
        "capacity:persons": "150",
        "name": "Pappalim Reflexology",
        "rooms": "3",
        "@geometry": "center"
      },
      "geometry": {
        "type": "Point",
        "coordinates": [
          117.1539313,
          -0.4816184
        ]
      },
      "id": "way/361866527"
    },
    {
      "type": "Feature",
      "properties": {
        "@id": "way/362191577",
        "addr:full": "Jl. Yos Sudarso",
        "amenity": "pharmacy",
        "building": "yes",
        "building:levels": "3",
        "capacity:persons": "200",
        "name": "Apotek Semoga Sehat",
        "@geometry": "center"
      },
      "geometry": {
        "type": "Point",
        "coordinates": [
          117.1559315,
          -0.507763
        ]
      },
      "id": "way/362191577"
    },
    {
      "type": "Feature",
      "properties": {
        "@id": "way/362191578",
        "addr:full": "Jl. Yos Sudarso",
        "amenity": "pharmacy",
        "building": "yes",
        "building:levels": "2",
        "capacity:persons": "200",
        "name": "Apotek Yos Sudarso",
        "@geometry": "center"
      },
      "geometry": {
        "type": "Point",
        "coordinates": [
          117.1529235,
          -0.5055821
        ]
      },
      "id": "way/362191578"
    },
    {
      "type": "Feature",
      "properties": {
        "@id": "way/362191582",
        "addr:full": "250",
        "admin_level": "5",
        "building": "yes",
        "building:levels": "2",
        "government": "administrative",
        "name": "Kantor Pelayanan Negara dan Lelang Samarinda",
        "office": "government",
        "@geometry": "center"
      },
      "geometry": {
        "type": "Point",
        "coordinates": [
          117.1541016,
          -0.5061914
        ]
      },
      "id": "way/362191582"
    },
    {
      "type": "Feature",
      "properties": {
        "@id": "way/362191586",
        "addr:full": "Jl. Muso Salim",
        "amenity": "clinic",
        "building": "yes",
        "building:levels": "3",
        "capacity:persons": "300",
        "healthcare": "clinic",
        "name": "Klinik Gigi drg. Yuyun Rosita",
        "rooms": "3",
        "@geometry": "center"
      },
      "geometry": {
        "type": "Point",
        "coordinates": [
          117.1586738,
          -0.5012765
        ]
      },
      "id": "way/362191586"
    },
    {
      "type": "Feature",
      "properties": {
        "@id": "way/362383239",
        "addr:full": "JL.Cendana",
        "building": "yes",
        "building:levels": "2",
        "capacity:persons": "70",
        "name": "Pertamina Persero Pemasaran VI Samarinda",
        "office": "government",
        "@geometry": "center"
      },
      "geometry": {
        "type": "Point",
        "coordinates": [
          117.1233599,
          -0.498136
        ]
      },
      "id": "way/362383239"
    },
    {
      "type": "Feature",
      "properties": {
        "@id": "way/362383243",
        "addr:full": "JL.Cendana",
        "amenity": "school",
        "building": "yes",
        "building:levels": "1",
        "capacity:persons": "780",
        "name": "SD Negeri 001 Sungai Kunjang",
        "operator:type": "government",
        "school:type_idn": "SD/MI",
        "url": "http://referensi.data.kemdikbud.go.id/pd_index.php?kode=166004&level=3",
        "@geometry": "center"
      },
      "geometry": {
        "type": "Point",
        "coordinates": [
          117.1230103,
          -0.4983618
        ]
      },
      "id": "way/362383243"
    },
    {
      "type": "Feature",
      "properties": {
        "@id": "way/362403112",
        "addr:full": "Jl. Cendana",
        "building": "yes",
        "building:levels": "1",
        "capacity:persons": "50",
        "name": "Eramart Cabang Cendana",
        "shop": "supermarket",
        "@geometry": "center"
      },
      "geometry": {
        "type": "Point",
        "coordinates": [
          117.1201978,
          -0.4990926
        ]
      },
      "id": "way/362403112"
    },
    {
      "type": "Feature",
      "properties": {
        "@id": "way/362403922",
        "addr:full": "Jl. Cendana",
        "building": "yes",
        "building:levels": "1",
        "capacity:persons": "60",
        "name": "Solo Mart",
        "shop": "supermarket",
        "@geometry": "center"
      },
      "geometry": {
        "type": "Point",
        "coordinates": [
          117.1203207,
          -0.4989227
        ]
      },
      "id": "way/362403922"
    },
    {
      "type": "Feature",
      "properties": {
        "@id": "way/362406425",
        "addr:full": "Jl. Cendana",
        "amenity": "cafe",
        "building": "yes",
        "building:levels": "1",
        "capacity:persons": "10",
        "name": "Cendana Kopi Aneka Rasa",
        "@geometry": "center"
      },
      "geometry": {
        "type": "Point",
        "coordinates": [
          117.1217064,
          -0.498529
        ]
      },
      "id": "way/362406425"
    },
    {
      "type": "Feature",
      "properties": {
        "@id": "way/362407484",
        "addr:full": "Jl. Cendana",
        "amenity": "school",
        "building": "yes",
        "building:levels": "1",
        "capacity:persons": "210",
        "name": "SD Negeri 004 Sungai Kunjang",
        "operator:type": "government",
        "school:type_idn": "SD/MI",
        "url": "http://referensi.data.kemdikbud.go.id/pd_index.php?kode=166004&level=3",
        "@geometry": "center"
      },
      "geometry": {
        "type": "Point",
        "coordinates": [
          117.1219131,
          -0.4975983
        ]
      },
      "id": "way/362407484"
    },
    {
      "type": "Feature",
      "properties": {
        "@id": "way/362497943",
        "addr:full": "Jl. Urip Sumoharjo",
        "building": "yes",
        "building:levels": "2",
        "capacity:persons": "200",
        "name": "Era Mart Urip Sumoharjo",
        "shop": "convenience",
        "@geometry": "center"
      },
      "geometry": {
        "type": "Point",
        "coordinates": [
          117.1623922,
          -0.4922617
        ]
      },
      "id": "way/362497943"
    },
    {
      "type": "Feature",
      "properties": {
        "@id": "way/362497944",
        "addr:full": "Jl. Urip Sumoharjo",
        "amenity": "pharmacy",
        "building": "yes",
        "building:levels": "1",
        "capacity:persons": "75",
        "name": "Toko Obat Kebaktian",
        "@geometry": "center"
      },
      "geometry": {
        "type": "Point",
        "coordinates": [
          117.1624228,
          -0.492417
        ]
      },
      "id": "way/362497944"
    },
    {
      "type": "Feature",
      "properties": {
        "@id": "way/362499092",
        "Education": "Bimbel",
        "addr:full": "Jl. Urip Sumoharjo",
        "amenity": "college",
        "building": "yes",
        "building:levels": "3",
        "capacity:persons": "300",
        "name": "Primagama",
        "operator:type": "private",
        "url": "www.primagama.co.id",
        "@geometry": "center"
      },
      "geometry": {
        "type": "Point",
        "coordinates": [
          117.1625315,
          -0.4940471
        ]
      },
      "id": "way/362499092"
    },
    {
      "type": "Feature",
      "properties": {
        "@id": "way/362501175",
        "amenity": "bank",
        "building": "yes",
        "name": "Bank BRI",
        "website": "https://bri.co.id",
        "@geometry": "center"
      },
      "geometry": {
        "type": "Point",
        "coordinates": [
          117.1436297,
          -0.5022776
        ]
      },
      "id": "way/362501175"
    },
    {
      "type": "Feature",
      "properties": {
        "@id": "way/362501177",
        "addr:full": "Jl. Ahmad Dahlan",
        "amenity": "school",
        "building": "yes",
        "building:levels": "2",
        "capacity:persons": "600",
        "name": "MTS Norma Islam, SMP Aminah Syukur, Dan SMA Norma Islam",
        "operator:type": "private",
        "school:type_idn": "SMP/MTs",
        "url": "http://referensi.data.kemdikbud.go.id/tabs.php?npsn=30402996",
        "@geometry": "center"
      },
      "geometry": {
        "type": "Point",
        "coordinates": [
          117.1547463,
          -0.4959142
        ]
      },
      "id": "way/362501177"
    },
    {
      "type": "Feature",
      "properties": {
        "@id": "way/362501178",
        "addr:full": "Jl. Ahmad Dahlan",
        "amenity": "school",
        "building": "yes",
        "building:levels": "2",
        "capacity:persons": "600",
        "name": "MTS Norma Islam, SMP Aminah Syukur, Dan SMA Norma Islam",
        "operator:type": "private",
        "school:type_idn": "SMP/MTs",
        "url": "http://referensi.data.kemdikbud.go.id/tabs.php?npsn=30402996",
        "@geometry": "center"
      },
      "geometry": {
        "type": "Point",
        "coordinates": [
          117.1548585,
          -0.4956812
        ]
      },
      "id": "way/362501178"
    },
    {
      "type": "Feature",
      "properties": {
        "@id": "way/362501181",
        "addr:full": "Jl. Kartini",
        "amenity": "school",
        "building": "yes",
        "building:levels": "2",
        "capacity:persons": "1000",
        "name": "SD, SMP, SMA Sunodia",
        "operator:type": "private",
        "school:type_idn": "SD/MI,SMP, SMA",
        "url": "http://referensi.data.kemdikbud.go.id/index11.php?kode=166009&level=3",
        "@geometry": "center"
      },
      "geometry": {
        "type": "Point",
        "coordinates": [
          117.1576668,
          -0.4935319
        ]
      },
      "id": "way/362501181"
    },
    {
      "type": "Feature",
      "properties": {
        "@id": "way/362501182",
        "addr:full": "Jl. Danau Maninjau",
        "amenity": "school",
        "building": "yes",
        "building:levels": "1",
        "capacity:persons": "400",
        "name": "SD Negeri 011 Samarinda Kota",
        "operator:type": "government",
        "school:type_idn": "SD/MI",
        "short_name": "SDN 011 Samarinda Kota",
        "url": "http://referensi.data.kemdikbud.go.id/tabs.php?npsn=30401372",
        "@geometry": "center"
      },
      "geometry": {
        "type": "Point",
        "coordinates": [
          117.1532548,
          -0.4932536
        ]
      },
      "id": "way/362501182"
    },
    {
      "type": "Feature",
      "properties": {
        "@id": "way/362501183",
        "addr:full": "Jl. KH. Abdul Muthalib",
        "amenity": "school",
        "building": "yes",
        "building:levels": "2",
        "capacity:persons": "400",
        "name": "SMK Muhamadiyah 1 Samarinda",
        "operator:type": "private",
        "school:type_idn": "SMA/MA",
        "url": "http://referensi.data.kemdikbud.go.id/tabs.php?npsn=30401086",
        "@geometry": "center"
      },
      "geometry": {
        "type": "Point",
        "coordinates": [
          117.1561562,
          -0.4926553
        ]
      },
      "id": "way/362501183"
    },
    {
      "type": "Feature",
      "properties": {
        "@id": "way/362501184",
        "addr:full": "Jl. Danau Jempang",
        "amenity": "school",
        "building": "yes",
        "building:levels": "2",
        "capacity:persons": "500",
        "name": "SMP Advent Samarinda",
        "operator:type": "private",
        "school:type_idn": "SMP/MTs",
        "url": "http://referensi.data.kemdikbud.go.id/tabs.php?npsn=30401019",
        "@geometry": "center"
      },
      "geometry": {
        "type": "Point",
        "coordinates": [
          117.1526884,
          -0.4935688
        ]
      },
      "id": "way/362501184"
    },
    {
      "type": "Feature",
      "properties": {
        "@id": "way/362501185",
        "addr:full": "Jl. Pangeran Hidayatullah Gg. Bakti No.06Jl. Pangeran Hidayatullah Gg. Bakti No.06",
        "amenity": "school",
        "building": "yes",
        "building:levels": "2",
        "capacity:persons": "500",
        "name": "SMP Muhammadiyah 1 Samarinda",
        "operator:type": "private",
        "school:type_idn": "SMP/MTs",
        "url": "http://referensi.data.kemdikbud.go.id/tabs.php?npsn=30403003",
        "@geometry": "center"
      },
      "geometry": {
        "type": "Point",
        "coordinates": [
          117.1546807,
          -0.5011077
        ]
      },
      "id": "way/362501185"
    },
    {
      "type": "Feature",
      "properties": {
        "@id": "way/362501186",
        "addr:full": "Jl. Ahmad Dahlan",
        "amenity": "school",
        "building": "yes",
        "building:levels": "2",
        "capacity:persons": "500",
        "name": "SMP Negeri 2 Samarinda",
        "operator:type": "government",
        "school:type_idn": "SMP/MTs",
        "short_name": "SMPN 2 Samarinda",
        "url": "http://referensi.data.kemdikbud.go.id/tabs.php?npsn=30403007",
        "@geometry": "center"
      },
      "geometry": {
        "type": "Point",
        "coordinates": [
          117.1539446,
          -0.4956909
        ]
      },
      "id": "way/362501186"
    },
    {
      "type": "Feature",
      "properties": {
        "@id": "way/362505663",
        "addr:full": "JL.Cendana",
        "building": "yes",
        "building:levels": "1",
        "capacity:persons": "25",
        "name": "Indomaret Cendana",
        "shop": "supermarket",
        "@geometry": "center"
      },
      "geometry": {
        "type": "Point",
        "coordinates": [
          117.1239192,
          -0.4974258
        ]
      },
      "id": "way/362505663"
    },
    {
      "type": "Feature",
      "properties": {
        "@id": "way/362509889",
        "addr:full": "Jl. Banggeris",
        "amenity": "cafe",
        "building": "yes",
        "building:levels": "1",
        "capacity:persons": "10",
        "name": "Risy Coffe Ice",
        "@geometry": "center"
      },
      "geometry": {
        "type": "Point",
        "coordinates": [
          117.123884,
          -0.4962278
        ]
      },
      "id": "way/362509889"
    },
    {
      "type": "Feature",
      "properties": {
        "@id": "way/362511427",
        "addr:full": "Jl. Banggeris",
        "amenity": "school",
        "building": "yes",
        "building:levels": "3",
        "capacity:persons": "400",
        "name": "SD Negeri 019 Sungai Kunjang",
        "operator:type": "government",
        "school:type_idn": "SD/MI",
        "url": "http://referensi.data.kemdikbud.go.id/pd_index.php?kode=166004&level=3",
        "@geometry": "center"
      },
      "geometry": {
        "type": "Point",
        "coordinates": [
          117.1241232,
          -0.4940139
        ]
      },
      "id": "way/362511427"
    },
    {
      "type": "Feature",
      "properties": {
        "@id": "way/362511428",
        "addr:full": "Jl. Banggeris",
        "amenity": "school",
        "building": "yes",
        "building:levels": "1",
        "capacity:persons": "40",
        "name": "SMK DDI Samarinda",
        "operator:type": "private",
        "school:type_idn": "SMK",
        "url": "http://referensi.data.kemdikbud.go.id/pd_index.php?kode=166004&level=3",
        "@geometry": "center"
      },
      "geometry": {
        "type": "Point",
        "coordinates": [
          117.1232239,
          -0.4933941
        ]
      },
      "id": "way/362511428"
    },
    {
      "type": "Feature",
      "properties": {
        "@id": "way/362511774",
        "addr:full": "Jl. Banggeris",
        "amenity": "college",
        "building": "yes",
        "building:levels": "1",
        "capacity:persons": "800",
        "name": "Sekolah Tinggi Manajemen Informatika dan Komputer (STMIK) Samarinda",
        "operator:type": "private",
        "url": "http://www.stmik-samarinda.ac.id/",
        "@geometry": "center"
      },
      "geometry": {
        "type": "Point",
        "coordinates": [
          117.1227641,
          -0.4935831
        ]
      },
      "id": "way/362511774"
    },
    {
      "type": "Feature",
      "properties": {
        "@id": "way/362522434",
        "addr:full": "Jl. Kusuma Bangsa",
        "building": "yes",
        "building:levels": "2",
        "government": "administrative",
        "name": "Bappeda Prov. Kaltim",
        "office": "government",
        "website": "https://bappedakaltim.com/",
        "@geometry": "center"
      },
      "geometry": {
        "type": "Point",
        "coordinates": [
          117.1502934,
          -0.4916595
        ]
      },
      "id": "way/362522434"
    },
    {
      "type": "Feature",
      "properties": {
        "@id": "way/362527029",
        "addr:full": "Jl. Agus Salim",
        "amenity": "clinic",
        "building": "yes",
        "building:levels": "3",
        "capacity:persons": "50",
        "name": "Klinik Matahari",
        "rooms": "1",
        "@geometry": "center"
      },
      "geometry": {
        "type": "Point",
        "coordinates": [
          117.1518705,
          -0.4918722
        ]
      },
      "id": "way/362527029"
    },
    {
      "type": "Feature",
      "properties": {
        "@id": "way/362541016",
        "addr:full": "Jl. KH. Ahmad Dahlan No.17",
        "amenity": "school",
        "building": "yes",
        "building:levels": "2",
        "capacity:persons": "500",
        "name": "SD Normal Islam",
        "operator:type": "private",
        "school:type_idn": "SD/MI",
        "url": "http://referensi.data.kemdikbud.go.id/tabs.php?npsn=30404114",
        "@geometry": "center"
      },
      "geometry": {
        "type": "Point",
        "coordinates": [
          117.1553495,
          -0.4944861
        ]
      },
      "id": "way/362541016"
    },
    {
      "type": "Feature",
      "properties": {
        "@id": "way/362541018",
        "addr:full": "Jl. KH. Ahmad Dahlan No.17",
        "amenity": "school",
        "building": "yes",
        "building:levels": "2",
        "capacity:persons": "500",
        "name": "SD 046 Normal Islam",
        "operator:type": "private",
        "school:type_idn": "SD/MI",
        "url": "http://referensi.data.kemdikbud.go.id/tabs.php?npsn=30404114",
        "@geometry": "center"
      },
      "geometry": {
        "type": "Point",
        "coordinates": [
          117.1555986,
          -0.4945512
        ]
      },
      "id": "way/362541018"
    },
    {
      "type": "Feature",
      "properties": {
        "@id": "way/362541019",
        "addr:full": "Jl. KH. Ahmad Dahlan No.17",
        "amenity": "school",
        "building": "yes",
        "building:levels": "2",
        "capacity:persons": "500",
        "name": "SD 046 Normal Islam",
        "operator:type": "private",
        "school:type_idn": "SD/MI",
        "url": "http://referensi.data.kemdikbud.go.id/tabs.php?npsn=30404114",
        "@geometry": "center"
      },
      "geometry": {
        "type": "Point",
        "coordinates": [
          117.1555111,
          -0.4946633
        ]
      },
      "id": "way/362541019"
    },
    {
      "type": "Feature",
      "properties": {
        "@id": "way/362541020",
        "addr:full": "Jl. Bhayangkara No. 51",
        "amenity": "school",
        "building": "yes",
        "building:levels": "2",
        "capacity:persons": "600",
        "name": "SD Negeri 002 Samarinda Kota",
        "old_name": "SDN 007 Samarinda Ulu",
        "operator:type": "government",
        "school:type_idn": "SD/MI",
        "short_name": "SDN 002 Samarinda Kota",
        "url": "http://referensi.data.kemdikbud.go.id/tabs.php?npsn=30401350",
        "@geometry": "center"
      },
      "geometry": {
        "type": "Point",
        "coordinates": [
          117.1446307,
          -0.4936834
        ]
      },
      "id": "way/362541020"
    },
    {
      "type": "Feature",
      "properties": {
        "@id": "way/362541022",
        "addr:full": "Jl. Aminah Syukur",
        "amenity": "school",
        "building": "yes",
        "building:levels": "2",
        "capacity:persons": "400",
        "name": "SD Negeri 005 Samarinda Kota",
        "old_name": "SDN 001 Samarinda Ilir",
        "operator:type": "government",
        "school:type_idn": "SD/MI",
        "url": "http://referensi.data.kemdikbud.go.id/tabs.php?npsn=30401094",
        "@geometry": "center"
      },
      "geometry": {
        "type": "Point",
        "coordinates": [
          117.1561222,
          -0.5007749
        ]
      },
      "id": "way/362541022"
    },
    {
      "type": "Feature",
      "properties": {
        "@id": "way/362541025",
        "addr:full": "Jl. Aminah Syukur",
        "amenity": "school",
        "building": "yes",
        "building:levels": "2",
        "capacity:persons": "400",
        "name": "SD Negeri 005 Samarinda Kota",
        "old_name": "SDN 001 Samarinda Ilir",
        "operator:type": "government",
        "school:type_idn": "SD/MI",
        "url": "http://referensi.data.kemdikbud.go.id/tabs.php?npsn=30401094",
        "@geometry": "center"
      },
      "geometry": {
        "type": "Point",
        "coordinates": [
          117.1557918,
          -0.5008571
        ]
      },
      "id": "way/362541025"
    },
    {
      "type": "Feature",
      "properties": {
        "@id": "way/362541029",
        "addr:full": "Jl. Aminah Syukur",
        "amenity": "school",
        "building": "yes",
        "building:levels": "2",
        "capacity:persons": "400",
        "name": "SD Negeri 006 Samarinda Kota",
        "old_name": "SDN 002 Samarinda Ilir",
        "operator:type": "government",
        "school:type_idn": "SD/MI",
        "url": "http://referensi.data.kemdikbud.go.id/tabs.php?npsn=30401100",
        "@geometry": "center"
      },
      "geometry": {
        "type": "Point",
        "coordinates": [
          117.1559816,
          -0.5005128
        ]
      },
      "id": "way/362541029"
    },
    {
      "type": "Feature",
      "properties": {
        "@id": "way/362541033",
        "addr:full": "Jl. Aminah Syukur",
        "amenity": "school",
        "building": "yes",
        "building:levels": "2",
        "capacity:persons": "400",
        "name": "SD Negeri 006 Samarinda Kota",
        "old_name": "SDN 002 Samarinda Ilir",
        "operator:type": "government",
        "school:type_idn": "SD/MI",
        "url": "http://referensi.data.kemdikbud.go.id/tabs.php?npsn=30401100",
        "@geometry": "center"
      },
      "geometry": {
        "type": "Point",
        "coordinates": [
          117.1557704,
          -0.5005744
        ]
      },
      "id": "way/362541033"
    },
    {
      "type": "Feature",
      "properties": {
        "@id": "way/362541036",
        "addr:full": "Jl. Aminah Syukur No. 49",
        "amenity": "school",
        "building": "yes",
        "building:levels": "2",
        "capacity:persons": "600",
        "name": "SD Negeri 007 Samarinda Kota",
        "old_name": "SDN 003 Samarinda Ilir",
        "operator:type": "government",
        "school:type_idn": "SD/MI",
        "short_name": "SDN 007 Samarinda Kota",
        "url": "http://referensi.data.kemdikbud.go.id/tabs.php?npsn=30401139",
        "@geometry": "center"
      },
      "geometry": {
        "type": "Point",
        "coordinates": [
          117.1564267,
          -0.4984864
        ]
      },
      "id": "way/362541036"
    },
    {
      "type": "Feature",
      "properties": {
        "@id": "way/362541040",
        "addr:full": "Jl. Aminah Syukur No. 49",
        "amenity": "school",
        "building": "yes",
        "building:levels": "2",
        "capacity:persons": "600",
        "name": "SD Negeri 007 Samarinda Kota",
        "old_name": "SDN 003 Samarinda Ilir",
        "operator:type": "government",
        "school:type_idn": "SD/MI",
        "short_name": "SDN 007 Samarinda Kota",
        "url": "http://referensi.data.kemdikbud.go.id/tabs.php?npsn=30401139",
        "@geometry": "center"
      },
      "geometry": {
        "type": "Point",
        "coordinates": [
          117.1567992,
          -0.4985625
        ]
      },
      "id": "way/362541040"
    },
    {
      "type": "Feature",
      "properties": {
        "@id": "way/362541043",
        "addr:full": "Jl. Sungai Berantas No.84",
        "amenity": "school",
        "building": "yes",
        "building:levels": "2",
        "capacity:persons": "500",
        "name": "SD Negeri 012 Samarinda Kota",
        "old_name": "SDN 013 Samarinda Ilir",
        "operator:type": "government",
        "school:type_idn": "SD/MI",
        "short_name": "SDN 012 Samarinda Kota",
        "url": "http://referensi.data.kemdikbud.go.id/tabs.php?npsn=30401362",
        "@geometry": "center"
      },
      "geometry": {
        "type": "Point",
        "coordinates": [
          117.1517579,
          -0.4992391
        ]
      },
      "id": "way/362541043"
    },
    {
      "type": "Feature",
      "properties": {
        "@id": "way/362541047",
        "addr:full": "Jl. Dewi Sartika No.30",
        "amenity": "school",
        "building": "yes",
        "building:levels": "2",
        "capacity:persons": "400",
        "name": "SDN 013 Samarinda Kota (SDN 018 S.Ilir)",
        "operator:type": "government",
        "school:type_idn": "SD/MI",
        "url": "http://referensi.data.kemdikbud.go.id/tabs.php?npsn=30401326",
        "@geometry": "center"
      },
      "geometry": {
        "type": "Point",
        "coordinates": [
          117.1570348,
          -0.4962072
        ]
      },
      "id": "way/362541047"
    },
    {
      "type": "Feature",
      "properties": {
        "@id": "way/362541051",
        "addr:full": "Jl. Penglima Batur No. 117",
        "amenity": "school",
        "building": "yes",
        "building:levels": "2",
        "capacity:persons": "300",
        "name": "SMK Cokroaminoto Samarinda",
        "name:etymology:wikidata": "Q2603591",
        "name:etymology:wikipedia": "id:Oemar Said Tjokroaminoto",
        "operator:type": "private",
        "school:type_idn": "SMK",
        "url": "http://referensi.data.kemdikbud.go.id/tabs.php?npsn=30401069",
        "@geometry": "center"
      },
      "geometry": {
        "type": "Point",
        "coordinates": [
          117.1515224,
          -0.5018671
        ]
      },
      "id": "way/362541051"
    },
    {
      "type": "Feature",
      "properties": {
        "@id": "way/362541055",
        "addr:full": "Jl. Penglima Batur No. 117",
        "amenity": "school",
        "building": "yes",
        "building:levels": "2",
        "capacity:persons": "300",
        "name": "SMK Cokroaminoto Samarinda",
        "operator:type": "private",
        "school:type_idn": "SMK",
        "url": "http://referensi.data.kemdikbud.go.id/tabs.php?npsn=30401069",
        "@geometry": "center"
      },
      "geometry": {
        "type": "Point",
        "coordinates": [
          117.1514502,
          -0.501771
        ]
      },
      "id": "way/362541055"
    },
    {
      "type": "Feature",
      "properties": {
        "@id": "way/362541059",
        "addr:full": "Jl. P. Hidayatullah Gg. Bhakti No.16",
        "amenity": "school",
        "building": "yes",
        "building:levels": "2",
        "capacity:persons": "200",
        "name": "SMK Farmasi Samarinda",
        "operator:type": "private",
        "school:type_idn": "SMK",
        "url": "http://referensi.data.kemdikbud.go.id/tabs.php?npsn=30404359",
        "@geometry": "center"
      },
      "geometry": {
        "type": "Point",
        "coordinates": [
          117.1544701,
          -0.5002984
        ]
      },
      "id": "way/362541059"
    },
    {
      "type": "Feature",
      "properties": {
        "@id": "way/362541062",
        "addr:full": "Jl. Danau Maninjau No. 20 Rt 14",
        "amenity": "school",
        "building": "yes",
        "building:levels": "1",
        "capacity:persons": "100",
        "name": "SMP Mahakam Samarinda",
        "operator:type": "private",
        "school:type_idn": "SMP/MTs",
        "url": "http://referensi.data.kemdikbud.go.id/tabs.php?npsn=30404176",
        "@geometry": "center"
      },
      "geometry": {
        "type": "Point",
        "coordinates": [
          117.1536274,
          -0.4926606
        ]
      },
      "id": "way/362541062"
    },
    {
      "type": "Feature",
      "properties": {
        "@id": "way/362541066",
        "addr:full": "Jl. Tirta Kencana No.14",
        "amenity": "school",
        "building": "yes",
        "building:levels": "2",
        "capacity:persons": "400",
        "name": "SMP Negeri 45 Samarinda",
        "operator:type": "government",
        "school:type_idn": "SMP/MTs",
        "url": "http://referensi.data.kemdikbud.go.id/tabs.php?npsn=30405615",
        "@geometry": "center"
      },
      "geometry": {
        "type": "Point",
        "coordinates": [
          117.1423845,
          -0.4999196
        ]
      },
      "id": "way/362541066"
    },
    {
      "type": "Feature",
      "properties": {
        "@id": "way/362541069",
        "addr:full": "Jl. Cut Mutia",
        "amenity": "school",
        "building": "yes",
        "building:levels": "2",
        "capacity:persons": "750",
        "name": "SMP Negeri 34 Samarinda",
        "operator:type": "government",
        "school:type_idn": "SMP/MTs",
        "url": "smpn34samarinda.sch.id",
        "@geometry": "center"
      },
      "geometry": {
        "type": "Point",
        "coordinates": [
          117.1568699,
          -0.4989074
        ]
      },
      "id": "way/362541069"
    },
    {
      "type": "Feature",
      "properties": {
        "@id": "way/362541073",
        "addr:full": "Jl. KH. Achmad Dahlan Gg. 2",
        "amenity": "school",
        "building": "yes",
        "building:levels": "1",
        "capacity:persons": "200",
        "name": "SMP Negeri 37 Samarinda",
        "operator:type": "government",
        "school:type_idn": "SMP/MTs",
        "url": "http://referensi.data.kemdikbud.go.id/tabs.php?npsn=30404257",
        "@geometry": "center"
      },
      "geometry": {
        "type": "Point",
        "coordinates": [
          117.154715,
          -0.4927373
        ]
      },
      "id": "way/362541073"
    },
    {
      "type": "Feature",
      "properties": {
        "@id": "way/362541076",
        "addr:full": "Jl.Panglima Batur",
        "amenity": "pharmacy",
        "building": "yes",
        "building:levels": "2",
        "capacity:persons": "10",
        "name": "Toko Obat \"Sehat\"",
        "@geometry": "center"
      },
      "geometry": {
        "type": "Point",
        "coordinates": [
          117.1511609,
          -0.502479
        ]
      },
      "id": "way/362541076"
    },
    {
      "type": "Feature",
      "properties": {
        "@id": "way/362586618",
        "addr:full": "Jl. Banggeris",
        "amenity": "school",
        "building": "yes",
        "building:levels": "2",
        "capacity:persons": "100",
        "name": "Rumah Tahfidz Al Malik",
        "operator:type": "private",
        "school:type_idn": "TK/Paud",
        "@geometry": "center"
      },
      "geometry": {
        "type": "Point",
        "coordinates": [
          117.1213467,
          -0.4917179
        ]
      },
      "id": "way/362586618"
    },
    {
      "type": "Feature",
      "properties": {
        "@id": "way/362588381",
        "addr:full": "Jl. MT. Haryono",
        "admin_level": "5",
        "building": "yes",
        "building:levels": "1",
        "name": "Balai Pemasyarakatan Kelas II Samarinda",
        "office": "government",
        "url": "http://www.kaltimpost.co.id/berita/detail/75108/siap-membantu-mantan-napi.html",
        "@geometry": "center"
      },
      "geometry": {
        "type": "Point",
        "coordinates": [
          117.1196427,
          -0.4918531
        ]
      },
      "id": "way/362588381"
    },
    {
      "type": "Feature",
      "properties": {
        "@id": "way/362588383",
        "addr:full": "Jl. MT. Haryono",
        "amenity": "cafe",
        "building": "yes",
        "building:levels": "1",
        "capacity:persons": "5",
        "name": "Toko Jamu Qiji",
        "@geometry": "center"
      },
      "geometry": {
        "type": "Point",
        "coordinates": [
          117.1180191,
          -0.4928357
        ]
      },
      "id": "way/362588383"
    },
    {
      "type": "Feature",
      "properties": {
        "@id": "way/362595386",
        "addr:full": "Jl. Tengkawang",
        "admin_level": "4",
        "building": "yes",
        "building:levels": "2",
        "name": "Dinas Pekerjaan Umum Prov. Kaltim Pemeliharaan Infrastruktur PU Wil. Tengah",
        "office": "government",
        "website": "https://eproc.pu.go.id/publik/eproc2015/kegiatan/info_lelangdetail.asp?id=%7BEC1BD015-0AB0-4353-BB14-7EA30F90D6A3%7D",
        "@geometry": "center"
      },
      "geometry": {
        "type": "Point",
        "coordinates": [
          117.112924,
          -0.4998889
        ]
      },
      "id": "way/362595386"
    },
    {
      "type": "Feature",
      "properties": {
        "@id": "way/362595392",
        "addr:full": "Jl. Tengkawang",
        "building": "yes",
        "building:levels": "3",
        "capacity:persons": "200",
        "name": "Eramart Cabang Tengkawang",
        "shop": "supermarket",
        "@geometry": "center"
      },
      "geometry": {
        "type": "Point",
        "coordinates": [
          117.1151292,
          -0.5019807
        ]
      },
      "id": "way/362595392"
    },
    {
      "type": "Feature",
      "properties": {
        "@id": "way/362595395",
        "addr:full": "Jl. MT. Haryono",
        "amenity": "cafe",
        "building": "yes",
        "building:levels": "2",
        "capacity:persons": "150",
        "name": "Kafe Slow Down d'Puncak",
        "@geometry": "center"
      },
      "geometry": {
        "type": "Point",
        "coordinates": [
          117.1172783,
          -0.4936774
        ]
      },
      "id": "way/362595395"
    },
    {
      "type": "Feature",
      "properties": {
        "@id": "way/362605440",
        "addr:full": "Jl. Tengkawang",
        "building": "yes",
        "building:levels": "2",
        "capacity:persons": "50",
        "name": "Meli Mart",
        "shop": "supermarket",
        "@geometry": "center"
      },
      "geometry": {
        "type": "Point",
        "coordinates": [
          117.1162166,
          -0.5027434
        ]
      },
      "id": "way/362605440"
    },
    {
      "type": "Feature",
      "properties": {
        "@id": "way/362607297",
        "addr:full": "Jl. Teuku Umar",
        "admin_level": "4",
        "building": "yes",
        "building:levels": "1",
        "name": "Badan Penelitian dan Pengembangan Daerah (Balai Pengujian Mutu dan Standarisasi Konstruksi) Prov. Kalimantan Timur",
        "office": "government",
        "url": "http://litbang.pu.go.id/sni/simlab/index.php?r=labDaerah/admin&LabDaerah_sort=telp&LabDaerah_page=3",
        "@geometry": "center"
      },
      "geometry": {
        "type": "Point",
        "coordinates": [
          117.1122279,
          -0.5012198
        ]
      },
      "id": "way/362607297"
    },
    {
      "type": "Feature",
      "properties": {
        "@id": "way/362678518",
        "addr:full": "Jl. Basuki Rahmat",
        "building": "yes",
        "building:levels": "3",
        "government": "administrative",
        "name": "Dinas Pendidikan Prov. Kaltim",
        "office": "government",
        "website": "disdik.kaltimprov.go.id",
        "@geometry": "center"
      },
      "geometry": {
        "type": "Point",
        "coordinates": [
          117.1517835,
          -0.4965221
        ]
      },
      "id": "way/362678518"
    },
    {
      "type": "Feature",
      "properties": {
        "@id": "way/362678519",
        "addr:full": "Jl. Basuki Rahmat",
        "building": "yes",
        "building:levels": "2",
        "government": "administrative",
        "name": "Dinas Perindustrian dan Perdagangan Prov. Kaltim",
        "office": "government",
        "website": "https://indagkop.kaltimprov.go.id/",
        "@geometry": "center"
      },
      "geometry": {
        "type": "Point",
        "coordinates": [
          117.1527065,
          -0.4958022
        ]
      },
      "id": "way/362678519"
    },
    {
      "type": "Feature",
      "properties": {
        "@id": "way/362678520",
        "addr:full": "Jl. Basuki Rahmat",
        "building": "yes",
        "building:levels": "2",
        "government": "administrative",
        "name": "Dinas Pertanian dan Tanaman Pangan Prov. Kaltim",
        "office": "government",
        "website": "https://dispertan.kaltimprov.go.id/",
        "@geometry": "center"
      },
      "geometry": {
        "type": "Point",
        "coordinates": [
          117.1522306,
          -0.4966694
        ]
      },
      "id": "way/362678520"
    },
    {
      "type": "Feature",
      "properties": {
        "@id": "way/362678521",
        "addr:full": "Jl. Basuki Rahmat",
        "building": "yes",
        "building:levels": "2",
        "government": "administrative",
        "name": "Disnakertrans Kota Samarinda",
        "office": "government",
        "website": "disnaker.samarindakota.go.id",
        "@geometry": "center"
      },
      "geometry": {
        "type": "Point",
        "coordinates": [
          117.1510698,
          -0.4964101
        ]
      },
      "id": "way/362678521"
    },
    {
      "type": "Feature",
      "properties": {
        "@id": "way/362678522",
        "addr:full": "Jl. Basuki Rahmat",
        "building": "yes",
        "building:levels": "2",
        "government": "administrative",
        "name": "KPP Pratama Tenggarong",
        "office": "government",
        "website": "https://www.pajak.go.id/content/kpp-pratama-tenggarong",
        "@geometry": "center"
      },
      "geometry": {
        "type": "Point",
        "coordinates": [
          117.1508162,
          -0.4955287
        ]
      },
      "id": "way/362678522"
    },
    {
      "type": "Feature",
      "properties": {
        "@id": "way/362678523",
        "addr:full": "Jl. Basuki Rahmat",
        "building": "yes",
        "building:levels": "2",
        "government": "administrative",
        "name": "KPU KALTIM",
        "office": "government",
        "website": "www.kpu-kaltimprov.go.id",
        "@geometry": "center"
      },
      "geometry": {
        "type": "Point",
        "coordinates": [
          117.1513533,
          -0.4964565
        ]
      },
      "id": "way/362678523"
    },
    {
      "type": "Feature",
      "properties": {
        "@id": "way/362678524",
        "addr:full": "Jl. Basuki Rahmat",
        "building": "yes",
        "building:levels": "2",
        "government": "administrative",
        "name": "Kementrian Agama Prov. Kaltim",
        "office": "government",
        "website": "kaltim.kemenag.go.id",
        "@geometry": "center"
      },
      "geometry": {
        "type": "Point",
        "coordinates": [
          117.1522561,
          -0.4957364
        ]
      },
      "id": "way/362678524"
    },
    {
      "type": "Feature",
      "properties": {
        "@id": "way/362678525",
        "addr:full": "Jl. Basuki Rahmat",
        "building": "yes",
        "building:levels": "1",
        "government": "administrative",
        "name": "Pengadaian",
        "office": "government",
        "website": "https://www.pegadaian.co.id",
        "@geometry": "center"
      },
      "geometry": {
        "type": "Point",
        "coordinates": [
          117.1530944,
          -0.4959775
        ]
      },
      "id": "way/362678525"
    },
    {
      "type": "Feature",
      "properties": {
        "@id": "way/362678526",
        "addr:full": "Jl. Basuki Rahmat",
        "building": "yes",
        "building:levels": "2",
        "government": "administrative",
        "name": "UPTD. Balai Kesehatan Mata Dan Olahraga Masyarakat",
        "office": "government",
        "website": "www.bkmom-kaltim.com",
        "@geometry": "center"
      },
      "geometry": {
        "type": "Point",
        "coordinates": [
          117.1535349,
          -0.4966733
        ]
      },
      "id": "way/362678526"
    },
    {
      "type": "Feature",
      "properties": {
        "@id": "way/362679016",
        "addr:full": "Jl. Cempaka",
        "building": "yes",
        "building:levels": "2",
        "government": "administrative",
        "name": "Kantor Satpol PP Kota Samarinda",
        "office": "government",
        "website": "satpolpp.samarindakota.go.id/",
        "@geometry": "center"
      },
      "geometry": {
        "type": "Point",
        "coordinates": [
          117.1454382,
          -0.4947114
        ]
      },
      "id": "way/362679016"
    },
    {
      "type": "Feature",
      "properties": {
        "@id": "way/362679017",
        "addr:full": "Jl. Cempaka",
        "building": "yes",
        "building:levels": "1",
        "government": "administrative",
        "name": "Kesbangpol Kota Samarinda",
        "office": "government",
        "website": "kesbangpol.samarindakota.go.id",
        "@geometry": "center"
      },
      "geometry": {
        "type": "Point",
        "coordinates": [
          117.1454741,
          -0.494456
        ]
      },
      "id": "way/362679017"
    },
    {
      "type": "Feature",
      "properties": {
        "@id": "way/362679840",
        "addr:full": "JL. Nahkoda, No. 1, Samarinda",
        "admin_level": "7",
        "building": "yes",
        "building:levels": "1",
        "government": "administrative",
        "name": "Kantor Kelurahan Karang Mumus",
        "office": "government",
        "short_name": "Kantor Lurah Karang Mumus",
        "@geometry": "center"
      },
      "geometry": {
        "type": "Point",
        "coordinates": [
          117.1550458,
          -0.5051814
        ]
      },
      "id": "way/362679840"
    },
    {
      "type": "Feature",
      "properties": {
        "@id": "way/362681161",
        "addr:full": "Jl. KH. Ahmad Dahlan",
        "building": "yes",
        "building:levels": "2",
        "government": "administrative",
        "name": "BPS Kota Samarinda",
        "office": "government",
        "website": "https://samarindakota.bps.go.id/",
        "@geometry": "center"
      },
      "geometry": {
        "type": "Point",
        "coordinates": [
          117.1547655,
          -0.4942393
        ]
      },
      "id": "way/362681161"
    },
    {
      "type": "Feature",
      "properties": {
        "@id": "way/362681162",
        "addr:full": "Jl Danau Tuwoti No. 1",
        "amenity": "school",
        "building": "yes",
        "building:levels": "1",
        "capacity:persons": "100",
        "name": "TK Ruhui Rahayu",
        "operator:type": "government",
        "school:type_idn": "TK/Paud",
        "@geometry": "center"
      },
      "geometry": {
        "type": "Point",
        "coordinates": [
          117.1544038,
          -0.4939688
        ]
      },
      "id": "way/362681162"
    },
    {
      "type": "Feature",
      "properties": {
        "@id": "way/362681163",
        "addr:full": "Jl. KH. Ahmad Dahlan",
        "building": "yes",
        "building:levels": "2",
        "government": "administrative",
        "name": "UPTD Balai Laboratorium Kesehatan Samarinda",
        "office": "government",
        "url": "ipam.webs.com/laboratoriumair.htm",
        "@geometry": "center"
      },
      "geometry": {
        "type": "Point",
        "coordinates": [
          117.1547511,
          -0.4937052
        ]
      },
      "id": "way/362681163"
    },
    {
      "type": "Feature",
      "properties": {
        "@id": "way/362681238",
        "addr:full": "Jl. Kusuma Bangsa",
        "building": "yes",
        "building:levels": "1",
        "government": "administrative",
        "name": "Samsat Drive THRU",
        "office": "government",
        "url": "dispenda-kaltimprov.org/?page_id=33",
        "@geometry": "center"
      },
      "geometry": {
        "type": "Point",
        "coordinates": [
          117.1497082,
          -0.4914574
        ]
      },
      "id": "way/362681238"
    },
    {
      "type": "Feature",
      "properties": {
        "@id": "way/362682656",
        "addr:full": "Jl. Dahlia",
        "building": "yes",
        "building:levels": "2",
        "government": "administrative",
        "name": "BAPPEDA Kota SAmarinda",
        "office": "government",
        "website": "https://bappeda.samarindakota.go.id",
        "@geometry": "center"
      },
      "geometry": {
        "type": "Point",
        "coordinates": [
          117.1468809,
          -0.4939858
        ]
      },
      "id": "way/362682656"
    },
    {
      "type": "Feature",
      "properties": {
        "@id": "way/362682657",
        "addr:full": "Jl. Dahlia",
        "building": "yes",
        "building:levels": "1",
        "government": "administrative",
        "name": "BPN Kota Samarinda",
        "office": "government",
        "url": "http://www.bpn.go.id/Tentang-Kami/Alamat-Kantor-Wilayah-Kantor-Pertanahan",
        "@geometry": "center"
      },
      "geometry": {
        "type": "Point",
        "coordinates": [
          117.1462965,
          -0.4935966
        ]
      },
      "id": "way/362682657"
    },
    {
      "type": "Feature",
      "properties": {
        "@id": "way/362682658",
        "addr:full": "Komplek Balai Kota, Jalan Kesuma Bangsa",
        "building": "yes",
        "building:levels": "2",
        "government": "administrative",
        "name": "Badan Pengelolaan Keuangan dan Aset Daerah Kota Samarinda",
        "office": "government",
        "website": "bpkad-samarinda.com",
        "@geometry": "center"
      },
      "geometry": {
        "type": "Point",
        "coordinates": [
          117.1458167,
          -0.4933475
        ]
      },
      "id": "way/362682658"
    },
    {
      "type": "Feature",
      "properties": {
        "@id": "way/362682659",
        "addr:full": "Jl. Dahlia",
        "building": "yes",
        "building:levels": "2",
        "government": "administrative",
        "name": "DISBUDPARKOM Kota Samarinda",
        "office": "government",
        "website": "http://disbudparkom.samarindakota.go.id",
        "@geometry": "center"
      },
      "geometry": {
        "type": "Point",
        "coordinates": [
          117.1477049,
          -0.4941001
        ]
      },
      "id": "way/362682659"
    },
    {
      "type": "Feature",
      "properties": {
        "@id": "way/362682660",
        "addr:full": "Jl. Dahlia",
        "building": "yes",
        "building:levels": "2",
        "government": "administrative",
        "name": "DISBUDPARKOM Kota Samarinda",
        "office": "government",
        "website": "http://disbudparkom.samarindakota.go.id",
        "@geometry": "center"
      },
      "geometry": {
        "type": "Point",
        "coordinates": [
          117.1475954,
          -0.4942436
        ]
      },
      "id": "way/362682660"
    },
    {
      "type": "Feature",
      "properties": {
        "@id": "way/362682661",
        "addr:full": "Jl. Dahlia",
        "building": "yes",
        "building:levels": "2",
        "government": "administrative",
        "name": "KONI Kota SAmarinda",
        "office": "government",
        "website": "https://koni.or.id/",
        "@geometry": "center"
      },
      "geometry": {
        "type": "Point",
        "coordinates": [
          117.1466243,
          -0.4938206
        ]
      },
      "id": "way/362682661"
    },
    {
      "type": "Feature",
      "properties": {
        "@id": "way/362682663",
        "addr:full": "Jl. Dahlia",
        "building": "yes",
        "building:levels": "2",
        "government": "administrative",
        "name": "Telkom",
        "office": "government",
        "website": "https://www.telkom.co.id/",
        "@geometry": "center"
      },
      "geometry": {
        "type": "Point",
        "coordinates": [
          117.148322,
          -0.4944633
        ]
      },
      "id": "way/362682663"
    },
    {
      "type": "Feature",
      "properties": {
        "@id": "way/362683297",
        "addr:full": "Jl. KH Abul Hasan",
        "amenity": "college",
        "building": "yes",
        "building:levels": "3",
        "capacity:persons": "1000",
        "name": "STIE Samarinda",
        "operator:type": "private",
        "url": "http://www.carikampus.com/?action=univ.detail&id=1041",
        "@geometry": "center"
      },
      "geometry": {
        "type": "Point",
        "coordinates": [
          117.1487617,
          -0.4961514
        ]
      },
      "id": "way/362683297"
    },
    {
      "type": "Feature",
      "properties": {
        "@id": "way/362683784",
        "addr:full": "Jl. Awang Long",
        "amenity": "school",
        "building": "yes",
        "building:levels": "1",
        "capacity:persons": "200",
        "name": "TK Kartika",
        "operator:type": "private",
        "school:type_idn": "TK/Paud",
        "@geometry": "center"
      },
      "geometry": {
        "type": "Point",
        "coordinates": [
          117.1436806,
          -0.4981403
        ]
      },
      "id": "way/362683784"
    },
    {
      "type": "Feature",
      "properties": {
        "@id": "way/362689544",
        "addr:full": "Jl. KH. Abdullah Marisi RT 9 kelurahan Pasar Pagi",
        "amenity": "clinic",
        "building": "yes",
        "building:levels": "1",
        "capacity:persons": "100",
        "name": "Klinik Semoga Sehat",
        "rooms": "6",
        "@geometry": "center"
      },
      "geometry": {
        "type": "Point",
        "coordinates": [
          117.1480494,
          -0.5036652
        ]
      },
      "id": "way/362689544"
    },
    {
      "type": "Feature",
      "properties": {
        "@id": "way/362728179",
        "addr:full": "Jl. Pahlawan 2A",
        "amenity": "school",
        "building": "yes",
        "building:levels": "2",
        "capacity:persons": "400",
        "name": "SMK Teknologi Informasi Airlangga",
        "operator:type": "private",
        "school:type_idn": "SMK",
        "url": "http://www.smkti.net",
        "@geometry": "center"
      },
      "geometry": {
        "type": "Point",
        "coordinates": [
          117.1484361,
          -0.4852048
        ]
      },
      "id": "way/362728179"
    },
    {
      "type": "Feature",
      "properties": {
        "@id": "way/362763447",
        "addr:full": "Jl. Ir. H. Juanda",
        "amenity": "school",
        "capacity:persons": "1000",
        "name": "SMP Negeri 4 Samarinda",
        "operator:type": "government",
        "school:type_idn": "SMP/MTs",
        "url": "http://referensi.data.kemdikbud.go.id/index11_smp.php?kode=166005&level=3",
        "@geometry": "center"
      },
      "geometry": {
        "type": "Point",
        "coordinates": [
          117.1292711,
          -0.4843491
        ]
      },
      "id": "way/362763447"
    },
    {
      "type": "Feature",
      "properties": {
        "@id": "way/362763547",
        "addr:full": "Jl. Ir. H. Juanda",
        "amenity": "school",
        "building": "yes",
        "building:levels": "3",
        "capacity:persons": "1000",
        "name": "SMP Negeri 5 Samarinda",
        "operator:type": "government",
        "school:type_idn": "SMP/MTs",
        "url": "http://referensi.data.kemdikbud.go.id/index11_smp.php?kode=166005&level=3",
        "@geometry": "center"
      },
      "geometry": {
        "type": "Point",
        "coordinates": [
          117.1296186,
          -0.4851499
        ]
      },
      "id": "way/362763547"
    },
    {
      "type": "Feature",
      "properties": {
        "@id": "way/362763753",
        "addr:full": "Jl. Ir. H. Juanda",
        "amenity": "school",
        "building": "yes",
        "building:levels": "1",
        "capacity:persons": "1000",
        "name": "SMA Negeri 5 Samarinda",
        "operator:type": "government",
        "school:type_idn": "SMA/MA",
        "url": "http://sman5samarinda.sch.id/",
        "@geometry": "center"
      },
      "geometry": {
        "type": "Point",
        "coordinates": [
          117.1286808,
          -0.4845459
        ]
      },
      "id": "way/362763753"
    },
    {
      "type": "Feature",
      "properties": {
        "@id": "way/362763777",
        "addr:full": "Jl. Ir. H. Juanda",
        "amenity": "school",
        "building": "yes",
        "building:levels": "2",
        "capacity:persons": "1000",
        "layer": "2",
        "name": "SMA Negeri 3 Samarinda",
        "operator:type": "government",
        "school:type_idn": "SMA/MA",
        "url": "http://www.uptdsma3smd.sch.id/",
        "@geometry": "center"
      },
      "geometry": {
        "type": "Point",
        "coordinates": [
          117.1291458,
          -0.4856026
        ]
      },
      "id": "way/362763777"
    },
    {
      "type": "Feature",
      "properties": {
        "@id": "way/362765263",
        "addr:full": "Jl. P. Antasari",
        "amenity": "school",
        "building": "yes",
        "building:levels": "3",
        "capacity:persons": "700",
        "layer": "1",
        "name": "MI Sullamul Hidayah Samarinda",
        "operator:type": "private",
        "school:type_idn": "SD/MI",
        "url": "http://referensi.data.kemdikbud.go.id/index11.php?kode=166005&level=3",
        "@geometry": "center"
      },
      "geometry": {
        "type": "Point",
        "coordinates": [
          117.1273479,
          -0.4850653
        ]
      },
      "id": "way/362765263"
    },
    {
      "type": "Feature",
      "properties": {
        "@id": "way/362866807",
        "addr:full": "Jl. Milono",
        "admin_level": "5",
        "building": "yes",
        "building:levels": "2",
        "government": "administrative",
        "name": "Disdukcapil Kota Samarinda",
        "office": "government",
        "website": "https://disdukcapil.samarindakota.go.id/",
        "@geometry": "center"
      },
      "geometry": {
        "type": "Point",
        "coordinates": [
          117.142946,
          -0.4965626
        ]
      },
      "id": "way/362866807"
    },
    {
      "type": "Feature",
      "properties": {
        "@id": "way/362866809",
        "addr:full": "Jl. Balaikota Samarinda",
        "building": "yes",
        "building:levels": "2",
        "government": "administrative",
        "name": "Dinas Cipta Karya dan Tata Kota Samarinda",
        "office": "government",
        "website": "ciptakota.samarindakota.go.id",
        "@geometry": "center"
      },
      "geometry": {
        "type": "Point",
        "coordinates": [
          117.1457743,
          -0.4926836
        ]
      },
      "id": "way/362866809"
    },
    {
      "type": "Feature",
      "properties": {
        "@id": "way/362866812",
        "addr:full": "Jl. Bhayangkara",
        "amenity": "police",
        "building": "yes",
        "building:levels": "1",
        "capacity:persons": "500",
        "name": "Polsek Samarinda Kota",
        "@geometry": "center"
      },
      "geometry": {
        "type": "Point",
        "coordinates": [
          117.1439478,
          -0.4952175
        ]
      },
      "id": "way/362866812"
    },
    {
      "type": "Feature",
      "properties": {
        "@id": "way/362866813",
        "addr:full": "Jl. Dahlia",
        "amenity": "school",
        "building": "yes",
        "building:levels": "1",
        "capacity:persons": "200",
        "name": "TK Seruni",
        "operator:type": "private",
        "school:type_idn": "TK/Paud",
        "@geometry": "center"
      },
      "geometry": {
        "type": "Point",
        "coordinates": [
          117.1463504,
          -0.4941935
        ]
      },
      "id": "way/362866813"
    },
    {
      "type": "Feature",
      "properties": {
        "@id": "way/362867834",
        "addr:full": "Jl. Sei Kalian No.93",
        "amenity": "university",
        "building": "yes",
        "building:levels": "2",
        "capacity:persons": "1000",
        "name": "PIN UNMUL",
        "operator:type": "government",
        "website": "http://pin.or.id",
        "@geometry": "center"
      },
      "geometry": {
        "type": "Point",
        "coordinates": [
          117.1517773,
          -0.4983419
        ]
      },
      "id": "way/362867834"
    },
    {
      "type": "Feature",
      "properties": {
        "@id": "way/362882103",
        "addr:full": "Jl. Biawan",
        "amenity": "cafe",
        "building": "yes",
        "building:levels": "1",
        "capacity:persons": "40",
        "name": "Sop Buah Biawan",
        "@geometry": "center"
      },
      "geometry": {
        "type": "Point",
        "coordinates": [
          117.1602771,
          -0.4969247
        ]
      },
      "id": "way/362882103"
    },
    {
      "type": "Feature",
      "properties": {
        "@id": "way/362890411",
        "addr:full": "Jl.Jelawat",
        "air_conditioning": "yes",
        "brand": "Indomaret",
        "brand:wikidata": "Q4262825",
        "brand:wikipedia": "id:Indomaret",
        "building": "yes",
        "building:levels": "1",
        "capacity:persons": "100",
        "name": "Indomaret",
        "name:en": "Indomaret",
        "name:id": "Indomaret",
        "name:ja": "インドマレット",
        "operator": "PT. Indomarco Prismatama",
        "shop": "convenience",
        "toilets": "yes",
        "toilets:access": "permissive",
        "website": "https://www.klikindomaret.com",
        "@geometry": "center"
      },
      "geometry": {
        "type": "Point",
        "coordinates": [
          117.160118,
          -0.4995779
        ]
      },
      "id": "way/362890411"
    },
    {
      "type": "Feature",
      "properties": {
        "@id": "way/362932133",
        "addr:full": "Jl. Rapak Indah",
        "admin_level": "4",
        "building": "yes",
        "building:levels": "2",
        "name": "Badan Narkotika Nasional (BNN) Provinsi Kalimantan Timur",
        "office": "government",
        "url": "http://www.bnn.go.id/portal/index.php/konten/detail/bnn-pusat/profil/8009/alamat-kontak",
        "@geometry": "center"
      },
      "geometry": {
        "type": "Point",
        "coordinates": [
          117.1018035,
          -0.5029872
        ]
      },
      "id": "way/362932133"
    },
    {
      "type": "Feature",
      "properties": {
        "@id": "way/362939347",
        "addr:full": "Jl. Rapak Indah",
        "amenity": "doctors",
        "building": "yes",
        "building:levels": "1",
        "capacity:persons": "10",
        "name": "Bidan Praktek Nur Azizah, Amd Keb, S.ST",
        "@geometry": "center"
      },
      "geometry": {
        "type": "Point",
        "coordinates": [
          117.1044184,
          -0.5021136
        ]
      },
      "id": "way/362939347"
    },
    {
      "type": "Feature",
      "properties": {
        "@id": "way/362953348",
        "addr:full": "Jl. Teuku Umar",
        "amenity": "cafe",
        "building": "yes",
        "building:levels": "1",
        "capacity:persons": "25",
        "name": "Es Teler 007",
        "@geometry": "center"
      },
      "geometry": {
        "type": "Point",
        "coordinates": [
          117.1114027,
          -0.5019114
        ]
      },
      "id": "way/362953348"
    },
    {
      "type": "Feature",
      "properties": {
        "@id": "way/362961483",
        "addr:full": "Jl. M. Said",
        "amenity": "bank",
        "building": "yes",
        "building:levels": "1",
        "capacity:persons": "50",
        "name": "Bank BRI Cabang M Said",
        "@geometry": "center"
      },
      "geometry": {
        "type": "Point",
        "coordinates": [
          117.1123319,
          -0.4994675
        ]
      },
      "id": "way/362961483"
    },
    {
      "type": "Feature",
      "properties": {
        "@id": "way/362963355",
        "addr:full": "Jl. M. Said",
        "amenity": "cafe",
        "building": "yes",
        "building:levels": "1",
        "capacity:persons": "10",
        "name": "Depot Jamu Sido Joyo",
        "@geometry": "center"
      },
      "geometry": {
        "type": "Point",
        "coordinates": [
          117.1125044,
          -0.4990298
        ]
      },
      "id": "way/362963355"
    },
    {
      "type": "Feature",
      "properties": {
        "@id": "way/363088082",
        "addr:full": "Jl. Niaga Utara",
        "amenity": "pharmacy",
        "building": "yes",
        "building:levels": "3",
        "capacity:persons": "100",
        "name": "Apotik Mustang",
        "@geometry": "center"
      },
      "geometry": {
        "type": "Point",
        "coordinates": [
          117.1500755,
          -0.5025588
        ]
      },
      "id": "way/363088082"
    },
    {
      "type": "Feature",
      "properties": {
        "@id": "way/363088083",
        "addr:full": "Jl. Niaga Timur",
        "amenity": "bank",
        "building": "yes",
        "building:levels": "3",
        "capacity:persons": "100",
        "name": "BRI Unit Citra Niaga",
        "@geometry": "center"
      },
      "geometry": {
        "type": "Point",
        "coordinates": [
          117.1511809,
          -0.5034361
        ]
      },
      "id": "way/363088083"
    },
    {
      "type": "Feature",
      "properties": {
        "@id": "way/363088084",
        "addr:full": "Jl. Ir. H. Juanda",
        "admin_level": "5",
        "building": "yes",
        "building:levels": "2",
        "name": "Dinas Peternakan Kota Samarinda",
        "office": "government",
        "@geometry": "center"
      },
      "geometry": {
        "type": "Point",
        "coordinates": [
          117.1309104,
          -0.4831347
        ]
      },
      "id": "way/363088084"
    },
    {
      "type": "Feature",
      "properties": {
        "@id": "way/363110220",
        "addr:full": "Jl. Otto Iskandardinata",
        "amenity": "school",
        "building": "yes",
        "building:levels": "1",
        "capacity:persons": "300",
        "name": "SD Islam Tarbiyatul Athfal",
        "operator:type": "private",
        "school:type_idn": "SD/MI",
        "website": "https://referensi.data.kemdikbud.go.id/index11.php?kode=166002&level=3",
        "@geometry": "center"
      },
      "geometry": {
        "type": "Point",
        "coordinates": [
          117.160491,
          -0.5035734
        ]
      },
      "id": "way/363110220"
    },
    {
      "type": "Feature",
      "properties": {
        "@id": "way/363141375",
        "addr:full": "Jl. Otto Iskandardinata",
        "amenity": "clinic",
        "building": "yes",
        "building:levels": "2",
        "capacity:persons": "130",
        "name": "Klinik Ahli Gigi Cahaya",
        "rooms": "2",
        "@geometry": "center"
      },
      "geometry": {
        "type": "Point",
        "coordinates": [
          117.1620219,
          -0.504472
        ]
      },
      "id": "way/363141375"
    },
    {
      "type": "Feature",
      "properties": {
        "@id": "way/363144792",
        "addr:full": "Jl. Otto Iskandardinata",
        "amenity": "pharmacy",
        "building": "yes",
        "building:levels": "1",
        "capacity:persons": "75",
        "name": "Apotek Hidup Sehat",
        "@geometry": "center"
      },
      "geometry": {
        "type": "Point",
        "coordinates": [
          117.1630885,
          -0.5048425
        ]
      },
      "id": "way/363144792"
    },
    {
      "type": "Feature",
      "properties": {
        "@id": "way/363155126",
        "addr:full": "Jl. MT. Haryono",
        "amenity": "cafe",
        "building": "yes",
        "building:levels": "1",
        "capacity:persons": "15",
        "name": "Dawet Hitam",
        "@geometry": "center"
      },
      "geometry": {
        "type": "Point",
        "coordinates": [
          117.1133621,
          -0.4970177
        ]
      },
      "id": "way/363155126"
    },
    {
      "type": "Feature",
      "properties": {
        "@id": "way/363155130",
        "addr:full": "Jl. MT. Haryono",
        "amenity": "cafe",
        "building": "yes",
        "building:levels": "1",
        "capacity:persons": "15",
        "name": "Kedai Kopi Berastagi",
        "@geometry": "center"
      },
      "geometry": {
        "type": "Point",
        "coordinates": [
          117.1142016,
          -0.4965011
        ]
      },
      "id": "way/363155130"
    },
    {
      "type": "Feature",
      "properties": {
        "@id": "way/363155141",
        "addr:full": "Jl. MT. Haryono",
        "admin_level": "4",
        "building": "yes",
        "building:levels": "2",
        "name": "Badan Penanggulangan Bencana Daerah (BPBD) Provinsi Kalimantan Timur",
        "office": "government",
        "url": "http://dishut.kaltimprov.go.id/web/berita/detail/62/superadmin/rapat-monitoring-dan-evaluasi-penyerapan-anggaran-bulan-april-2015",
        "@geometry": "center"
      },
      "geometry": {
        "type": "Point",
        "coordinates": [
          117.1185645,
          -0.4915928
        ]
      },
      "id": "way/363155141"
    },
    {
      "type": "Feature",
      "properties": {
        "@id": "way/363155578",
        "addr:full": "Jl. MT. Haryono",
        "admin_level": "4",
        "building": "yes",
        "building:levels": "2",
        "name": "Dinas Perkebunan Provinsi Kalimantan Timur",
        "office": "government",
        "url": "http://disbun.kaltimprov.go.id/statis-20-pejabat-disbun.html",
        "@geometry": "center"
      },
      "geometry": {
        "type": "Point",
        "coordinates": [
          117.1198993,
          -0.4896199
        ]
      },
      "id": "way/363155578"
    },
    {
      "type": "Feature",
      "properties": {
        "@id": "way/363158371",
        "addr:full": "Jl. MT. Haryono",
        "admin_level": "4",
        "building": "yes",
        "building:levels": "2",
        "name": "BKKBN Provinsi Kalimantan Timur",
        "office": "government",
        "url": "http://www.kaltimpost.co.id/berita/detail/65392/bkkbn-gelar-lomba-penulisan-kreatif-pidato-dan-blog.html",
        "@geometry": "center"
      },
      "geometry": {
        "type": "Point",
        "coordinates": [
          117.1205502,
          -0.4887526
        ]
      },
      "id": "way/363158371"
    },
    {
      "type": "Feature",
      "properties": {
        "@id": "way/363158375",
        "addr:full": "Jl. MT. Haryono",
        "admin_level": "5",
        "building": "yes",
        "building:levels": "2",
        "name": "Dinas Perhubungan Daerah Kota Samarinda",
        "office": "government",
        "url": "http://www.samarindatepian.com/2013/07/daftar-alamat-dan-nomor-telepon-dinas.html",
        "@geometry": "center"
      },
      "geometry": {
        "type": "Point",
        "coordinates": [
          117.1208769,
          -0.4876253
        ]
      },
      "id": "way/363158375"
    },
    {
      "type": "Feature",
      "properties": {
        "@id": "way/363187822",
        "addr:full": "Jl. Abdul Hasan",
        "amenity": "pharmacy",
        "building": "yes",
        "building:levels": "1",
        "capacity:persons": "75",
        "name": "Apotek Suka Pura",
        "@geometry": "center"
      },
      "geometry": {
        "type": "Point",
        "coordinates": [
          117.1482777,
          -0.4980883
        ]
      },
      "id": "way/363187822"
    },
    {
      "type": "Feature",
      "properties": {
        "@id": "way/363248232",
        "addr:full": "Jl. K.H. Abdul Hasan",
        "amenity": "pharmacy",
        "building": "yes",
        "building:levels": "2",
        "capacity:persons": "150",
        "name": "Apotek Murni",
        "@geometry": "center"
      },
      "geometry": {
        "type": "Point",
        "coordinates": [
          117.1495142,
          -0.4965567
        ]
      },
      "id": "way/363248232"
    },
    {
      "type": "Feature",
      "properties": {
        "@id": "way/363248269",
        "addr:full": "Jl. Pangeran Diponegoro",
        "amenity": "pharmacy",
        "building": "yes",
        "building:levels": "2",
        "capacity:persons": "150",
        "name": "Apotek Kimia Farma",
        "@geometry": "center"
      },
      "geometry": {
        "type": "Point",
        "coordinates": [
          117.1518144,
          -0.5006796
        ]
      },
      "id": "way/363248269"
    },
    {
      "type": "Feature",
      "properties": {
        "@id": "way/363258587",
        "addr:full": "Jl. Lubuk Sawa Rt.15 No.28 B",
        "amenity": "school",
        "building": "yes",
        "building:levels": "1",
        "capacity:persons": "50",
        "name": "SD Islam Terpadu Al Kahfi",
        "operator:type": "private",
        "school:type_idn": "SD/MI",
        "url": "http://referensi.data.kemdikbud.go.id/tabs.php?npsn=69753984",
        "@geometry": "center"
      },
      "geometry": {
        "type": "Point",
        "coordinates": [
          117.2022003,
          -0.475404
        ]
      },
      "id": "way/363258587"
    },
    {
      "type": "Feature",
      "properties": {
        "@id": "way/363258588",
        "addr:full": "Jl. KS Tubun Dalam",
        "amenity": "school",
        "building": "yes",
        "building:levels": "1",
        "capacity:persons": "400",
        "name": "SD Negeri 009 Samarinda Ulu",
        "old_name": "SDN 012 Samarinda Ulu",
        "operator:type": "government",
        "school:type_idn": "SD/MI",
        "short_name": "SDN 009 Samarinda Ulu",
        "url": "http://referensi.data.kemdikbud.go.id/tabs.php?npsn=30401358",
        "@geometry": "center"
      },
      "geometry": {
        "type": "Point",
        "coordinates": [
          117.1414266,
          -0.4872294
        ]
      },
      "id": "way/363258588"
    },
    {
      "type": "Feature",
      "properties": {
        "@id": "way/363258589",
        "addr:full": "Jl. KS Tubun Dalam",
        "amenity": "school",
        "building": "yes",
        "building:levels": "1",
        "capacity:persons": "400",
        "name": "SD Negeri 009 Samarinda Ulu",
        "old_name": "SDN 012 Samarinda Ulu",
        "operator:type": "government",
        "school:type_idn": "SD/MI",
        "short_name": "SDN 009 Samarinda Ulu",
        "url": "http://referensi.data.kemdikbud.go.id/tabs.php?npsn=30401358",
        "@geometry": "center"
      },
      "geometry": {
        "type": "Point",
        "coordinates": [
          117.1414243,
          -0.4870276
        ]
      },
      "id": "way/363258589"
    },
    {
      "type": "Feature",
      "properties": {
        "@id": "way/363258590",
        "addr:full": "Jl. KS Tubun Dalam",
        "amenity": "school",
        "building": "yes",
        "building:levels": "1",
        "capacity:persons": "400",
        "name": "SD Negeri 009 Samarinda Ulu",
        "old_name": "SDN 012 Samarinda Ulu",
        "operator:type": "government",
        "school:type_idn": "SD/MI",
        "short_name": "SDN 009 Samarinda Ulu",
        "url": "http://referensi.data.kemdikbud.go.id/tabs.php?npsn=30401358",
        "@geometry": "center"
      },
      "geometry": {
        "type": "Point",
        "coordinates": [
          117.1411783,
          -0.4869456
        ]
      },
      "id": "way/363258590"
    },
    {
      "type": "Feature",
      "properties": {
        "@id": "way/363258591",
        "addr:full": "Jl. KS Tubun Dalam",
        "amenity": "school",
        "building": "yes",
        "building:levels": "1",
        "capacity:persons": "500",
        "name": "SD Negeri 011 Samarinda Ulu",
        "old_name": "SDN 016 Samarinda Ulu",
        "operator:type": "government",
        "school:type_idn": "SD/MI",
        "short_name": "SDN 011 Samarinda Ulu",
        "@geometry": "center"
      },
      "geometry": {
        "type": "Point",
        "coordinates": [
          117.1410756,
          -0.4872323
        ]
      },
      "id": "way/363258591"
    },
    {
      "type": "Feature",
      "properties": {
        "@id": "way/363258592",
        "addr:full": "Jl. Anggur",
        "amenity": "school",
        "building": "yes",
        "building:levels": "1",
        "capacity:persons": "500",
        "name": "SD Negeri 015 Samarinda Ulu",
        "old_name": "SDN 020 Samarinda Ulu",
        "operator:type": "government",
        "school:type_idn": "SD/MI",
        "short_name": "SDN 015 Samarinda Ulu",
        "url": "http://referensi.data.kemdikbud.go.id/tabs.php?npsn=30401329",
        "@geometry": "center"
      },
      "geometry": {
        "type": "Point",
        "coordinates": [
          117.1388103,
          -0.4785627
        ]
      },
      "id": "way/363258592"
    },
    {
      "type": "Feature",
      "properties": {
        "@id": "way/363258594",
        "addr:full": "Jl. Delima Dalam RT. 53",
        "amenity": "school",
        "building": "yes",
        "building:levels": "1",
        "capacity:persons": "600",
        "name": "SMK Muhammadiyah 3 Samarinda",
        "operator:type": "private",
        "school:type_idn": "SMK",
        "url": "http://referensi.data.kemdikbud.go.id/tabs.php?npsn=30401088",
        "@geometry": "center"
      },
      "geometry": {
        "type": "Point",
        "coordinates": [
          117.1402373,
          -0.4794782
        ]
      },
      "id": "way/363258594"
    },
    {
      "type": "Feature",
      "properties": {
        "@id": "way/363258595",
        "addr:full": "Jl. Delima Dalam RT. 53",
        "amenity": "school",
        "building": "yes",
        "building:levels": "1",
        "capacity:persons": "600",
        "name": "SMK Muhammadiyah 3 Samarinda",
        "operator:type": "private",
        "school:type_idn": "SMK",
        "url": "http://referensi.data.kemdikbud.go.id/tabs.php?npsn=30401088",
        "@geometry": "center"
      },
      "geometry": {
        "type": "Point",
        "coordinates": [
          117.1405097,
          -0.4793504
        ]
      },
      "id": "way/363258595"
    },
    {
      "type": "Feature",
      "properties": {
        "@id": "way/363269630",
        "addr:full": "Jl. Sentosa Dalam I Rt.52",
        "amenity": "school",
        "building": "yes",
        "building:levels": "1",
        "capacity:persons": "400",
        "name": "SD Negeri 020 Samarinda Utara",
        "operator:type": "government",
        "school:type_idn": "SD/MI",
        "url": "http://referensi.data.kemdikbud.go.id/tabs.php?npsn=30401091",
        "@geometry": "center"
      },
      "geometry": {
        "type": "Point",
        "coordinates": [
          117.1697347,
          -0.4784294
        ]
      },
      "id": "way/363269630"
    },
    {
      "type": "Feature",
      "properties": {
        "@id": "way/363278864",
        "addr:full": "Jl. Banggeris",
        "admin_level": "4",
        "building": "yes",
        "building:levels": "1",
        "name": "PPA Dinas Kehutanan Provinsi Kalimantan Timur",
        "office": "government",
        "url": "http://www.worldeventer.com/event/halal-bi-halal,862385460522982",
        "@geometry": "center"
      },
      "geometry": {
        "type": "Point",
        "coordinates": [
          117.1207094,
          -0.4909217
        ]
      },
      "id": "way/363278864"
    },
    {
      "type": "Feature",
      "properties": {
        "@id": "way/363278869",
        "addr:full": "Jl. Banggeris",
        "brand": "Alfamidi",
        "brand:wikidata": "Q12471462",
        "brand:wikipedia": "id:Alfamidi",
        "building": "yes",
        "building:levels": "2",
        "capacity:persons": "50",
        "name": "Alfamidi BANGGERIS",
        "shop": "convenience",
        "@geometry": "center"
      },
      "geometry": {
        "type": "Point",
        "coordinates": [
          117.1225322,
          -0.4917439
        ]
      },
      "id": "way/363278869"
    },
    {
      "type": "Feature",
      "properties": {
        "@id": "way/363282310",
        "addr:full": "Jl. Banggeris",
        "amenity": "cafe",
        "building": "yes",
        "building:levels": "1",
        "capacity:persons": "5",
        "name": "Ratu Coffe",
        "@geometry": "center"
      },
      "geometry": {
        "type": "Point",
        "coordinates": [
          117.1227462,
          -0.4927092
        ]
      },
      "id": "way/363282310"
    },
    {
      "type": "Feature",
      "properties": {
        "@id": "way/363299942",
        "addr:full": "Jl. Cendana",
        "building": "yes",
        "building:levels": "2",
        "capacity:persons": "70",
        "name": "Alfamidi Cabang Cendana",
        "shop": "supermarket",
        "@geometry": "center"
      },
      "geometry": {
        "type": "Point",
        "coordinates": [
          117.125176,
          -0.4973732
        ]
      },
      "id": "way/363299942"
    },
    {
      "type": "Feature",
      "properties": {
        "@id": "way/363299955",
        "addr:full": "Jl. Cendana",
        "amenity": "doctors",
        "building": "yes",
        "building:levels": "1",
        "capacity:persons": "15",
        "healthcare": "doctor",
        "name": "dr. Madurasmi, Sp.PA",
        "rooms": "3",
        "@geometry": "center"
      },
      "geometry": {
        "type": "Point",
        "coordinates": [
          117.1250899,
          -0.4973365
        ]
      },
      "id": "way/363299955"
    },
    {
      "type": "Feature",
      "properties": {
        "@id": "way/363313624",
        "addr:full": "Jl. Cendana",
        "amenity": "pharmacy",
        "building": "yes",
        "building:levels": "3",
        "capacity:persons": "75",
        "healthcare": "pharmacy",
        "name": "Toko Obat Cendana",
        "@geometry": "center"
      },
      "geometry": {
        "type": "Point",
        "coordinates": [
          117.1254856,
          -0.4975693
        ]
      },
      "id": "way/363313624"
    },
    {
      "type": "Feature",
      "properties": {
        "@id": "way/363320605",
        "addr:full": "Jl. Ir. H. Juanda",
        "amenity": "college",
        "building": "yes",
        "building:levels": "2",
        "capacity:persons": "200",
        "name": "Kampus Magistra Institute",
        "operator:type": "private",
        "url": "http://m3c-fx.com/",
        "@geometry": "center"
      },
      "geometry": {
        "type": "Point",
        "coordinates": [
          117.1283796,
          -0.4835139
        ]
      },
      "id": "way/363320605"
    },
    {
      "type": "Feature",
      "properties": {
        "@id": "way/363323125",
        "addr:full": "Jl. Ir. H. Juanda",
        "amenity": "cafe",
        "building": "yes",
        "building:levels": "1",
        "capacity:persons": "100",
        "name": "Zuppa Cafe",
        "@geometry": "center"
      },
      "geometry": {
        "type": "Point",
        "coordinates": [
          117.1335642,
          -0.4810762
        ]
      },
      "id": "way/363323125"
    },
    {
      "type": "Feature",
      "properties": {
        "@id": "way/363323582",
        "addr:full": "Jl. Ir. H. Juanda",
        "amenity": "cafe",
        "building": "yes",
        "building:levels": "1",
        "capacity:persons": "200",
        "name": "Juffe Cafe",
        "@geometry": "center"
      },
      "geometry": {
        "type": "Point",
        "coordinates": [
          117.1356299,
          -0.4805409
        ]
      },
      "id": "way/363323582"
    },
    {
      "type": "Feature",
      "properties": {
        "@id": "way/363325608",
        "addr:full": "Jl. S. Parman",
        "amenity": "pharmacy",
        "building": "yes",
        "building:levels": "3",
        "capacity:persons": "100",
        "name": "CV. Sumber Rejeki Alat Kesehatan",
        "@geometry": "center"
      },
      "geometry": {
        "type": "Point",
        "coordinates": [
          117.1466669,
          -0.4761192
        ]
      },
      "id": "way/363325608"
    },
    {
      "type": "Feature",
      "properties": {
        "@id": "way/363325612",
        "addr:full": "Jl. S. Parman",
        "amenity": "bank",
        "building": "yes",
        "building:levels": "3",
        "capacity:persons": "50",
        "name": "Bank Muamalat Cabang Simpang Lembus",
        "@geometry": "center"
      },
      "geometry": {
        "type": "Point",
        "coordinates": [
          117.1465447,
          -0.4759547
        ]
      },
      "id": "way/363325612"
    },
    {
      "type": "Feature",
      "properties": {
        "@id": "way/363326685",
        "addr:full": "Jl. Dr. Soetomo",
        "amenity": "pharmacy",
        "building": "yes",
        "building:levels": "1",
        "capacity:persons": "50",
        "name": "Apotek Kimia Farma Cab. Dr. Soetomo",
        "@geometry": "center"
      },
      "geometry": {
        "type": "Point",
        "coordinates": [
          117.1467624,
          -0.4776389
        ]
      },
      "id": "way/363326685"
    },
    {
      "type": "Feature",
      "properties": {
        "@id": "way/363326686",
        "addr:full": "Jl. Dr. Soetomo",
        "amenity": "pharmacy",
        "building": "yes",
        "building:levels": "1",
        "capacity:persons": "35",
        "name": "Apotek Satya Prima",
        "@geometry": "center"
      },
      "geometry": {
        "type": "Point",
        "coordinates": [
          117.1467274,
          -0.4777753
        ]
      },
      "id": "way/363326686"
    },
    {
      "type": "Feature",
      "properties": {
        "@id": "way/363329646",
        "Commercial": "Toko Kelontong",
        "addr:full": "Jl. Otto Iskandardinata",
        "building": "yes",
        "building:levels": "2",
        "capacity:persons": "400",
        "layer": "1",
        "name": "Eramart Cabang Otista",
        "shop": "convenience",
        "@geometry": "center"
      },
      "geometry": {
        "type": "Point",
        "coordinates": [
          117.1635385,
          -0.5051558
        ]
      },
      "id": "way/363329646"
    },
    {
      "type": "Feature",
      "properties": {
        "@id": "way/363329649",
        "addr:full": "Jl. Otto Iskandardinata",
        "amenity": "bank",
        "building": "yes",
        "building:levels": "1",
        "capacity:persons": "100",
        "name": "Teras BRI",
        "@geometry": "center"
      },
      "geometry": {
        "type": "Point",
        "coordinates": [
          117.1625145,
          -0.504963
        ]
      },
      "id": "way/363329649"
    },
    {
      "type": "Feature",
      "properties": {
        "@id": "way/363331677",
        "addr:full": "Jl. KH Agus Salim",
        "amenity": "clinic",
        "building": "yes",
        "building:levels": "2",
        "capacity:persons": "75",
        "name": "Laboratorium Nur Asih",
        "rooms": "5",
        "@geometry": "center"
      },
      "geometry": {
        "type": "Point",
        "coordinates": [
          117.1511524,
          -0.4938816
        ]
      },
      "id": "way/363331677"
    },
    {
      "type": "Feature",
      "properties": {
        "@id": "way/363333988",
        "addr:full": "Jl. Basuki Rahmat",
        "building": "yes",
        "building:levels": "1",
        "government": "administrative",
        "name": "Dinas Komunikasi dan Informatika (Diskominfo) Kaltim",
        "office": "government",
        "url": "http://diskominfo.kaltimprov.go.id/hubungi-kami.html",
        "@geometry": "center"
      },
      "geometry": {
        "type": "Point",
        "coordinates": [
          117.1518193,
          -0.4956629
        ]
      },
      "id": "way/363333988"
    },
    {
      "type": "Feature",
      "properties": {
        "@id": "way/363334258",
        "Commercial": "Toko Kelontong",
        "addr:full": "Jl. Imam Bonjol",
        "building": "yes",
        "building:levels": "4",
        "capacity:persons": "600",
        "name": "Swalayan 88",
        "shop": "convenience",
        "@geometry": "center"
      },
      "geometry": {
        "type": "Point",
        "coordinates": [
          117.1534784,
          -0.4973163
        ]
      },
      "id": "way/363334258"
    },
    {
      "type": "Feature",
      "properties": {
        "@id": "way/363334583",
        "Commercial": "Toko Kelontong",
        "addr:full": "Jl. Imam Bonjol",
        "building": "yes",
        "building:levels": "1",
        "capacity:persons": "40",
        "name": "Indomaret Cabang Imam Bonjol",
        "shop": "supermarket",
        "@geometry": "center"
      },
      "geometry": {
        "type": "Point",
        "coordinates": [
          117.15317,
          -0.4982283
        ]
      },
      "id": "way/363334583"
    },
    {
      "type": "Feature",
      "properties": {
        "@id": "way/363344004",
        "Commercial": "Toko Kelontong",
        "addr:full": "Jl. Imam Bonjol",
        "building:levels": "2",
        "building:part": "yes",
        "capacity:persons": "150",
        "name": "Indomaret Cabang Imam Bonjol",
        "shop": "convenience",
        "@geometry": "center"
      },
      "geometry": {
        "type": "Point",
        "coordinates": [
          117.1531872,
          -0.4981899
        ]
      },
      "id": "way/363344004"
    },
    {
      "type": "Feature",
      "properties": {
        "@id": "way/363347035",
        "addr:full": "Jl. Imam Bonjol",
        "amenity": "pharmacy",
        "building": "yes",
        "building:levels": "2",
        "capacity:persons": "150",
        "name": "Apotek Kimia Farma",
        "@geometry": "center"
      },
      "geometry": {
        "type": "Point",
        "coordinates": [
          117.153313,
          -0.499105
        ]
      },
      "id": "way/363347035"
    },
    {
      "type": "Feature",
      "properties": {
        "@id": "way/363348294",
        "addr:full": "Jl. Dewi Sartika",
        "amenity": "pharmacy",
        "building": "yes",
        "building:levels": "2",
        "capacity:persons": "175",
        "name": "Apotek Utama Farma",
        "@geometry": "center"
      },
      "geometry": {
        "type": "Point",
        "coordinates": [
          117.1559987,
          -0.4956525
        ]
      },
      "id": "way/363348294"
    },
    {
      "type": "Feature",
      "properties": {
        "@id": "way/363348296",
        "Commercial": "Toko Kelontong",
        "addr:full": "Jl. Arif Rahman Hakim",
        "building": "yes",
        "building:levels": "2",
        "capacity:persons": "150",
        "name": "Oli Mart",
        "shop": "convenience",
        "@geometry": "center"
      },
      "geometry": {
        "type": "Point",
        "coordinates": [
          117.1549802,
          -0.4964131
        ]
      },
      "id": "way/363348296"
    },
    {
      "type": "Feature",
      "properties": {
        "@id": "way/363348647",
        "Commercial": "Toko Kelontong",
        "addr:full": "Jl. K.H. Ahmad Dachlan",
        "brand": "Alfamart",
        "brand:wikidata": "Q23745600",
        "building": "yes",
        "building:levels": "1",
        "capacity:persons": "200",
        "name": "Alfamart",
        "operator": "PT Sumber Alfaria Trijaya,Tbk",
        "shop": "convenience",
        "toilets": "yes",
        "toilets:access": "permissive",
        "toilets:unisex": "yes",
        "website": "https://alfamart.co.id",
        "@geometry": "center"
      },
      "geometry": {
        "type": "Point",
        "coordinates": [
          117.1553621,
          -0.4938754
        ]
      },
      "id": "way/363348647"
    },
    {
      "type": "Feature",
      "properties": {
        "@id": "way/363348648",
        "Commercial": "Toko Kelontong",
        "addr:full": "Jl. K.H. Ahmad Dachlan",
        "building": "yes",
        "building:levels": "2",
        "capacity:persons": "200",
        "name": "Indomaret Cabang Ahmad Dachlan",
        "shop": "convenience",
        "@geometry": "center"
      },
      "geometry": {
        "type": "Point",
        "coordinates": [
          117.1555349,
          -0.4935271
        ]
      },
      "id": "way/363348648"
    },
    {
      "type": "Feature",
      "properties": {
        "@id": "way/363349586",
        "addr:full": "Jl. Lambung Mangkurat",
        "air_conditioning": "yes",
        "brand": "Indomaret",
        "brand:wikidata": "Q4262825",
        "brand:wikipedia": "id:Indomaret",
        "building": "yes",
        "building:levels": "1",
        "capacity:persons": "200",
        "name": "Indomaret",
        "name:en": "Indomaret",
        "name:id": "Indomaret",
        "name:ja": "インドマレット",
        "operator": "PT. Indomarco Prismatama",
        "shop": "convenience",
        "toilets": "yes",
        "toilets:access": "permissive",
        "website": "https://www.klikindomaret.com",
        "@geometry": "center"
      },
      "geometry": {
        "type": "Point",
        "coordinates": [
          117.1575313,
          -0.4904985
        ]
      },
      "id": "way/363349586"
    },
    {
      "type": "Feature",
      "properties": {
        "@id": "way/364142775",
        "building": "yes",
        "government": "administrative",
        "name": "Kantor Kelurahan Sempaja Timur",
        "office": "government",
        "short_name": "Kantor Lurah Sempaja Timur",
        "@geometry": "center"
      },
      "geometry": {
        "type": "Point",
        "coordinates": [
          117.1630317,
          -0.4275841
        ]
      },
      "id": "way/364142775"
    },
    {
      "type": "Feature",
      "properties": {
        "@id": "way/371580091",
        "building": "yes",
        "name": "Kantor Kelurahan Simpang Pasir",
        "office": "government",
        "short_name": "Kantor Lurah Simpang Pasir",
        "@geometry": "center"
      },
      "geometry": {
        "type": "Point",
        "coordinates": [
          117.1402876,
          -0.5744061
        ]
      },
      "id": "way/371580091"
    },
    {
      "type": "Feature",
      "properties": {
        "@id": "way/378846771",
        "addr:full": "Jl. Niaga I RT 08 Simpang Pasir Palaran",
        "amenity": "school",
        "building": "yes",
        "building:levels": "1",
        "capacity:persons": "360",
        "name": "SD Negeri 008 Palaran",
        "operator:type": "government",
        "school:type_idn": "SD",
        "short_name": "SDN 008 Palaran",
        "website": "https://referensi.data.kemdikbud.go.id/tabs.php?npsn=30401341",
        "@geometry": "center"
      },
      "geometry": {
        "type": "Point",
        "coordinates": [
          117.1412852,
          -0.5744132
        ]
      },
      "id": "way/378846771"
    },
    {
      "type": "Feature",
      "properties": {
        "@id": "way/378846772",
        "addr:full": "Jl. Niaga I Handil Bakti",
        "amenity": "school",
        "capacity:persons": "120",
        "name": "SD Negeri 018 Palaran",
        "operator:type": "government",
        "school:type_idn": "SD",
        "website": "https://referensi.data.kemdikbud.go.id/tabs.php?npsn=30401325",
        "@geometry": "center"
      },
      "geometry": {
        "type": "Point",
        "coordinates": [
          117.1526497,
          -0.5703699
        ]
      },
      "id": "way/378846772"
    },
    {
      "type": "Feature",
      "properties": {
        "@id": "way/407211006",
        "admin_level": "7",
        "building": "yes",
        "name": "Kantor Kelurahan Mugirejo",
        "office": "government",
        "short_name": "Kantor Lurah Mugirejo",
        "@geometry": "center"
      },
      "geometry": {
        "type": "Point",
        "coordinates": [
          117.2063025,
          -0.4799303
        ]
      },
      "id": "way/407211006"
    },
    {
      "type": "Feature",
      "properties": {
        "@id": "way/409910486",
        "addr:full": "Jl. Telkom Rt.04 Pangkalan",
        "amenity": "school",
        "building": "yes",
        "building:levels": "1",
        "capacity:persons": "400",
        "name": "SD Negeri 003 Sambutan",
        "old_name": "SDN 031 Samarinda Ilir",
        "operator:type": "government",
        "school:type_idn": "SD/MI",
        "url": "http://referensi.data.kemdikbud.go.id/tabs.php?npsn=30400929",
        "@geometry": "center"
      },
      "geometry": {
        "type": "Point",
        "coordinates": [
          117.190726,
          -0.5503929
        ]
      },
      "id": "way/409910486"
    },
    {
      "type": "Feature",
      "properties": {
        "@id": "way/411338049",
        "addr:full": "Jl. Al-Hasnie Bantuas",
        "amenity": "school",
        "name": "SMP Negeri 33 Samarinda",
        "operator:type": "government",
        "school:type_idn": "SMP/MTs",
        "short_name": "SMPN 33 Samarinda",
        "@geometry": "center"
      },
      "geometry": {
        "type": "Point",
        "coordinates": [
          117.1856316,
          -0.6516667
        ]
      },
      "id": "way/411338049"
    },
    {
      "type": "Feature",
      "properties": {
        "@id": "way/412314339",
        "addr:full": "Jl. HAMM Riffadin",
        "alt_name": "RSUD IA Moeis",
        "amenity": "hospital",
        "capacity:persons": "500",
        "healthcare": "hospital",
        "hospital:type": "C",
        "name": "RSUD I.A. Moeis",
        "name:en": "I.A. Moeis Hospital",
        "operator:type": "government",
        "@geometry": "center"
      },
      "geometry": {
        "type": "Point",
        "coordinates": [
          117.1105683,
          -0.5586711
        ]
      },
      "id": "way/412314339"
    },
    {
      "type": "Feature",
      "properties": {
        "@id": "way/416631862",
        "addr:full": "Jl. Desa Pampang",
        "admin_level": "7",
        "building": "yes",
        "building:levels": "1",
        "name": "Kantor Kelurahan Budaya Pampang",
        "office": "government",
        "short_name": "Kantor Lurah Budaya Pampang",
        "@geometry": "center"
      },
      "geometry": {
        "type": "Point",
        "coordinates": [
          117.2306342,
          -0.3773243
        ]
      },
      "id": "way/416631862"
    },
    {
      "type": "Feature",
      "properties": {
        "@id": "way/432043921",
        "amenity": "clinic",
        "building": "yes",
        "name": "Puskesmas Pembantu Berambai",
        "short_name": "Pustu Berambai",
        "@geometry": "center"
      },
      "geometry": {
        "type": "Point",
        "coordinates": [
          117.1762008,
          -0.3546186
        ]
      },
      "id": "way/432043921"
    },
    {
      "type": "Feature",
      "properties": {
        "@id": "way/436648726",
        "amenity": "school",
        "name": "MTs Muhammadiyah 1 Samarinda",
        "operator:type": "private",
        "school:type_idn": "SMP/MTs",
        "@geometry": "center"
      },
      "geometry": {
        "type": "Point",
        "coordinates": [
          117.1381329,
          -0.4651621
        ]
      },
      "id": "way/436648726"
    },
    {
      "type": "Feature",
      "properties": {
        "@id": "way/436648728",
        "addr:full": "Jl. Bukit Seribu Kel. S. Siring",
        "amenity": "school",
        "capacity:persons": "100",
        "name": "SMA Negeri 12 Samarinda",
        "operator:type": "government",
        "school:type_idn": "SMA/MA",
        "short_name": "SMAN 12 Samarinda",
        "website": "https://referensi.data.kemdikbud.go.id/tabs.php?npsn=30401060",
        "@geometry": "center"
      },
      "geometry": {
        "type": "Point",
        "coordinates": [
          117.2431867,
          -0.4058097
        ]
      },
      "id": "way/436648728"
    },
    {
      "type": "Feature",
      "properties": {
        "@id": "way/436648729",
        "addr:full": "Jl. A.W. Syahranie RT. 25",
        "amenity": "school",
        "capacity:persons": "800",
        "name": "SMK Istiqomah Muhammadiyah 4 Samarinda",
        "operator:type": "private",
        "school:type_idn": "SMK",
        "website": "https://referensi.data.kemdikbud.go.id/tabs.php?npsn=30401070",
        "@geometry": "center"
      },
      "geometry": {
        "type": "Point",
        "coordinates": [
          117.138391,
          -0.4648675
        ]
      },
      "id": "way/436648729"
    },
    {
      "type": "Feature",
      "properties": {
        "@id": "way/436648731",
        "amenity": "school",
        "name": "SMP & SMK 17 Agustus 1945 Samarinda",
        "operator:type": "government",
        "school:type_idn": "SMK",
        "url": "http://referensi.data.kemdikbud.go.id/tabs.php?npsn=30401006",
        "website": "http://referensi.data.kemdikbud.go.id/tabs.php?npsn=30401006",
        "@geometry": "center"
      },
      "geometry": {
        "type": "Point",
        "coordinates": [
          117.1646329,
          -0.4801338
        ]
      },
      "id": "way/436648731"
    },
    {
      "type": "Feature",
      "properties": {
        "@id": "way/436648732",
        "addr:full": "Jl. Merdeka No.13 RT.20",
        "amenity": "school",
        "building": "yes",
        "name": "SMP & SMK YPS Samarinda",
        "operator:type": "private",
        "school:type_idn": "SMP/MTs",
        "url": "http://referensi.data.kemdikbud.go.id/tabs.php?npsn=30404125",
        "website": "https://referensi.data.kemdikbud.go.id/tabs.php?npsn=30401090",
        "@geometry": "center"
      },
      "geometry": {
        "type": "Point",
        "coordinates": [
          117.1660499,
          -0.487159
        ]
      },
      "id": "way/436648732"
    },
    {
      "type": "Feature",
      "properties": {
        "@id": "way/436821084",
        "amenity": "school",
        "building": "yes",
        "name": "MTs & MA Al-Mujahidin",
        "@geometry": "center"
      },
      "geometry": {
        "type": "Point",
        "coordinates": [
          117.1309607,
          -0.5406286
        ]
      },
      "id": "way/436821084"
    },
    {
      "type": "Feature",
      "properties": {
        "@id": "way/436821086",
        "addr:full": "Jl. Trikora RT. 04 Rawa Makmur",
        "amenity": "school",
        "capacity:persons": "350",
        "name": "SD Negeri 010 Palaran",
        "operator:type": "government",
        "school:type_idn": "SD/MI",
        "short_name": "SDN 010 Palaran",
        "website": "https://referensi.data.kemdikbud.go.id/tabs.php?npsn=30401365",
        "@geometry": "center"
      },
      "geometry": {
        "type": "Point",
        "coordinates": [
          117.1677668,
          -0.5572799
        ]
      },
      "id": "way/436821086"
    },
    {
      "type": "Feature",
      "properties": {
        "@id": "way/436821087",
        "amenity": "school",
        "building": "yes",
        "capacity:persons": "850",
        "name": "SD Negeri 027 Sungai Kunjang",
        "operator:type": "government",
        "school:type_idn": "SD/MI",
        "short_name": "SDN 027 Sungai Kunjang",
        "website": "https://referensi.data.kemdikbud.go.id/tabs.php?npsn=30400989",
        "@geometry": "center"
      },
      "geometry": {
        "type": "Point",
        "coordinates": [
          117.0913976,
          -0.5328064
        ]
      },
      "id": "way/436821087"
    },
    {
      "type": "Feature",
      "properties": {
        "@id": "way/436821088",
        "amenity": "school",
        "building": "yes",
        "capacity:persons": "120",
        "name": "SMA & SMK Plus Samarinda",
        "operator:type": "private",
        "school:type_idn": "SMA/MA",
        "url": "http://referensi.data.kemdikbud.go.id/tabs.php?npsn=69774826",
        "website": "https://referensi.data.kemdikbud.go.id/tabs.php?npsn=30405709",
        "@geometry": "center"
      },
      "geometry": {
        "type": "Point",
        "coordinates": [
          117.1221373,
          -0.5540371
        ]
      },
      "id": "way/436821088"
    },
    {
      "type": "Feature",
      "properties": {
        "@id": "way/436821090",
        "addr:full": "Jl. Trikora RT. 08 Rawa Makmur",
        "amenity": "school",
        "capacity:persons": "700",
        "name": "SMA Negeri 6 Samarinda",
        "operator:type": "government",
        "school:type_idn": "SMA/MA",
        "short_name": "SMAN 6 Samarinda",
        "website": "https://referensi.data.kemdikbud.go.id/tabs.php?npsn=30401052",
        "@geometry": "center"
      },
      "geometry": {
        "type": "Point",
        "coordinates": [
          117.1702949,
          -0.5655143
        ]
      },
      "id": "way/436821090"
    },
    {
      "type": "Feature",
      "properties": {
        "@id": "way/436821091",
        "amenity": "school",
        "capacity:persons": "720",
        "name": "SMA Negeri 7 Samarinda",
        "operator:type": "government",
        "school:type_idn": "SMA/MA",
        "short_name": "SMAN 7 Samarinda",
        "website": "https://referensi.data.kemdikbud.go.id/tabs.php?npsn=30401053",
        "@geometry": "center"
      },
      "geometry": {
        "type": "Point",
        "coordinates": [
          117.0970732,
          -0.5767812
        ]
      },
      "id": "way/436821091"
    },
    {
      "type": "Feature",
      "properties": {
        "@id": "way/436821092",
        "amenity": "school",
        "capacity:persons": "620",
        "name": "SMA Negeri 8 Samarinda",
        "operator:type": "government",
        "school:type_idn": "SMA/MA",
        "short_name": "SMAN 8 Samarinda",
        "website": "https://referensi.data.kemdikbud.go.id/tabs.php?npsn=30401054",
        "@geometry": "center"
      },
      "geometry": {
        "type": "Point",
        "coordinates": [
          117.1112487,
          -0.5289518
        ]
      },
      "id": "way/436821092"
    },
    {
      "type": "Feature",
      "properties": {
        "@id": "way/436821093",
        "addr:full": "Jl. Abdul Sani Gani RT.17 No.73",
        "amenity": "school",
        "building": "yes",
        "building:levels": "2",
        "capacity:persons": "80",
        "name": "SMA Setia Marga Samarinda",
        "operator:type": "private",
        "school:type_idn": "SMA/MA",
        "website": "https://referensi.data.kemdikbud.go.id/tabs.php?npsn=30404270",
        "@geometry": "center"
      },
      "geometry": {
        "type": "Point",
        "coordinates": [
          117.1255527,
          -0.519122
        ]
      },
      "id": "way/436821093"
    },
    {
      "type": "Feature",
      "properties": {
        "@id": "way/436821094",
        "addr:full": "Jl. Taman Siswa",
        "amenity": "school",
        "building": "yes",
        "capacity:persons": "980",
        "name": "SMP Negeri 15 Samarinda",
        "operator:type": "government",
        "school:type_idn": "SMP/MTs",
        "short_name": "SMPN 15 Samarinda",
        "website": "https://referensi.data.kemdikbud.go.id/tabs.php?npsn=30401008",
        "@geometry": "center"
      },
      "geometry": {
        "type": "Point",
        "coordinates": [
          117.0957719,
          -0.5766852
        ]
      },
      "id": "way/436821094"
    },
    {
      "type": "Feature",
      "properties": {
        "@id": "way/436821095",
        "amenity": "university",
        "building": "yes",
        "name": "Universitas Nahdlatul Ulama Kaltim",
        "@geometry": "center"
      },
      "geometry": {
        "type": "Point",
        "coordinates": [
          117.1313705,
          -0.541205
        ]
      },
      "id": "way/436821095"
    },
    {
      "type": "Feature",
      "properties": {
        "@id": "way/440800800",
        "addr:city": "Samarinda",
        "addr:postcode": "75126",
        "addr:street": "Gg. Kodesu",
        "amenity": "fire_station",
        "building": "yes",
        "description": "Anggota : 28 orang Armada : 1 unit R.4 dengan mesin portable 2,5\" 1 bh dan mesin portable 1,5\" 1 bh 1 unit R.2 dengan mesin portable 1,5 \" 1 bh",
        "name": "Relawan Family 32 ( BALAKARCANA SAMARINDA)",
        "operator": "Balakarcana Samarinda",
        "@geometry": "center"
      },
      "geometry": {
        "type": "Point",
        "coordinates": [
          117.117768,
          -0.5069295
        ]
      },
      "id": "way/440800800"
    },
    {
      "type": "Feature",
      "properties": {
        "@id": "way/464935802",
        "admin_level": "6",
        "building": "yes",
        "building:levels": "2",
        "government": "administrative",
        "name": "Kantor Kecamatan Samarinda Ilir",
        "office": "government",
        "short_name": "Kantor Camat Samarinda Ilir",
        "@geometry": "center"
      },
      "geometry": {
        "type": "Point",
        "coordinates": [
          117.1616934,
          -0.4938688
        ]
      },
      "id": "way/464935802"
    },
    {
      "type": "Feature",
      "properties": {
        "@id": "way/464935803",
        "admin_level": "7",
        "building": "yes",
        "government": "administrative",
        "name": "Kantor Kelurahan Sidomulyo",
        "office": "government",
        "short_name": "Kantor Lurah Sidomulyo",
        "@geometry": "center"
      },
      "geometry": {
        "type": "Point",
        "coordinates": [
          117.1615029,
          -0.4939953
        ]
      },
      "id": "way/464935803"
    },
    {
      "type": "Feature",
      "properties": {
        "@id": "way/464935804",
        "addr:full": "Jl. D.I Panjaitan",
        "admin_level": "7",
        "building": "yes",
        "building:levels": "1",
        "government": "administrative",
        "name": "Kantor Kelurahan Temindung Permai",
        "office": "government",
        "short_name": "Kantor Lurah Temindung Permai",
        "@geometry": "center"
      },
      "geometry": {
        "type": "Point",
        "coordinates": [
          117.1708968,
          -0.4690774
        ]
      },
      "id": "way/464935804"
    },
    {
      "type": "Feature",
      "properties": {
        "@id": "way/472569220",
        "addr:full": "Jl. HOS Cokroaminoto Gg. 5",
        "admin_level": "7",
        "building": "yes",
        "building:levels": "1",
        "name": "Kantor Kelurahan Tenun",
        "office": "government",
        "short_name": "Kantor Lurah Tenun",
        "@geometry": "center"
      },
      "geometry": {
        "type": "Point",
        "coordinates": [
          117.1463788,
          -0.5152185
        ]
      },
      "id": "way/472569220"
    },
    {
      "type": "Feature",
      "properties": {
        "@id": "way/472571953",
        "amenity": "clinic",
        "building": "yes",
        "healthcare": "clinic",
        "name": "Puskesmas Bukuan",
        "operator": "Ministry of Health",
        "operator:en": "Ministry of Health",
        "operator:id": "Kementerian Kesehatan",
        "operator:type": "government",
        "operator:wikidata": "Q12490745",
        "@geometry": "center"
      },
      "geometry": {
        "type": "Point",
        "coordinates": [
          117.2008504,
          -0.5755426
        ]
      },
      "id": "way/472571953"
    },
    {
      "type": "Feature",
      "properties": {
        "@id": "way/472571954",
        "addr:full": "Jl. Diponegoro RT 9 No. 68 Bukuan Palaran",
        "admin_level": "7",
        "building": "yes",
        "building:levels": "1",
        "name": "Kantor Kelurahan Bukuan",
        "office": "government",
        "short_name": "Kantor Lurah Bukuan",
        "@geometry": "center"
      },
      "geometry": {
        "type": "Point",
        "coordinates": [
          117.2012709,
          -0.5755148
        ]
      },
      "id": "way/472571954"
    },
    {
      "type": "Feature",
      "properties": {
        "@id": "way/472571958",
        "addr:full": "Jl. Melati",
        "admin_level": "7",
        "building": "yes",
        "building:levels": "1",
        "name": "Kantor Kelurahan Handil Bakti",
        "office": "government",
        "short_name": "Kantor Lurah Handil Bakti",
        "@geometry": "center"
      },
      "geometry": {
        "type": "Point",
        "coordinates": [
          117.1745894,
          -0.5892858
        ]
      },
      "id": "way/472571958"
    },
    {
      "type": "Feature",
      "properties": {
        "@id": "way/491253022",
        "amenity": "school",
        "building": "yes",
        "name": "Pesantren Harun Nafsi",
        "religion": "muslim",
        "@geometry": "center"
      },
      "geometry": {
        "type": "Point",
        "coordinates": [
          117.1162791,
          -0.5550898
        ]
      },
      "id": "way/491253022"
    },
    {
      "type": "Feature",
      "properties": {
        "@id": "way/491290287",
        "leisure": "park",
        "@geometry": "center"
      },
      "geometry": {
        "type": "Point",
        "coordinates": [
          117.1142557,
          -0.5563448
        ]
      },
      "id": "way/491290287"
    },
    {
      "type": "Feature",
      "properties": {
        "@id": "way/491495772",
        "leisure": "park",
        "@geometry": "center"
      },
      "geometry": {
        "type": "Point",
        "coordinates": [
          117.1157826,
          -0.5583947
        ]
      },
      "id": "way/491495772"
    },
    {
      "type": "Feature",
      "properties": {
        "@id": "way/491496579",
        "leisure": "park",
        "@geometry": "center"
      },
      "geometry": {
        "type": "Point",
        "coordinates": [
          117.1149222,
          -0.5583313
        ]
      },
      "id": "way/491496579"
    },
    {
      "type": "Feature",
      "properties": {
        "@id": "way/499204042",
        "building": "yes",
        "name": "Kantor Lurah Baqa",
        "office": "government",
        "@geometry": "center"
      },
      "geometry": {
        "type": "Point",
        "coordinates": [
          117.1426872,
          -0.5097616
        ]
      },
      "id": "way/499204042"
    },
    {
      "type": "Feature",
      "properties": {
        "@id": "way/499415945",
        "amenity": "bus_station",
        "building": "yes",
        "name": "Terminal Samarinda Seberang",
        "@geometry": "center"
      },
      "geometry": {
        "type": "Point",
        "coordinates": [
          117.1415743,
          -0.5080234
        ]
      },
      "id": "way/499415945"
    },
    {
      "type": "Feature",
      "properties": {
        "@id": "way/499415973",
        "leisure": "park",
        "@geometry": "center"
      },
      "geometry": {
        "type": "Point",
        "coordinates": [
          117.1422803,
          -0.509055
        ]
      },
      "id": "way/499415973"
    },
    {
      "type": "Feature",
      "properties": {
        "@id": "way/499741240",
        "amenity": "marketplace",
        "building": "yes",
        "name": "Pasar Impres Samarinda Seberang",
        "@geometry": "center"
      },
      "geometry": {
        "type": "Point",
        "coordinates": [
          117.142992,
          -0.5126138
        ]
      },
      "id": "way/499741240"
    },
    {
      "type": "Feature",
      "properties": {
        "@id": "way/499775968",
        "amenity": "marketplace",
        "building": "yes",
        "name": "Pasar Sore Bung Tomo",
        "@geometry": "center"
      },
      "geometry": {
        "type": "Point",
        "coordinates": [
          117.1473222,
          -0.5111777
        ]
      },
      "id": "way/499775968"
    },
    {
      "type": "Feature",
      "properties": {
        "@id": "way/499775987",
        "amenity": "school",
        "name": "Yayasan Pendidikan Islam \"Ummi\"",
        "@geometry": "center"
      },
      "geometry": {
        "type": "Point",
        "coordinates": [
          117.1466535,
          -0.511894
        ]
      },
      "id": "way/499775987"
    },
    {
      "type": "Feature",
      "properties": {
        "@id": "way/500017641",
        "addr:full": "Jl. Sutera Murni Rt. 9 No. 112",
        "amenity": "school",
        "building": "yes",
        "building:levels": "1",
        "capacity:persons": "450",
        "name": "SD Negeri 005 Samarinda Seberang",
        "operator:type": "government",
        "school:type_idn": "SD/MI",
        "website": "https://referensi.data.kemdikbud.go.id/index11.php?kode=166003&level=3",
        "@geometry": "center"
      },
      "geometry": {
        "type": "Point",
        "coordinates": [
          117.1419828,
          -0.5104027
        ]
      },
      "id": "way/500017641"
    },
    {
      "type": "Feature",
      "properties": {
        "@id": "way/500017692",
        "amenity": "marketplace",
        "building": "yes",
        "name": "Pasar Inpres Sementara",
        "@geometry": "center"
      },
      "geometry": {
        "type": "Point",
        "coordinates": [
          117.1413241,
          -0.5112047
        ]
      },
      "id": "way/500017692"
    },
    {
      "type": "Feature",
      "properties": {
        "@id": "way/500031309",
        "building": "yes",
        "name": "Mini Market Era Mart",
        "shop": "department_store",
        "@geometry": "center"
      },
      "geometry": {
        "type": "Point",
        "coordinates": [
          117.138981,
          -0.5108282
        ]
      },
      "id": "way/500031309"
    },
    {
      "type": "Feature",
      "properties": {
        "@id": "way/500031415",
        "building": "yes",
        "building:levels": "1",
        "government": "administrative",
        "name": "Kantor Kecamatan Samarinda Seberang",
        "office": "government",
        "short_name": "Kantor Camat Samarinda Seberang",
        "@geometry": "center"
      },
      "geometry": {
        "type": "Point",
        "coordinates": [
          117.1383526,
          -0.5099709
        ]
      },
      "id": "way/500031415"
    },
    {
      "type": "Feature",
      "properties": {
        "@id": "way/500288820",
        "addr:full": "Jl. La Maddu Kelleng",
        "amenity": "school",
        "building": "yes",
        "building:levels": "1",
        "capacity:persons": "450",
        "name": "SMP Negeri 3 Samarinda",
        "operator:type": "government",
        "school:type_idn": "SMP/MTs",
        "website": "https://referensi.data.kemdikbud.go.id/index11.php?kode=166003&level=3",
        "@geometry": "center"
      },
      "geometry": {
        "type": "Point",
        "coordinates": [
          117.1406796,
          -0.5103167
        ]
      },
      "id": "way/500288820"
    },
    {
      "type": "Feature",
      "properties": {
        "@id": "way/500295625",
        "addr:full": "Jl. Daeng Mangkona",
        "amenity": "school",
        "building": "yes",
        "building:levels": "1",
        "capacity:persons": "500",
        "name": "SD Negeri 007 Samarinda Seberang",
        "operator:type": "government",
        "school:type_idn": "SD/MI",
        "website": "https://referensi.data.kemdikbud.go.id/index11.php?kode=166003&level=3",
        "@geometry": "center"
      },
      "geometry": {
        "type": "Point",
        "coordinates": [
          117.1439937,
          -0.5125225
        ]
      },
      "id": "way/500295625"
    },
    {
      "type": "Feature",
      "properties": {
        "@id": "way/500295626",
        "building": "yes",
        "name": "Supermarket Fadlan",
        "shop": "supermarket",
        "@geometry": "center"
      },
      "geometry": {
        "type": "Point",
        "coordinates": [
          117.1442395,
          -0.5131352
        ]
      },
      "id": "way/500295626"
    },
    {
      "type": "Feature",
      "properties": {
        "@id": "way/500311615",
        "amenity": "school",
        "name": "SDN 001, SDN 002, SDN 007",
        "@geometry": "center"
      },
      "geometry": {
        "type": "Point",
        "coordinates": [
          117.1448672,
          -0.5135744
        ]
      },
      "id": "way/500311615"
    },
    {
      "type": "Feature",
      "properties": {
        "@id": "way/505418343",
        "addr:city": "Samarinda",
        "addr:housenumber": "56",
        "addr:street": "Jl. Basuki Rahmat",
        "building": "yes",
        "government": "administrative",
        "name": "DPMPTSP (Dinas Penanaman Modal dan Pelayanan Terpadu Satu Pintu) Prov. Kaltim",
        "office": "government",
        "@geometry": "center"
      },
      "geometry": {
        "type": "Point",
        "coordinates": [
          117.151472,
          -0.4956036
        ]
      },
      "id": "way/505418343"
    },
    {
      "type": "Feature",
      "properties": {
        "@id": "way/506382371",
        "amenity": "school",
        "name": "SDN 009 Samarinda Seberang",
        "@geometry": "center"
      },
      "geometry": {
        "type": "Point",
        "coordinates": [
          117.1392015,
          -0.5086591
        ]
      },
      "id": "way/506382371"
    },
    {
      "type": "Feature",
      "properties": {
        "@id": "way/514069774",
        "amenity": "marketplace",
        "building": "yes",
        "name": "Pasar Palaran",
        "@geometry": "center"
      },
      "geometry": {
        "type": "Point",
        "coordinates": [
          117.1814625,
          -0.5626617
        ]
      },
      "id": "way/514069774"
    },
    {
      "type": "Feature",
      "properties": {
        "@id": "way/514070259",
        "amenity": "fire_station",
        "building": "yes",
        "name": "Dinas Pemadam Kebakaran Posko VI",
        "operator": "Disdamkar Kota Samarinda",
        "@geometry": "center"
      },
      "geometry": {
        "type": "Point",
        "coordinates": [
          117.1804247,
          -0.5677183
        ]
      },
      "id": "way/514070259"
    },
    {
      "type": "Feature",
      "properties": {
        "@id": "way/515249494",
        "amenity": "school",
        "building": "yes",
        "name": "SMP Negeri 9 Samarinda",
        "@geometry": "center"
      },
      "geometry": {
        "type": "Point",
        "coordinates": [
          117.1657679,
          -0.5107359
        ]
      },
      "id": "way/515249494"
    },
    {
      "type": "Feature",
      "properties": {
        "@id": "way/515260783",
        "amenity": "school",
        "building": "yes",
        "name": "SD Terpadu Madinah",
        "@geometry": "center"
      },
      "geometry": {
        "type": "Point",
        "coordinates": [
          117.1645654,
          -0.5142512
        ]
      },
      "id": "way/515260783"
    },
    {
      "type": "Feature",
      "properties": {
        "@id": "way/515261021",
        "amenity": "pharmacy",
        "building": "yes",
        "name": "Apotek Kimia Farma Sultan Alimudin",
        "@geometry": "center"
      },
      "geometry": {
        "type": "Point",
        "coordinates": [
          117.1652066,
          -0.5118093
        ]
      },
      "id": "way/515261021"
    },
    {
      "type": "Feature",
      "properties": {
        "@id": "way/549666215",
        "addr:full": "Jl. Ciptomangunkusumo",
        "amenity": "university",
        "building": "yes",
        "building:levels": "2",
        "capacity:persons": "1000",
        "name": "Politeknik Negeri Samarinda",
        "operator:type": "government",
        "url": "http://www.polnes.ac.id/",
        "@geometry": "center"
      },
      "geometry": {
        "type": "Point",
        "coordinates": [
          117.1235894,
          -0.5338245
        ]
      },
      "id": "way/549666215"
    },
    {
      "type": "Feature",
      "properties": {
        "@id": "way/553664299",
        "leisure": "park",
        "name": "taman gatsu simpang tiga",
        "@geometry": "center"
      },
      "geometry": {
        "type": "Point",
        "coordinates": [
          117.1531589,
          -0.4901607
        ]
      },
      "id": "way/553664299"
    },
    {
      "type": "Feature",
      "properties": {
        "@id": "way/560845046",
        "building": "yes",
        "name": "Balai Prasarana Permukiman Wilayah Provinsi Kalimantan Timur",
        "office": "government",
        "source": "digitalglobe",
        "@geometry": "center"
      },
      "geometry": {
        "type": "Point",
        "coordinates": [
          117.113946,
          -0.5005736
        ]
      },
      "id": "way/560845046"
    },
    {
      "type": "Feature",
      "properties": {
        "@id": "way/561758832",
        "leisure": "park",
        "name": "Taman Samarendah",
        "name:en": "Samarendah Park",
        "@geometry": "center"
      },
      "geometry": {
        "type": "Point",
        "coordinates": [
          117.1440036,
          -0.4967451
        ]
      },
      "id": "way/561758832"
    },
    {
      "type": "Feature",
      "properties": {
        "@id": "way/561758836",
        "admin_level": "6",
        "building": "yes",
        "government": "administrative",
        "name": "Kantor Kecamatan Samarinda Kota",
        "office": "government",
        "short_name": "Kantor Camat Samarinda Kota",
        "@geometry": "center"
      },
      "geometry": {
        "type": "Point",
        "coordinates": [
          117.1568409,
          -0.4971469
        ]
      },
      "id": "way/561758836"
    },
    {
      "type": "Feature",
      "properties": {
        "@id": "way/572894020",
        "building": "yes",
        "government": "transportation",
        "name": "UPBU Samarinda",
        "office": "government",
        "@geometry": "center"
      },
      "geometry": {
        "type": "Point",
        "coordinates": [
          117.2576652,
          -0.3736338
        ]
      },
      "id": "way/572894020"
    },
    {
      "type": "Feature",
      "properties": {
        "@id": "way/572904345",
        "amenity": "school",
        "building": "yes",
        "name": "SDN 18 Negeri Samarinda Utara",
        "school:type_idn": "SD/MI",
        "@geometry": "center"
      },
      "geometry": {
        "type": "Point",
        "coordinates": [
          117.2604649,
          -0.3903639
        ]
      },
      "id": "way/572904345"
    },
    {
      "type": "Feature",
      "properties": {
        "@id": "way/572904346",
        "amenity": "school",
        "building": "yes",
        "name": "SDN 18 Negeri Samarinda Utara",
        "school:type_idn": "SD/MI",
        "@geometry": "center"
      },
      "geometry": {
        "type": "Point",
        "coordinates": [
          117.2608637,
          -0.3900473
        ]
      },
      "id": "way/572904346"
    },
    {
      "type": "Feature",
      "properties": {
        "@id": "way/572904347",
        "amenity": "school",
        "building": "yes",
        "name": "SDN 18 Negeri Samarinda Utara",
        "school:type_idn": "SD/MI",
        "@geometry": "center"
      },
      "geometry": {
        "type": "Point",
        "coordinates": [
          117.2606654,
          -0.3902697
        ]
      },
      "id": "way/572904347"
    },
    {
      "type": "Feature",
      "properties": {
        "@id": "way/572904695",
        "amenity": "fire_station",
        "building": "yes",
        "building:levels": "1",
        "name": "Stasiun Pemadam Kebakaran Bandara",
        "name:en": "Airport Fire Station",
        "short_name": "SPK Bandara",
        "@geometry": "center"
      },
      "geometry": {
        "type": "Point",
        "coordinates": [
          117.2519885,
          -0.3755252
        ]
      },
      "id": "way/572904695"
    },
    {
      "type": "Feature",
      "properties": {
        "@id": "way/573196695",
        "amenity": "clinic",
        "building": "yes",
        "name": "Dokter Hewan Ig Sugiman Yusriadi",
        "@geometry": "center"
      },
      "geometry": {
        "type": "Point",
        "coordinates": [
          117.1612856,
          -0.4940189
        ]
      },
      "id": "way/573196695"
    },
    {
      "type": "Feature",
      "properties": {
        "@id": "way/573344891",
        "amenity": "school",
        "building": "yes",
        "name": "SMAIT Granada Samarinda",
        "@geometry": "center"
      },
      "geometry": {
        "type": "Point",
        "coordinates": [
          117.1260841,
          -0.4580518
        ]
      },
      "id": "way/573344891"
    },
    {
      "type": "Feature",
      "properties": {
        "@id": "way/573760304",
        "building": "yes",
        "government": "agriculture",
        "name": "Balai Penyuluh Pertanian Suluh Sejahtera Kota Samarinda",
        "office": "government",
        "@geometry": "center"
      },
      "geometry": {
        "type": "Point",
        "coordinates": [
          117.0866152,
          -0.4936372
        ]
      },
      "id": "way/573760304"
    },
    {
      "type": "Feature",
      "properties": {
        "@id": "way/573761238",
        "building": "yes",
        "name": "Indomaret Ir Sutami",
        "shop": "convenience",
        "@geometry": "center"
      },
      "geometry": {
        "type": "Point",
        "coordinates": [
          117.1157103,
          -0.5222148
        ]
      },
      "id": "way/573761238"
    },
    {
      "type": "Feature",
      "properties": {
        "@id": "way/573945324",
        "amenity": "cafe",
        "building": "yes",
        "name": "Uncle Jo - Sempaja Selatan",
        "@geometry": "center"
      },
      "geometry": {
        "type": "Point",
        "coordinates": [
          117.1526448,
          -0.4497074
        ]
      },
      "id": "way/573945324"
    },
    {
      "type": "Feature",
      "properties": {
        "@id": "way/574123638",
        "amenity": "school",
        "building": "yes",
        "name": "SD Selyca",
        "@geometry": "center"
      },
      "geometry": {
        "type": "Point",
        "coordinates": [
          117.1305237,
          -0.4739589
        ]
      },
      "id": "way/574123638"
    },
    {
      "type": "Feature",
      "properties": {
        "@id": "way/574124627",
        "amenity": "clinic",
        "building": "yes",
        "healthcare": "clinic",
        "name": "Klinik Risa Medika Klinik Gigi Risa Apotik Risa Farma",
        "@geometry": "center"
      },
      "geometry": {
        "type": "Point",
        "coordinates": [
          117.1321152,
          -0.4721837
        ]
      },
      "id": "way/574124627"
    },
    {
      "type": "Feature",
      "properties": {
        "@id": "way/574125866",
        "building": "yes",
        "name": "Kantor Pelayanan Kekayaan Negara dan Lelang Samarinda",
        "office": "government",
        "@geometry": "center"
      },
      "geometry": {
        "type": "Point",
        "coordinates": [
          117.1356598,
          -0.4794136
        ]
      },
      "id": "way/574125866"
    },
    {
      "type": "Feature",
      "properties": {
        "@id": "way/574126170",
        "amenity": "cafe",
        "building": "yes",
        "name": "Magara Cafe & Carwash",
        "@geometry": "center"
      },
      "geometry": {
        "type": "Point",
        "coordinates": [
          117.1303642,
          -0.4821036
        ]
      },
      "id": "way/574126170"
    },
    {
      "type": "Feature",
      "properties": {
        "@id": "way/574126350",
        "addr:city": "Samarinda",
        "addr:street": "Jalan Insinyur Haji Juanda",
        "amenity": "fuel",
        "brand": "Pertamina",
        "brand:wikidata": "Q1641044",
        "building": "yes",
        "name": "SPBU Pertamina 6475128",
        "@geometry": "center"
      },
      "geometry": {
        "type": "Point",
        "coordinates": [
          117.1305291,
          -0.4826611
        ]
      },
      "id": "way/574126350"
    },
    {
      "type": "Feature",
      "properties": {
        "@id": "way/574126432",
        "amenity": "cafe",
        "building": "yes",
        "name": "Kedai Kopi Nusantara",
        "@geometry": "center"
      },
      "geometry": {
        "type": "Point",
        "coordinates": [
          117.1314203,
          -0.4828022
        ]
      },
      "id": "way/574126432"
    },
    {
      "type": "Feature",
      "properties": {
        "@id": "way/574126452",
        "amenity": "pharmacy",
        "branch": "Juanda",
        "brand": "Kimia Farma",
        "brand:wikidata": "Q11264892",
        "building": "yes",
        "healthcare": "pharmacy",
        "name": "Kimia Farma",
        "@geometry": "center"
      },
      "geometry": {
        "type": "Point",
        "coordinates": [
          117.1315925,
          -0.4828393
        ]
      },
      "id": "way/574126452"
    },
    {
      "type": "Feature",
      "properties": {
        "@id": "way/574132243",
        "building": "yes",
        "name": "Alfamidi Sempaja Selatan",
        "shop": "supermarket",
        "@geometry": "center"
      },
      "geometry": {
        "type": "Point",
        "coordinates": [
          117.1519065,
          -0.4390104
        ]
      },
      "id": "way/574132243"
    },
    {
      "type": "Feature",
      "properties": {
        "@id": "way/574179549",
        "amenity": "clinic",
        "building": "yes",
        "healthcare": "clinic",
        "name": "Puskesmas Harapan Baru",
        "@geometry": "center"
      },
      "geometry": {
        "type": "Point",
        "coordinates": [
          117.104771,
          -0.5429323
        ]
      },
      "id": "way/574179549"
    },
    {
      "type": "Feature",
      "properties": {
        "@id": "way/574258006",
        "amenity": "school",
        "building": "yes",
        "name": "Sdit Ar Risalah Samarinda",
        "@geometry": "center"
      },
      "geometry": {
        "type": "Point",
        "coordinates": [
          117.1231493,
          -0.4743734
        ]
      },
      "id": "way/574258006"
    },
    {
      "type": "Feature",
      "properties": {
        "@id": "way/574258101",
        "addr:city": "samarinda",
        "addr:street": "Jalan Pangeran Suryanata",
        "brand": "Indomaret",
        "brand:wikidata": "Q4262825",
        "brand:wikipedia": "en:Indomaret",
        "building": "yes",
        "name": "Indomaret Suryanata",
        "shop": "convenience",
        "@geometry": "center"
      },
      "geometry": {
        "type": "Point",
        "coordinates": [
          117.1222374,
          -0.4713334
        ]
      },
      "id": "way/574258101"
    },
    {
      "type": "Feature",
      "properties": {
        "@id": "way/574258654",
        "amenity": "clinic",
        "building": "yes",
        "healthcare": "clinic",
        "name": "Klinik Nur Asih",
        "@geometry": "center"
      },
      "geometry": {
        "type": "Point",
        "coordinates": [
          117.1279656,
          -0.4721648
        ]
      },
      "id": "way/574258654"
    },
    {
      "type": "Feature",
      "properties": {
        "@id": "way/574306044",
        "amenity": "school",
        "building": "yes",
        "capacity:persons": "120",
        "name": "SMA & SMK Plus Samarinda",
        "operator:type": "private",
        "school:type_idn": "SMA/MA",
        "url": "http://referensi.data.kemdikbud.go.id/tabs.php?npsn=69774826",
        "website": "https://referensi.data.kemdikbud.go.id/tabs.php?npsn=30405709",
        "@geometry": "center"
      },
      "geometry": {
        "type": "Point",
        "coordinates": [
          117.1158482,
          -0.5582068
        ]
      },
      "id": "way/574306044"
    },
    {
      "type": "Feature",
      "properties": {
        "@id": "way/574306048",
        "amenity": "school",
        "building": "yes",
        "capacity:persons": "120",
        "name": "SMA & SMK Plus Samarinda",
        "operator:type": "private",
        "school:type_idn": "SMA/MA",
        "url": "http://referensi.data.kemdikbud.go.id/tabs.php?npsn=69774826",
        "website": "https://referensi.data.kemdikbud.go.id/tabs.php?npsn=30405709",
        "@geometry": "center"
      },
      "geometry": {
        "type": "Point",
        "coordinates": [
          117.1199217,
          -0.5494225
        ]
      },
      "id": "way/574306048"
    },
    {
      "type": "Feature",
      "properties": {
        "@id": "way/574306058",
        "amenity": "school",
        "building": "yes",
        "capacity:persons": "120",
        "name": "SMA & SMK Plus Samarinda",
        "operator:type": "private",
        "school:type_idn": "SMA/MA",
        "url": "http://referensi.data.kemdikbud.go.id/tabs.php?npsn=69774826",
        "website": "https://referensi.data.kemdikbud.go.id/tabs.php?npsn=30405709",
        "@geometry": "center"
      },
      "geometry": {
        "type": "Point",
        "coordinates": [
          117.1198665,
          -0.5519619
        ]
      },
      "id": "way/574306058"
    },
    {
      "type": "Feature",
      "properties": {
        "@id": "way/574306067",
        "amenity": "school",
        "building": "yes",
        "capacity:persons": "120",
        "name": "SMA & SMK Plus Samarinda",
        "operator:type": "private",
        "school:type_idn": "SMA/MA",
        "url": "http://referensi.data.kemdikbud.go.id/tabs.php?npsn=69774826",
        "website": "https://referensi.data.kemdikbud.go.id/tabs.php?npsn=30405709",
        "@geometry": "center"
      },
      "geometry": {
        "type": "Point",
        "coordinates": [
          117.1251915,
          -0.5559405
        ]
      },
      "id": "way/574306067"
    },
    {
      "type": "Feature",
      "properties": {
        "@id": "way/574306074",
        "amenity": "school",
        "building": "yes",
        "capacity:persons": "120",
        "name": "SMA & SMK Plus Samarinda",
        "operator:type": "private",
        "school:type_idn": "SMA/MA",
        "url": "http://referensi.data.kemdikbud.go.id/tabs.php?npsn=69774826",
        "website": "https://referensi.data.kemdikbud.go.id/tabs.php?npsn=30405709",
        "@geometry": "center"
      },
      "geometry": {
        "type": "Point",
        "coordinates": [
          117.1246269,
          -0.5542517
        ]
      },
      "id": "way/574306074"
    },
    {
      "type": "Feature",
      "properties": {
        "@id": "way/574306080",
        "amenity": "school",
        "building": "yes",
        "capacity:persons": "120",
        "name": "SMA & SMK Plus Samarinda",
        "operator:type": "private",
        "school:type_idn": "SMA/MA",
        "url": "http://referensi.data.kemdikbud.go.id/tabs.php?npsn=69774826",
        "website": "https://referensi.data.kemdikbud.go.id/tabs.php?npsn=30405709",
        "@geometry": "center"
      },
      "geometry": {
        "type": "Point",
        "coordinates": [
          117.1221139,
          -0.5523449
        ]
      },
      "id": "way/574306080"
    },
    {
      "type": "Feature",
      "properties": {
        "@id": "way/574306086",
        "amenity": "school",
        "building": "yes",
        "capacity:persons": "120",
        "name": "SMA & SMK Plus Samarinda",
        "operator:type": "private",
        "school:type_idn": "SMA/MA",
        "url": "http://referensi.data.kemdikbud.go.id/tabs.php?npsn=69774826",
        "website": "https://referensi.data.kemdikbud.go.id/tabs.php?npsn=30405709",
        "@geometry": "center"
      },
      "geometry": {
        "type": "Point",
        "coordinates": [
          117.1170123,
          -0.5630535
        ]
      },
      "id": "way/574306086"
    },
    {
      "type": "Feature",
      "properties": {
        "@id": "way/574306091",
        "amenity": "school",
        "building": "yes",
        "capacity:persons": "120",
        "name": "SMA & SMK Plus Samarinda",
        "operator:type": "private",
        "school:type_idn": "SMA/MA",
        "url": "http://referensi.data.kemdikbud.go.id/tabs.php?npsn=69774826",
        "website": "https://referensi.data.kemdikbud.go.id/tabs.php?npsn=30405709",
        "@geometry": "center"
      },
      "geometry": {
        "type": "Point",
        "coordinates": [
          117.1185095,
          -0.5527819
        ]
      },
      "id": "way/574306091"
    },
    {
      "type": "Feature",
      "properties": {
        "@id": "way/574306097",
        "amenity": "school",
        "building": "yes",
        "capacity:persons": "120",
        "name": "SMA & SMK Plus Samarinda",
        "operator:type": "private",
        "school:type_idn": "SMA/MA",
        "url": "http://referensi.data.kemdikbud.go.id/tabs.php?npsn=69774826",
        "website": "https://referensi.data.kemdikbud.go.id/tabs.php?npsn=30405709",
        "@geometry": "center"
      },
      "geometry": {
        "type": "Point",
        "coordinates": [
          117.1240674,
          -0.5577653
        ]
      },
      "id": "way/574306097"
    },
    {
      "type": "Feature",
      "properties": {
        "@id": "way/574306105",
        "addr:full": "Jl. H.A.M.M. Rifaddin RT.25",
        "amenity": "school",
        "building": "yes",
        "capacity:persons": "730",
        "name": "SMA Negeri 10 Samarinda",
        "operator:type": "government",
        "school:type_idn": "SMA/MA",
        "website": "https://referensi.data.kemdikbud.go.id/tabs.php?npsn=30401067",
        "@geometry": "center"
      },
      "geometry": {
        "type": "Point",
        "coordinates": [
          117.1204536,
          -0.5530812
        ]
      },
      "id": "way/574306105"
    },
    {
      "type": "Feature",
      "properties": {
        "@id": "way/574306762",
        "amenity": "school",
        "building": "yes",
        "capacity:persons": "120",
        "name": "SMA & SMK Plus Samarinda",
        "operator:type": "private",
        "school:type_idn": "SMA/MA",
        "url": "http://referensi.data.kemdikbud.go.id/tabs.php?npsn=69774826",
        "website": "https://referensi.data.kemdikbud.go.id/tabs.php?npsn=30405709",
        "@geometry": "center"
      },
      "geometry": {
        "type": "Point",
        "coordinates": [
          117.1165149,
          -0.5589949
        ]
      },
      "id": "way/574306762"
    },
    {
      "type": "Feature",
      "properties": {
        "@id": "way/574306832",
        "amenity": "school",
        "building": "yes",
        "capacity:persons": "120",
        "name": "SMA & SMK Plus Samarinda",
        "operator:type": "private",
        "school:type_idn": "SMA/MA",
        "url": "http://referensi.data.kemdikbud.go.id/tabs.php?npsn=69774826",
        "website": "https://referensi.data.kemdikbud.go.id/tabs.php?npsn=30405709",
        "@geometry": "center"
      },
      "geometry": {
        "type": "Point",
        "coordinates": [
          117.1158591,
          -0.5570783
        ]
      },
      "id": "way/574306832"
    },
    {
      "type": "Feature",
      "properties": {
        "@id": "way/574307024",
        "amenity": "school",
        "building": "yes",
        "capacity:persons": "120",
        "name": "SMA & SMK Plus Samarinda",
        "operator:type": "private",
        "school:type_idn": "SMA/MA",
        "url": "http://referensi.data.kemdikbud.go.id/tabs.php?npsn=69774826",
        "website": "https://referensi.data.kemdikbud.go.id/tabs.php?npsn=30405709",
        "@geometry": "center"
      },
      "geometry": {
        "type": "Point",
        "coordinates": [
          117.1155697,
          -0.5640083
        ]
      },
      "id": "way/574307024"
    },
    {
      "type": "Feature",
      "properties": {
        "@id": "way/574307867",
        "amenity": "school",
        "building": "yes",
        "capacity:persons": "120",
        "name": "SMA & SMK Plus Samarinda",
        "operator:type": "private",
        "school:type_idn": "SMA/MA",
        "url": "http://referensi.data.kemdikbud.go.id/tabs.php?npsn=69774826",
        "website": "https://referensi.data.kemdikbud.go.id/tabs.php?npsn=30405709",
        "@geometry": "center"
      },
      "geometry": {
        "type": "Point",
        "coordinates": [
          117.115342,
          -0.55766
        ]
      },
      "id": "way/574307867"
    },
    {
      "type": "Feature",
      "properties": {
        "@id": "way/574307897",
        "amenity": "school",
        "building": "yes",
        "capacity:persons": "120",
        "name": "SMA & SMK Plus Samarinda",
        "operator:type": "private",
        "school:type_idn": "SMA/MA",
        "url": "http://referensi.data.kemdikbud.go.id/tabs.php?npsn=69774826",
        "website": "https://referensi.data.kemdikbud.go.id/tabs.php?npsn=30405709",
        "@geometry": "center"
      },
      "geometry": {
        "type": "Point",
        "coordinates": [
          117.1145442,
          -0.5567104
        ]
      },
      "id": "way/574307897"
    },
    {
      "type": "Feature",
      "properties": {
        "@id": "way/574307909",
        "amenity": "school",
        "building": "yes",
        "capacity:persons": "120",
        "name": "SMA & SMK Plus Samarinda",
        "operator:type": "private",
        "school:type_idn": "SMA/MA",
        "url": "http://referensi.data.kemdikbud.go.id/tabs.php?npsn=69774826",
        "website": "https://referensi.data.kemdikbud.go.id/tabs.php?npsn=30405709",
        "@geometry": "center"
      },
      "geometry": {
        "type": "Point",
        "coordinates": [
          117.1148553,
          -0.5553613
        ]
      },
      "id": "way/574307909"
    },
    {
      "type": "Feature",
      "properties": {
        "@id": "way/574308030",
        "amenity": "school",
        "building": "yes",
        "capacity:persons": "120",
        "name": "SMA & SMK Plus Samarinda",
        "operator:type": "private",
        "school:type_idn": "SMA/MA",
        "url": "http://referensi.data.kemdikbud.go.id/tabs.php?npsn=69774826",
        "website": "https://referensi.data.kemdikbud.go.id/tabs.php?npsn=30405709",
        "@geometry": "center"
      },
      "geometry": {
        "type": "Point",
        "coordinates": [
          117.1235822,
          -0.5560611
        ]
      },
      "id": "way/574308030"
    },
    {
      "type": "Feature",
      "properties": {
        "@id": "way/574308037",
        "amenity": "school",
        "building": "yes",
        "capacity:persons": "120",
        "name": "SMA & SMK Plus Samarinda",
        "operator:type": "private",
        "school:type_idn": "SMA/MA",
        "url": "http://referensi.data.kemdikbud.go.id/tabs.php?npsn=69774826",
        "website": "https://referensi.data.kemdikbud.go.id/tabs.php?npsn=30405709",
        "@geometry": "center"
      },
      "geometry": {
        "type": "Point",
        "coordinates": [
          117.1239394,
          -0.5563257
        ]
      },
      "id": "way/574308037"
    },
    {
      "type": "Feature",
      "properties": {
        "@id": "way/574308059",
        "amenity": "school",
        "building": "yes",
        "capacity:persons": "120",
        "name": "SMA & SMK Plus Samarinda",
        "operator:type": "private",
        "school:type_idn": "SMA/MA",
        "url": "http://referensi.data.kemdikbud.go.id/tabs.php?npsn=69774826",
        "website": "https://referensi.data.kemdikbud.go.id/tabs.php?npsn=30405709",
        "@geometry": "center"
      },
      "geometry": {
        "type": "Point",
        "coordinates": [
          117.1245118,
          -0.5570327
        ]
      },
      "id": "way/574308059"
    },
    {
      "type": "Feature",
      "properties": {
        "@id": "way/574308240",
        "amenity": "school",
        "building": "yes",
        "capacity:persons": "120",
        "name": "SMA & SMK Plus Samarinda",
        "operator:type": "private",
        "school:type_idn": "SMA/MA",
        "url": "http://referensi.data.kemdikbud.go.id/tabs.php?npsn=69774826",
        "website": "https://referensi.data.kemdikbud.go.id/tabs.php?npsn=30405709",
        "@geometry": "center"
      },
      "geometry": {
        "type": "Point",
        "coordinates": [
          117.1200373,
          -0.5518908
        ]
      },
      "id": "way/574308240"
    },
    {
      "type": "Feature",
      "properties": {
        "@id": "way/574308650",
        "amenity": "school",
        "building": "yes",
        "capacity:persons": "120",
        "name": "SMA & SMK Plus Samarinda",
        "operator:type": "private",
        "school:type_idn": "SMA/MA",
        "url": "http://referensi.data.kemdikbud.go.id/tabs.php?npsn=69774826",
        "website": "https://referensi.data.kemdikbud.go.id/tabs.php?npsn=30405709",
        "@geometry": "center"
      },
      "geometry": {
        "type": "Point",
        "coordinates": [
          117.1226958,
          -0.5546575
        ]
      },
      "id": "way/574308650"
    },
    {
      "type": "Feature",
      "properties": {
        "@id": "way/574308655",
        "amenity": "school",
        "building": "yes",
        "capacity:persons": "120",
        "name": "SMA & SMK Plus Samarinda",
        "operator:type": "private",
        "school:type_idn": "SMA/MA",
        "url": "http://referensi.data.kemdikbud.go.id/tabs.php?npsn=69774826",
        "website": "https://referensi.data.kemdikbud.go.id/tabs.php?npsn=30405709",
        "@geometry": "center"
      },
      "geometry": {
        "type": "Point",
        "coordinates": [
          117.1207199,
          -0.5531956
        ]
      },
      "id": "way/574308655"
    },
    {
      "type": "Feature",
      "properties": {
        "@id": "way/574308657",
        "amenity": "school",
        "building": "yes",
        "capacity:persons": "120",
        "name": "SMA & SMK Plus Samarinda",
        "operator:type": "private",
        "school:type_idn": "SMA/MA",
        "url": "http://referensi.data.kemdikbud.go.id/tabs.php?npsn=69774826",
        "website": "https://referensi.data.kemdikbud.go.id/tabs.php?npsn=30405709",
        "@geometry": "center"
      },
      "geometry": {
        "type": "Point",
        "coordinates": [
          117.1209963,
          -0.5530005
        ]
      },
      "id": "way/574308657"
    },
    {
      "type": "Feature",
      "properties": {
        "@id": "way/574308663",
        "amenity": "school",
        "building": "yes",
        "capacity:persons": "120",
        "name": "SMAN 10",
        "operator:type": "private",
        "school:type_idn": "SMA/MA",
        "url": "http://referensi.data.kemdikbud.go.id/tabs.php?npsn=69774826",
        "website": "https://referensi.data.kemdikbud.go.id/tabs.php?npsn=30405709",
        "@geometry": "center"
      },
      "geometry": {
        "type": "Point",
        "coordinates": [
          117.1201115,
          -0.5540511
        ]
      },
      "id": "way/574308663"
    },
    {
      "type": "Feature",
      "properties": {
        "@id": "way/574308673",
        "amenity": "school",
        "building": "yes",
        "capacity:persons": "120",
        "name": "SMAN 10",
        "operator:type": "private",
        "school:type_idn": "SMA/MA",
        "url": "http://referensi.data.kemdikbud.go.id/tabs.php?npsn=69774826",
        "website": "https://referensi.data.kemdikbud.go.id/tabs.php?npsn=30405709",
        "@geometry": "center"
      },
      "geometry": {
        "type": "Point",
        "coordinates": [
          117.1212759,
          -0.5518097
        ]
      },
      "id": "way/574308673"
    },
    {
      "type": "Feature",
      "properties": {
        "@id": "way/574308682",
        "amenity": "school",
        "building": "yes",
        "capacity:persons": "120",
        "name": "SMA & SMK Plus Samarinda",
        "operator:type": "private",
        "school:type_idn": "SMA/MA",
        "url": "http://referensi.data.kemdikbud.go.id/tabs.php?npsn=69774826",
        "website": "https://referensi.data.kemdikbud.go.id/tabs.php?npsn=30405709",
        "@geometry": "center"
      },
      "geometry": {
        "type": "Point",
        "coordinates": [
          117.1220684,
          -0.551465
        ]
      },
      "id": "way/574308682"
    },
    {
      "type": "Feature",
      "properties": {
        "@id": "way/574308688",
        "amenity": "school",
        "building": "yes",
        "capacity:persons": "120",
        "name": "SMA & SMK Plus Samarinda",
        "operator:type": "private",
        "school:type_idn": "SMA/MA",
        "url": "http://referensi.data.kemdikbud.go.id/tabs.php?npsn=69774826",
        "website": "https://referensi.data.kemdikbud.go.id/tabs.php?npsn=30405709",
        "@geometry": "center"
      },
      "geometry": {
        "type": "Point",
        "coordinates": [
          117.1216102,
          -0.5512392
        ]
      },
      "id": "way/574308688"
    },
    {
      "type": "Feature",
      "properties": {
        "@id": "way/574308865",
        "amenity": "school",
        "building": "yes",
        "capacity:persons": "120",
        "name": "SMA & SMK Plus Samarinda",
        "operator:type": "private",
        "school:type_idn": "SMA/MA",
        "url": "http://referensi.data.kemdikbud.go.id/tabs.php?npsn=69774826",
        "website": "https://referensi.data.kemdikbud.go.id/tabs.php?npsn=30405709",
        "@geometry": "center"
      },
      "geometry": {
        "type": "Point",
        "coordinates": [
          117.118193,
          -0.5499605
        ]
      },
      "id": "way/574308865"
    },
    {
      "type": "Feature",
      "properties": {
        "@id": "way/574335700",
        "amenity": "cafe",
        "building": "yes",
        "name": "Kopi Chuseyo - Karang Asam Ilir",
        "@geometry": "center"
      },
      "geometry": {
        "type": "Point",
        "coordinates": [
          117.1174057,
          -0.5109269
        ]
      },
      "id": "way/574335700"
    },
    {
      "type": "Feature",
      "properties": {
        "@id": "way/574336911",
        "amenity": "bank",
        "building": "yes",
        "name": "Bank BCA Slamet Riyadi",
        "@geometry": "center"
      },
      "geometry": {
        "type": "Point",
        "coordinates": [
          117.116461,
          -0.5159537
        ]
      },
      "id": "way/574336911"
    },
    {
      "type": "Feature",
      "properties": {
        "@id": "way/574337173",
        "amenity": "school",
        "building": "yes",
        "name": "MTS Al Mujahidin",
        "@geometry": "center"
      },
      "geometry": {
        "type": "Point",
        "coordinates": [
          117.1148103,
          -0.5191223
        ]
      },
      "id": "way/574337173"
    },
    {
      "type": "Feature",
      "properties": {
        "@id": "way/574337301",
        "building": "yes",
        "name": "Toko Agus",
        "shop": "convenience",
        "@geometry": "center"
      },
      "geometry": {
        "type": "Point",
        "coordinates": [
          117.121314,
          -0.5219285
        ]
      },
      "id": "way/574337301"
    },
    {
      "type": "Feature",
      "properties": {
        "@id": "way/574358584",
        "amenity": "school",
        "building": "yes",
        "name": "Pintu Maasuk Pondok Pesantren Nabil Husein",
        "@geometry": "center"
      },
      "geometry": {
        "type": "Point",
        "coordinates": [
          117.094053,
          -0.5096831
        ]
      },
      "id": "way/574358584"
    },
    {
      "type": "Feature",
      "properties": {
        "@id": "way/574524419",
        "building": "yes",
        "name": "Toko Nabil",
        "shop": "convenience",
        "@geometry": "center"
      },
      "geometry": {
        "type": "Point",
        "coordinates": [
          117.1265324,
          -0.4830548
        ]
      },
      "id": "way/574524419"
    },
    {
      "type": "Feature",
      "properties": {
        "@id": "way/574548063",
        "addr:city": "Samarinda",
        "addr:housenumber": "no.12",
        "addr:postcode": "75381",
        "addr:street": "Jl. Penangkaran buaya",
        "building": "yes",
        "name": "Toko Ragil",
        "payment:cash": "yes",
        "shop": "department_store",
        "@geometry": "center"
      },
      "geometry": {
        "type": "Point",
        "coordinates": [
          117.2286407,
          -0.5383175
        ]
      },
      "id": "way/574548063"
    },
    {
      "type": "Feature",
      "properties": {
        "@id": "way/574573241",
        "amenity": "clinic",
        "building": "yes",
        "healthcare": "clinic",
        "name": "Klinik Aminah Amin",
        "@geometry": "center"
      },
      "geometry": {
        "type": "Point",
        "coordinates": [
          117.1671979,
          -0.4869884
        ]
      },
      "id": "way/574573241"
    },
    {
      "type": "Feature",
      "properties": {
        "@id": "way/574662150",
        "amenity": "school",
        "building": "yes",
        "name": "SD Islam Ar Rajwa",
        "@geometry": "center"
      },
      "geometry": {
        "type": "Point",
        "coordinates": [
          117.131389,
          -0.5179578
        ]
      },
      "id": "way/574662150"
    },
    {
      "type": "Feature",
      "properties": {
        "@id": "way/574662702",
        "amenity": "pharmacy",
        "building": "yes",
        "healthcare": "pharmacy",
        "name": "Apotek MIM",
        "@geometry": "center"
      },
      "geometry": {
        "type": "Point",
        "coordinates": [
          117.1276297,
          -0.5155158
        ]
      },
      "id": "way/574662702"
    },
    {
      "type": "Feature",
      "properties": {
        "@id": "way/574662713",
        "amenity": "pharmacy",
        "building": "yes",
        "healthcare": "pharmacy",
        "name": "Apotek Kimia Farma Bung Tomo",
        "@geometry": "center"
      },
      "geometry": {
        "type": "Point",
        "coordinates": [
          117.1278791,
          -0.5149553
        ]
      },
      "id": "way/574662713"
    },
    {
      "type": "Feature",
      "properties": {
        "@id": "way/574765590",
        "amenity": "clinic",
        "building": "yes",
        "healthcare": "clinic",
        "name": "Posyandu Anak",
        "@geometry": "center"
      },
      "geometry": {
        "type": "Point",
        "coordinates": [
          117.1693309,
          -0.4211303
        ]
      },
      "id": "way/574765590"
    },
    {
      "type": "Feature",
      "properties": {
        "@id": "way/574798546",
        "amenity": "clinic",
        "building": "yes",
        "healthcare": "clinic",
        "name": "Praktek Bidan Yayuk Sr",
        "@geometry": "center"
      },
      "geometry": {
        "type": "Point",
        "coordinates": [
          117.1649345,
          -0.4929688
        ]
      },
      "id": "way/574798546"
    },
    {
      "type": "Feature",
      "properties": {
        "@id": "way/574925718",
        "amenity": "school",
        "building": "yes",
        "name": "Rumah Tahfidz Huffadzul Qur'an",
        "@geometry": "center"
      },
      "geometry": {
        "type": "Point",
        "coordinates": [
          117.1113098,
          -0.4927164
        ]
      },
      "id": "way/574925718"
    },
    {
      "type": "Feature",
      "properties": {
        "@id": "way/575011345",
        "amenity": "school",
        "building": "yes",
        "name": "SD Negeri 011 Sungai Pinang",
        "@geometry": "center"
      },
      "geometry": {
        "type": "Point",
        "coordinates": [
          117.1797452,
          -0.4833658
        ]
      },
      "id": "way/575011345"
    },
    {
      "type": "Feature",
      "properties": {
        "@id": "way/575074620",
        "amenity": "school",
        "building": "yes",
        "name": "Stinas Colorado Samarinda",
        "@geometry": "center"
      },
      "geometry": {
        "type": "Point",
        "coordinates": [
          117.143266,
          -0.4995879
        ]
      },
      "id": "way/575074620"
    },
    {
      "type": "Feature",
      "properties": {
        "@id": "way/575097231",
        "amenity": "pharmacy",
        "building": "yes",
        "healthcare": "pharmacy",
        "name": "Apotek XS Mart",
        "@geometry": "center"
      },
      "geometry": {
        "type": "Point",
        "coordinates": [
          117.1125429,
          -0.4974833
        ]
      },
      "id": "way/575097231"
    },
    {
      "type": "Feature",
      "properties": {
        "@id": "way/575097240",
        "building": "yes",
        "name": "Indomaret M. Said",
        "shop": "convenience",
        "@geometry": "center"
      },
      "geometry": {
        "type": "Point",
        "coordinates": [
          117.1126558,
          -0.497275
        ]
      },
      "id": "way/575097240"
    },
    {
      "type": "Feature",
      "properties": {
        "@id": "way/575097646",
        "amenity": "pharmacy",
        "building": "yes",
        "healthcare": "pharmacy",
        "name": "Apotek Kinaya",
        "@geometry": "center"
      },
      "geometry": {
        "type": "Point",
        "coordinates": [
          117.1131448,
          -0.4948009
        ]
      },
      "id": "way/575097646"
    },
    {
      "type": "Feature",
      "properties": {
        "@id": "way/575139215",
        "building": "yes",
        "name": "Coconut Mart",
        "shop": "supermarket",
        "@geometry": "center"
      },
      "geometry": {
        "type": "Point",
        "coordinates": [
          117.0918291,
          -0.5164178
        ]
      },
      "id": "way/575139215"
    },
    {
      "type": "Feature",
      "properties": {
        "@id": "way/575188586",
        "building": "yes",
        "name": "Eramart Padat Karya",
        "shop": "convenience",
        "@geometry": "center"
      },
      "geometry": {
        "type": "Point",
        "coordinates": [
          117.1586526,
          -0.427986
        ]
      },
      "id": "way/575188586"
    },
    {
      "type": "Feature",
      "properties": {
        "@id": "way/575218226",
        "amenity": "school",
        "building": "yes",
        "name": "Sekolah Dasar Islam Al Jawahir",
        "@geometry": "center"
      },
      "geometry": {
        "type": "Point",
        "coordinates": [
          117.1577339,
          -0.4913942
        ]
      },
      "id": "way/575218226"
    },
    {
      "type": "Feature",
      "properties": {
        "@id": "way/575218995",
        "amenity": "cafe",
        "building": "yes",
        "name": "Warung Kopi Berkat - Karang Mumusa",
        "@geometry": "center"
      },
      "geometry": {
        "type": "Point",
        "coordinates": [
          117.1554968,
          -0.5013435
        ]
      },
      "id": "way/575218995"
    },
    {
      "type": "Feature",
      "properties": {
        "@id": "way/575219265",
        "amenity": "bank",
        "branch": "KCP Hidayatullah",
        "brand": "Bank Central Asia",
        "brand:wikidata": "Q806626",
        "building": "yes",
        "name": "Bank Central Asia",
        "@geometry": "center"
      },
      "geometry": {
        "type": "Point",
        "coordinates": [
          117.1578348,
          -0.5030041
        ]
      },
      "id": "way/575219265"
    },
    {
      "type": "Feature",
      "properties": {
        "@id": "way/575219521",
        "building": "yes",
        "government": "administrative",
        "name": "Dinas Pemadam Kebakaran Kota Samarinda",
        "office": "government",
        "@geometry": "center"
      },
      "geometry": {
        "type": "Point",
        "coordinates": [
          117.1554637,
          -0.5050424
        ]
      },
      "id": "way/575219521"
    },
    {
      "type": "Feature",
      "properties": {
        "@id": "way/575219523",
        "amenity": "cafe",
        "building": "yes",
        "name": "Good Quarter - Karang Mumus",
        "@geometry": "center"
      },
      "geometry": {
        "type": "Point",
        "coordinates": [
          117.1558084,
          -0.5051177
        ]
      },
      "id": "way/575219523"
    },
    {
      "type": "Feature",
      "properties": {
        "@id": "way/575256169",
        "amenity": "pharmacy",
        "branch": "KH Abul Hasan",
        "brand": "Kimia Farma",
        "brand:wikidata": "Q11264892",
        "building": "yes",
        "healthcare": "pharmacy",
        "name": "Kimia Farma",
        "@geometry": "center"
      },
      "geometry": {
        "type": "Point",
        "coordinates": [
          117.1493543,
          -0.4967608
        ]
      },
      "id": "way/575256169"
    },
    {
      "type": "Feature",
      "properties": {
        "@id": "way/575256805",
        "amenity": "bank",
        "building": "yes",
        "name": "Bank Mandiri Taspen Pangeran Diponegoroa",
        "@geometry": "center"
      },
      "geometry": {
        "type": "Point",
        "coordinates": [
          117.1490085,
          -0.5003535
        ]
      },
      "id": "way/575256805"
    },
    {
      "type": "Feature",
      "properties": {
        "@id": "way/575257621",
        "amenity": "cafe",
        "building": "yes",
        "name": "Kopiria Citra Niaga - Pelabuhan",
        "@geometry": "center"
      },
      "geometry": {
        "type": "Point",
        "coordinates": [
          117.1486656,
          -0.5034378
        ]
      },
      "id": "way/575257621"
    },
    {
      "type": "Feature",
      "properties": {
        "@id": "way/575257635",
        "Commercial": "Toko Kelontong",
        "building": "yes",
        "name": "Toko Tekad Jaya",
        "shop": "convenience",
        "@geometry": "center"
      },
      "geometry": {
        "type": "Point",
        "coordinates": [
          117.1488397,
          -0.5039496
        ]
      },
      "id": "way/575257635"
    },
    {
      "type": "Feature",
      "properties": {
        "@id": "way/575257995",
        "amenity": "bank",
        "building": "yes",
        "name": "Bank Index Pelabuhan",
        "@geometry": "center"
      },
      "geometry": {
        "type": "Point",
        "coordinates": [
          117.1530392,
          -0.50111
        ]
      },
      "id": "way/575257995"
    },
    {
      "type": "Feature",
      "properties": {
        "@id": "way/575258141",
        "Commercial": "Toko Kelontong",
        "building": "yes",
        "name": "Toko Adi Surya",
        "shop": "convenience",
        "@geometry": "center"
      },
      "geometry": {
        "type": "Point",
        "coordinates": [
          117.1532681,
          -0.5012933
        ]
      },
      "id": "way/575258141"
    },
    {
      "type": "Feature",
      "properties": {
        "@id": "way/575258148",
        "Commercial": "Toko Kelontong",
        "building": "yes",
        "name": "Indomaret Hidayatullah",
        "shop": "convenience",
        "@geometry": "center"
      },
      "geometry": {
        "type": "Point",
        "coordinates": [
          117.1537578,
          -0.5013825
        ]
      },
      "id": "way/575258148"
    },
    {
      "type": "Feature",
      "properties": {
        "@id": "way/575350974",
        "amenity": "school",
        "building": "yes",
        "name": "Yayasan Pendidikan Islam Sabilal Muhtadin",
        "@geometry": "center"
      },
      "geometry": {
        "type": "Point",
        "coordinates": [
          117.0913862,
          -0.5332103
        ]
      },
      "id": "way/575350974"
    },
    {
      "type": "Feature",
      "properties": {
        "@id": "way/575351003",
        "amenity": "school",
        "building": "yes",
        "name": "MA Sabilal Muhtadin",
        "@geometry": "center"
      },
      "geometry": {
        "type": "Point",
        "coordinates": [
          117.091667,
          -0.5329597
        ]
      },
      "id": "way/575351003"
    },
    {
      "type": "Feature",
      "properties": {
        "@id": "way/575517401",
        "amenity": "school",
        "building": "hospital",
        "name": "Stikes Dirgahayu Samarinda",
        "@geometry": "center"
      },
      "geometry": {
        "type": "Point",
        "coordinates": [
          117.1368905,
          -0.4968711
        ]
      },
      "id": "way/575517401"
    },
    {
      "type": "Feature",
      "properties": {
        "@id": "way/575517434",
        "building": "yes",
        "name": "Johan Toko",
        "shop": "convenience",
        "@geometry": "center"
      },
      "geometry": {
        "type": "Point",
        "coordinates": [
          117.1380719,
          -0.4993754
        ]
      },
      "id": "way/575517434"
    },
    {
      "type": "Feature",
      "properties": {
        "@id": "way/575580067",
        "amenity": "clinic",
        "building": "yes",
        "healthcare": "clinic",
        "name": "Klinik Ramlah Parjib 2",
        "@geometry": "center"
      },
      "geometry": {
        "type": "Point",
        "coordinates": [
          117.1538388,
          -0.4855164
        ]
      },
      "id": "way/575580067"
    },
    {
      "type": "Feature",
      "properties": {
        "@id": "way/575581625",
        "amenity": "clinic",
        "building": "yes",
        "healthcare": "clinic",
        "name": "Klinik Media Farma",
        "@geometry": "center"
      },
      "geometry": {
        "type": "Point",
        "coordinates": [
          117.1581484,
          -0.4905416
        ]
      },
      "id": "way/575581625"
    },
    {
      "type": "Feature",
      "properties": {
        "@id": "way/575594295",
        "amenity": "cafe",
        "building": "yes",
        "name": "Stom Coffee - Sungai Pinang Dalam",
        "@geometry": "center"
      },
      "geometry": {
        "type": "Point",
        "coordinates": [
          117.1742065,
          -0.4843205
        ]
      },
      "id": "way/575594295"
    },
    {
      "type": "Feature",
      "properties": {
        "@id": "way/575625579",
        "amenity": "cafe",
        "building": "yes",
        "name": "Kopi Paste - Bugis",
        "@geometry": "center"
      },
      "geometry": {
        "type": "Point",
        "coordinates": [
          117.1445061,
          -0.4943237
        ]
      },
      "id": "way/575625579"
    },
    {
      "type": "Feature",
      "properties": {
        "@id": "way/575625809",
        "building": "yes",
        "government": "administrative",
        "name": "Masyarakat Perhutanan Indonesia",
        "office": "government",
        "@geometry": "center"
      },
      "geometry": {
        "type": "Point",
        "coordinates": [
          117.1469863,
          -0.4905768
        ]
      },
      "id": "way/575625809"
    },
    {
      "type": "Feature",
      "properties": {
        "@id": "way/575626187",
        "alt_name": "Dinas Penanaman Modal Kota Samarinda",
        "amenity": "bank",
        "building": "yes",
        "government": "administrative",
        "name": "Mal Pelayanan Publik Kota Samarinda",
        "office": "government",
        "@geometry": "center"
      },
      "geometry": {
        "type": "Point",
        "coordinates": [
          117.1481171,
          -0.4861844
        ]
      },
      "id": "way/575626187"
    },
    {
      "type": "Feature",
      "properties": {
        "@id": "way/575626200",
        "amenity": "school",
        "building": "school",
        "name": "SMP Negeri 22 Samarinda",
        "@geometry": "center"
      },
      "geometry": {
        "type": "Point",
        "coordinates": [
          117.1478115,
          -0.4867669
        ]
      },
      "id": "way/575626200"
    },
    {
      "type": "Feature",
      "properties": {
        "@id": "way/575626218",
        "amenity": "school",
        "building": "school",
        "name": "SMK Negeri 1 Samarinda",
        "@geometry": "center"
      },
      "geometry": {
        "type": "Point",
        "coordinates": [
          117.147503,
          -0.4875707
        ]
      },
      "id": "way/575626218"
    },
    {
      "type": "Feature",
      "properties": {
        "@id": "way/575626439",
        "building": "yes",
        "government": "administrative",
        "name": "Gedung Guru",
        "office": "government",
        "@geometry": "center"
      },
      "geometry": {
        "type": "Point",
        "coordinates": [
          117.1500776,
          -0.4877819
        ]
      },
      "id": "way/575626439"
    },
    {
      "type": "Feature",
      "properties": {
        "@id": "way/575626520",
        "building": "yes",
        "government": "administrative",
        "name": "Uptd Teknologi Komunikasi",
        "office": "government",
        "@geometry": "center"
      },
      "geometry": {
        "type": "Point",
        "coordinates": [
          117.149611,
          -0.4891708
        ]
      },
      "id": "way/575626520"
    },
    {
      "type": "Feature",
      "properties": {
        "@id": "way/575626524",
        "building": "yes",
        "government": "administrative",
        "name": "Dinas Pendidikan Samarinda",
        "office": "government",
        "@geometry": "center"
      },
      "geometry": {
        "type": "Point",
        "coordinates": [
          117.1499292,
          -0.4892264
        ]
      },
      "id": "way/575626524"
    },
    {
      "type": "Feature",
      "properties": {
        "@id": "way/575792136",
        "amenity": "school",
        "building": "yes",
        "name": "Poltekkes Samarinda",
        "@geometry": "center"
      },
      "geometry": {
        "type": "Point",
        "coordinates": [
          117.1421849,
          -0.4837129
        ]
      },
      "id": "way/575792136"
    },
    {
      "type": "Feature",
      "properties": {
        "@id": "way/575792140",
        "amenity": "school",
        "building": "school",
        "name": "SDN 021 Samarinda Ulu",
        "@geometry": "center"
      },
      "geometry": {
        "type": "Point",
        "coordinates": [
          117.1444515,
          -0.4838788
        ]
      },
      "id": "way/575792140"
    },
    {
      "type": "Feature",
      "properties": {
        "@id": "way/575792180",
        "building": "yes",
        "government": "administrative",
        "name": "Dinas Kesehatan Samarinda Sekretariat Unit Pengaduan Masyarakat",
        "office": "government",
        "@geometry": "center"
      },
      "geometry": {
        "type": "Point",
        "coordinates": [
          117.1430286,
          -0.4969981
        ]
      },
      "id": "way/575792180"
    },
    {
      "type": "Feature",
      "properties": {
        "@id": "way/575835995",
        "building": "yes",
        "name": "Kantor Kecamatan Loa Janan Ilir",
        "office": "government",
        "@geometry": "center"
      },
      "geometry": {
        "type": "Point",
        "coordinates": [
          117.11371,
          -0.5756661
        ]
      },
      "id": "way/575835995"
    },
    {
      "type": "Feature",
      "properties": {
        "@id": "way/575962782",
        "building": "yes",
        "name": "Toko Desi Telor",
        "shop": "convenience",
        "@geometry": "center"
      },
      "geometry": {
        "type": "Point",
        "coordinates": [
          117.1937255,
          -0.4524348
        ]
      },
      "id": "way/575962782"
    },
    {
      "type": "Feature",
      "properties": {
        "@id": "way/575983613",
        "amenity": "school",
        "building": "yes",
        "name": "SD Negeri 001 Bukit Barisan",
        "@geometry": "center"
      },
      "geometry": {
        "type": "Point",
        "coordinates": [
          117.1401163,
          -0.4961528
        ]
      },
      "id": "way/575983613"
    },
    {
      "type": "Feature",
      "properties": {
        "@id": "way/575985152",
        "building": "yes",
        "government": "administrative",
        "office": "government",
        "@geometry": "center"
      },
      "geometry": {
        "type": "Point",
        "coordinates": [
          117.1393633,
          -0.5003079
        ]
      },
      "id": "way/575985152"
    },
    {
      "type": "Feature",
      "properties": {
        "@id": "way/575985455",
        "amenity": "clinic",
        "building": "yes",
        "healthcare": "clinic",
        "name": "Klinik PPK 1 Denkesyah Samarinda",
        "@geometry": "center"
      },
      "geometry": {
        "type": "Point",
        "coordinates": [
          117.142541,
          -0.4988491
        ]
      },
      "id": "way/575985455"
    },
    {
      "type": "Feature",
      "properties": {
        "@id": "way/575985573",
        "amenity": "cafe",
        "building": "yes",
        "name": "Satu Kata Coffee Co",
        "@geometry": "center"
      },
      "geometry": {
        "type": "Point",
        "coordinates": [
          117.1455846,
          -0.4971682
        ]
      },
      "id": "way/575985573"
    },
    {
      "type": "Feature",
      "properties": {
        "@id": "way/576000634",
        "building": "yes",
        "name": "Indomaret Harapan Baru",
        "shop": "convenience",
        "@geometry": "center"
      },
      "geometry": {
        "type": "Point",
        "coordinates": [
          117.1060632,
          -0.5399621
        ]
      },
      "id": "way/576000634"
    },
    {
      "type": "Feature",
      "properties": {
        "@id": "way/576372840",
        "amenity": "clinic",
        "building": "yes",
        "healthcare": "clinic",
        "name": "Puskesmas Trauma Center",
        "@geometry": "center"
      },
      "geometry": {
        "type": "Point",
        "coordinates": [
          117.0875319,
          -0.5663468
        ]
      },
      "id": "way/576372840"
    },
    {
      "type": "Feature",
      "properties": {
        "@id": "way/576373036",
        "amenity": "marketplace",
        "building": "yes",
        "name": "Pasar Wisma Loa Janan",
        "@geometry": "center"
      },
      "geometry": {
        "type": "Point",
        "coordinates": [
          117.0877237,
          -0.5672375
        ]
      },
      "id": "way/576373036"
    },
    {
      "type": "Feature",
      "properties": {
        "@id": "way/576373088",
        "addr:city": "samarinda",
        "addr:housenumber": "2",
        "addr:postcode": "75391",
        "addr:street": "Cipto Mangun Kusumo",
        "amenity": "bank",
        "building": "yes",
        "name": "Bank BNI Loa Janan Ilir Sengkotek",
        "opening_hours": "Mo-Fr 08:00-17:00",
        "@geometry": "center"
      },
      "geometry": {
        "type": "Point",
        "coordinates": [
          117.0875147,
          -0.5674651
        ]
      },
      "id": "way/576373088"
    },
    {
      "type": "Feature",
      "properties": {
        "@id": "way/576373198",
        "building": "yes",
        "name": "Iwan Swalayan Loa Janan",
        "shop": "supermarket",
        "@geometry": "center"
      },
      "geometry": {
        "type": "Point",
        "coordinates": [
          117.0875446,
          -0.5679592
        ]
      },
      "id": "way/576373198"
    },
    {
      "type": "Feature",
      "properties": {
        "@id": "way/576502021",
        "amenity": "school",
        "building": "yes",
        "name": "MI Negeri 2 Selili Samarinda",
        "@geometry": "center"
      },
      "geometry": {
        "type": "Point",
        "coordinates": [
          117.1597864,
          -0.5251258
        ]
      },
      "id": "way/576502021"
    },
    {
      "type": "Feature",
      "properties": {
        "@id": "way/576677225",
        "air_conditioning": "yes",
        "branch": "Cipto Mangun Kusumo",
        "brand": "Indomaret",
        "brand:wikidata": "Q4262825",
        "brand:wikipedia": "id:Indomaret",
        "building": "yes",
        "name": "Indomaret",
        "name:en": "Indomaret",
        "name:id": "Indomaret",
        "name:ja": "インドマレット",
        "operator": "PT. Indomarco Prismatama",
        "shop": "convenience",
        "toilets": "yes",
        "toilets:access": "permissive",
        "website": "https://www.klikindomaret.com",
        "@geometry": "center"
      },
      "geometry": {
        "type": "Point",
        "coordinates": [
          117.1242276,
          -0.532787
        ]
      },
      "id": "way/576677225"
    },
    {
      "type": "Feature",
      "properties": {
        "@id": "way/576731258",
        "amenity": "pharmacy",
        "branch": "Antasari",
        "brand": "Kimia Farma",
        "brand:wikidata": "Q11264892",
        "building": "yes",
        "healthcare": "pharmacy",
        "name": "Kimia Farma",
        "@geometry": "center"
      },
      "geometry": {
        "type": "Point",
        "coordinates": [
          117.1271257,
          -0.4926574
        ]
      },
      "id": "way/576731258"
    },
    {
      "type": "Feature",
      "properties": {
        "@id": "way/576731487",
        "amenity": "bank",
        "branch": "Unit Air Putih",
        "brand": "BNI",
        "brand:wikidata": "Q2882611",
        "building": "yes",
        "name": "BNI",
        "official_name": "Bank Negara Indonesia",
        "@geometry": "center"
      },
      "geometry": {
        "type": "Point",
        "coordinates": [
          117.1269283,
          -0.4938974
        ]
      },
      "id": "way/576731487"
    },
    {
      "type": "Feature",
      "properties": {
        "@id": "way/576731873",
        "amenity": "clinic",
        "building": "yes",
        "healthcare": "clinic",
        "name": "Klinik Umum &  Bersalin Mitra Gustianan",
        "@geometry": "center"
      },
      "geometry": {
        "type": "Point",
        "coordinates": [
          117.1264692,
          -0.4909267
        ]
      },
      "id": "way/576731873"
    },
    {
      "type": "Feature",
      "properties": {
        "@id": "way/576731900",
        "air_conditioning": "yes",
        "branch": "Plus Antasari 59",
        "brand": "Indomaret",
        "brand:wikidata": "Q4262825",
        "brand:wikipedia": "id:Indomaret",
        "building": "yes",
        "name": "Indomaret",
        "name:en": "Indomaret",
        "name:id": "Indomaret",
        "name:ja": "インドマレット",
        "operator": "PT. Indomarco Prismatama",
        "shop": "convenience",
        "toilets": "yes",
        "toilets:access": "permissive",
        "website": "https://www.klikindomaret.com",
        "@geometry": "center"
      },
      "geometry": {
        "type": "Point",
        "coordinates": [
          117.1267032,
          -0.4910595
        ]
      },
      "id": "way/576731900"
    },
    {
      "type": "Feature",
      "properties": {
        "@id": "way/576732164",
        "amenity": "pharmacy",
        "building": "yes",
        "name": "Stokist Tiens 729",
        "@geometry": "center"
      },
      "geometry": {
        "type": "Point",
        "coordinates": [
          117.1261648,
          -0.500577
        ]
      },
      "id": "way/576732164"
    },
    {
      "type": "Feature",
      "properties": {
        "@id": "way/576751134",
        "brand": "Alfamart",
        "brand:wikidata": "Q23745600",
        "building": "yes",
        "name": "Alfamart",
        "operator": "PT Sumber Alfaria Trijaya,Tbk",
        "shop": "convenience",
        "toilets": "yes",
        "toilets:access": "permissive",
        "toilets:unisex": "yes",
        "website": "https://alfamart.co.id",
        "@geometry": "center"
      },
      "geometry": {
        "type": "Point",
        "coordinates": [
          117.1677974,
          -0.4719058
        ]
      },
      "id": "way/576751134"
    },
    {
      "type": "Feature",
      "properties": {
        "@id": "way/576751331",
        "amenity": "university",
        "building": "yes",
        "name": "Kampus Lamda",
        "@geometry": "center"
      },
      "geometry": {
        "type": "Point",
        "coordinates": [
          117.1686299,
          -0.4703775
        ]
      },
      "id": "way/576751331"
    },
    {
      "type": "Feature",
      "properties": {
        "@id": "way/576751627",
        "amenity": "cafe",
        "building": "yes",
        "name": "Limau - Safe House Samarinda",
        "@geometry": "center"
      },
      "geometry": {
        "type": "Point",
        "coordinates": [
          117.1674312,
          -0.471692
        ]
      },
      "id": "way/576751627"
    },
    {
      "type": "Feature",
      "properties": {
        "@id": "way/576782491",
        "amenity": "marketplace",
        "building": "yes",
        "name": "Pasar Kemuning",
        "@geometry": "center"
      },
      "geometry": {
        "type": "Point",
        "coordinates": [
          117.095216,
          -0.5321643
        ]
      },
      "id": "way/576782491"
    },
    {
      "type": "Feature",
      "properties": {
        "@id": "way/576782944",
        "amenity": "school",
        "building": "yes",
        "name": "TK - SD Al Azhar 46 Dan 47 Samarinda",
        "@geometry": "center"
      },
      "geometry": {
        "type": "Point",
        "coordinates": [
          117.0944345,
          -0.5285862
        ]
      },
      "id": "way/576782944"
    },
    {
      "type": "Feature",
      "properties": {
        "@id": "way/577202662",
        "addr:housename": "SteakHouse",
        "addr:street": "Jalan Ahmad Yani",
        "addr:unit": "1",
        "amenity": "cafe",
        "building": "yes",
        "cuisine": "steak_house;coffee_shop",
        "diet:halal": "yes",
        "name": "Boncafé",
        "@geometry": "center"
      },
      "geometry": {
        "type": "Point",
        "coordinates": [
          117.157745,
          -0.4769599
        ]
      },
      "id": "way/577202662"
    },
    {
      "type": "Feature",
      "properties": {
        "@id": "way/577211351",
        "amenity": "school",
        "building": "yes",
        "name": "Madrasah Ibtidaiyah Ma'arif Nu 003 Samarinda",
        "@geometry": "center"
      },
      "geometry": {
        "type": "Point",
        "coordinates": [
          117.1443068,
          -0.5205647
        ]
      },
      "id": "way/577211351"
    },
    {
      "type": "Feature",
      "properties": {
        "@id": "way/577217108",
        "amenity": "pharmacy",
        "branch": "Gunung Merbabu",
        "brand": "Kimia Farma",
        "brand:wikidata": "Q11264892",
        "building": "yes",
        "healthcare": "pharmacy",
        "name": "Kimia Farma",
        "@geometry": "center"
      },
      "geometry": {
        "type": "Point",
        "coordinates": [
          117.1358093,
          -0.498839
        ]
      },
      "id": "way/577217108"
    },
    {
      "type": "Feature",
      "properties": {
        "@id": "way/577223122",
        "amenity": "school",
        "building": "yes",
        "name": "SMP Negeri 8 Samarinda",
        "@geometry": "center"
      },
      "geometry": {
        "type": "Point",
        "coordinates": [
          117.1465848,
          -0.522669
        ]
      },
      "id": "way/577223122"
    },
    {
      "type": "Feature",
      "properties": {
        "@id": "way/577230705",
        "amenity": "cafe",
        "branch": "S Parman Samarinda",
        "brand": "Starbucks",
        "brand:wikidata": "Q37158",
        "building": "yes",
        "cuisine": "coffee_shop",
        "name": "Starbucks",
        "official_name": "Starbucks Coffee",
        "takeaway": "yes",
        "@geometry": "center"
      },
      "geometry": {
        "type": "Point",
        "coordinates": [
          117.1517725,
          -0.4776794
        ]
      },
      "id": "way/577230705"
    },
    {
      "type": "Feature",
      "properties": {
        "@id": "way/577249210",
        "amenity": "police",
        "building": "yes",
        "name": "Kantor Samsat Pembantu Samarinda Seberang",
        "@geometry": "center"
      },
      "geometry": {
        "type": "Point",
        "coordinates": [
          117.1457609,
          -0.5171466
        ]
      },
      "id": "way/577249210"
    },
    {
      "type": "Feature",
      "properties": {
        "@id": "way/577249457",
        "amenity": "clinic",
        "building": "yes",
        "healthcare": "clinic",
        "name": "Klinik Dan Rumah Bersalin Hasanah",
        "@geometry": "center"
      },
      "geometry": {
        "type": "Point",
        "coordinates": [
          117.1459724,
          -0.5179502
        ]
      },
      "id": "way/577249457"
    },
    {
      "type": "Feature",
      "properties": {
        "@id": "way/577329866",
        "amenity": "school",
        "building": "yes",
        "name": "SDN 017 Samarinda Ulu",
        "@geometry": "center"
      },
      "geometry": {
        "type": "Point",
        "coordinates": [
          117.129995,
          -0.4961224
        ]
      },
      "id": "way/577329866"
    },
    {
      "type": "Feature",
      "properties": {
        "@id": "way/577330539",
        "amenity": "pharmacy",
        "building": "yes",
        "healthcare": "pharmacy",
        "name": "Apotek Farmacare",
        "@geometry": "center"
      },
      "geometry": {
        "type": "Point",
        "coordinates": [
          117.1362271,
          -0.4990033
        ]
      },
      "id": "way/577330539"
    },
    {
      "type": "Feature",
      "properties": {
        "@id": "way/577330622",
        "amenity": "hospital",
        "building": "hospital",
        "healthcare": "hospital",
        "name": "Paviliun Santo Gabriel RS Dirgahayu",
        "@geometry": "center"
      },
      "geometry": {
        "type": "Point",
        "coordinates": [
          117.1367617,
          -0.497219
        ]
      },
      "id": "way/577330622"
    },
    {
      "type": "Feature",
      "properties": {
        "@id": "way/577330995",
        "building": "yes",
        "name": "Toko Putih Orange",
        "shop": "convenience",
        "@geometry": "center"
      },
      "geometry": {
        "type": "Point",
        "coordinates": [
          117.1302929,
          -0.49978
        ]
      },
      "id": "way/577330995"
    },
    {
      "type": "Feature",
      "properties": {
        "@id": "way/577335022",
        "amenity": "clinic",
        "building": "yes",
        "healthcare": "clinic",
        "name": "Klinik Kumala",
        "@geometry": "center"
      },
      "geometry": {
        "type": "Point",
        "coordinates": [
          117.1273121,
          -0.4912922
        ]
      },
      "id": "way/577335022"
    },
    {
      "type": "Feature",
      "properties": {
        "@id": "way/577335173",
        "building": "yes",
        "name": "Amin Mart",
        "shop": "supermarket",
        "@geometry": "center"
      },
      "geometry": {
        "type": "Point",
        "coordinates": [
          117.1306205,
          -0.4903503
        ]
      },
      "id": "way/577335173"
    },
    {
      "type": "Feature",
      "properties": {
        "@id": "way/577335197",
        "amenity": "cafe",
        "building": "yes",
        "name": "Pojokan Hanania Cafe And Eatery - Samarinda Ulu",
        "@geometry": "center"
      },
      "geometry": {
        "type": "Point",
        "coordinates": [
          117.1317807,
          -0.4899531
        ]
      },
      "id": "way/577335197"
    },
    {
      "type": "Feature",
      "properties": {
        "@id": "way/577335198",
        "amenity": "pharmacy",
        "building": "yes",
        "healthcare": "pharmacy",
        "name": "Apotek T3",
        "@geometry": "center"
      },
      "geometry": {
        "type": "Point",
        "coordinates": [
          117.1316264,
          -0.4899283
        ]
      },
      "id": "way/577335198"
    },
    {
      "type": "Feature",
      "properties": {
        "@id": "way/577335425",
        "amenity": "clinic",
        "building": "yes",
        "healthcare": "clinic",
        "name": "Bidan Ekawaty Teluk Lerong Ilir",
        "@geometry": "center"
      },
      "geometry": {
        "type": "Point",
        "coordinates": [
          117.1310182,
          -0.4928969
        ]
      },
      "id": "way/577335425"
    },
    {
      "type": "Feature",
      "properties": {
        "@id": "way/577335562",
        "amenity": "bank",
        "building": "yes",
        "name": "BPD Kaltimtara KCP Antasari",
        "@geometry": "center"
      },
      "geometry": {
        "type": "Point",
        "coordinates": [
          117.1275419,
          -0.4930891
        ]
      },
      "id": "way/577335562"
    },
    {
      "type": "Feature",
      "properties": {
        "@id": "way/577335564",
        "amenity": "bank",
        "branch": "KCP Antasari",
        "brand": "Bank Central Asia",
        "brand:wikidata": "Q806626",
        "building": "yes",
        "name": "Bank Central Asia",
        "official_name": "Bank Central Asia",
        "@geometry": "center"
      },
      "geometry": {
        "type": "Point",
        "coordinates": [
          117.1275239,
          -0.4933172
        ]
      },
      "id": "way/577335564"
    },
    {
      "type": "Feature",
      "properties": {
        "@id": "way/577416017",
        "amenity": "clinic",
        "building": "yes",
        "healthcare": "clinic",
        "name": "Posyandu Bunga Tulip",
        "operator": "Posyandu",
        "operator:wikidata": "Q12506263",
        "@geometry": "center"
      },
      "geometry": {
        "type": "Point",
        "coordinates": [
          117.1737964,
          -0.4564783
        ]
      },
      "id": "way/577416017"
    },
    {
      "type": "Feature",
      "properties": {
        "@id": "way/577424238",
        "Commercial": "Toko Kelontong",
        "building": "yes",
        "name": "Swalayan GBE",
        "shop": "supermarket",
        "@geometry": "center"
      },
      "geometry": {
        "type": "Point",
        "coordinates": [
          117.1745309,
          -0.4611365
        ]
      },
      "id": "way/577424238"
    },
    {
      "type": "Feature",
      "properties": {
        "@id": "way/577424289",
        "building": "yes",
        "government": "administrative",
        "name": "Dinas Pekerjaan Umum dan Penataan Ruang Kota Samarinda",
        "office": "government",
        "@geometry": "center"
      },
      "geometry": {
        "type": "Point",
        "coordinates": [
          117.1775948,
          -0.4589553
        ]
      },
      "id": "way/577424289"
    },
    {
      "type": "Feature",
      "properties": {
        "@id": "way/577424294",
        "amenity": "school",
        "building": "yes",
        "name": "SMA Negeri 13 Samarinda",
        "@geometry": "center"
      },
      "geometry": {
        "type": "Point",
        "coordinates": [
          117.1787254,
          -0.4594621
        ]
      },
      "id": "way/577424294"
    },
    {
      "type": "Feature",
      "properties": {
        "@id": "way/577462772",
        "addr:city": "Samarinda",
        "addr:street": "Dokter Soetomo",
        "amenity": "cafe",
        "building": "yes",
        "cuisine": "asian",
        "name": "Ngerujak mangga muda",
        "phone": "+6283140060003",
        "@geometry": "center"
      },
      "geometry": {
        "type": "Point",
        "coordinates": [
          117.1477269,
          -0.4804757
        ]
      },
      "id": "way/577462772"
    },
    {
      "type": "Feature",
      "properties": {
        "@id": "way/577481920",
        "air_conditioning": "yes",
        "brand": "Indomaret",
        "brand:wikidata": "Q4262825",
        "brand:wikipedia": "id:Indomaret",
        "building": "yes",
        "name": "Indomaret",
        "name:en": "Indomaret",
        "name:id": "Indomaret",
        "name:ja": "インドマレット",
        "operator": "PT. Indomarco Prismatama",
        "shop": "convenience",
        "toilets": "yes",
        "toilets:access": "permissive",
        "website": "https://www.klikindomaret.com",
        "@geometry": "center"
      },
      "geometry": {
        "type": "Point",
        "coordinates": [
          117.1449291,
          -0.4784661
        ]
      },
      "id": "way/577481920"
    },
    {
      "type": "Feature",
      "properties": {
        "@id": "way/577481923",
        "amenity": "pharmacy",
        "building": "yes",
        "name": "Apotek Nur Akbar",
        "@geometry": "center"
      },
      "geometry": {
        "type": "Point",
        "coordinates": [
          117.1451091,
          -0.4784395
        ]
      },
      "id": "way/577481923"
    },
    {
      "type": "Feature",
      "properties": {
        "@id": "way/577482322",
        "amenity": "fuel",
        "building": "yes",
        "name": "SPBU Pertamina 6475104",
        "@geometry": "center"
      },
      "geometry": {
        "type": "Point",
        "coordinates": [
          117.1119745,
          -0.5293437
        ]
      },
      "id": "way/577482322"
    },
    {
      "type": "Feature",
      "properties": {
        "@id": "way/577491670",
        "addr:full": "Jl. Ir. H. Juanda No.45 Kel. Air Hitam 75124",
        "admin_level": "5",
        "building": "yes",
        "building:levels": "2",
        "name": "Kantor Imigrasi Kelas 1 Samarinda",
        "office": "government",
        "url": "kanim_samarinda@imigrasi.go.id",
        "website": "http://imigrasisamarinda.org",
        "@geometry": "center"
      },
      "geometry": {
        "type": "Point",
        "coordinates": [
          117.1371399,
          -0.4759849
        ]
      },
      "id": "way/577491670"
    },
    {
      "type": "Feature",
      "properties": {
        "@id": "way/577506425",
        "amenity": "clinic",
        "building": "yes",
        "healthcare": "clinic",
        "name": "Klinik Ibnu Artanabil",
        "@geometry": "center"
      },
      "geometry": {
        "type": "Point",
        "coordinates": [
          117.1788609,
          -0.4783793
        ]
      },
      "id": "way/577506425"
    },
    {
      "type": "Feature",
      "properties": {
        "@id": "way/577523453",
        "amenity": "school",
        "building": "yes",
        "name": "SDN 004 Samarinda",
        "@geometry": "center"
      },
      "geometry": {
        "type": "Point",
        "coordinates": [
          117.1705717,
          -0.4826409
        ]
      },
      "id": "way/577523453"
    },
    {
      "type": "Feature",
      "properties": {
        "@id": "way/577523536",
        "amenity": "school",
        "building": "yes",
        "name": "Rumah Qur'an Nurani",
        "@geometry": "center"
      },
      "geometry": {
        "type": "Point",
        "coordinates": [
          117.1697635,
          -0.4783011
        ]
      },
      "id": "way/577523536"
    },
    {
      "type": "Feature",
      "properties": {
        "@id": "way/577523789",
        "Commercial": "Toko Kelontong",
        "building": "yes",
        "name": "Indomaret Sentosa",
        "shop": "convenience",
        "@geometry": "center"
      },
      "geometry": {
        "type": "Point",
        "coordinates": [
          117.1694533,
          -0.4749451
        ]
      },
      "id": "way/577523789"
    },
    {
      "type": "Feature",
      "properties": {
        "@id": "way/577565297",
        "Commercial": "Toko Kelontong",
        "brand": "Alfamart",
        "brand:wikidata": "Q23745600",
        "building": "yes",
        "name": "Alfamart",
        "operator": "PT Sumber Alfaria Trijaya,Tbk",
        "shop": "convenience",
        "toilets": "yes",
        "toilets:access": "permissive",
        "toilets:unisex": "yes",
        "website": "https://alfamart.co.id",
        "@geometry": "center"
      },
      "geometry": {
        "type": "Point",
        "coordinates": [
          117.1635859,
          -0.4827135
        ]
      },
      "id": "way/577565297"
    },
    {
      "type": "Feature",
      "properties": {
        "@id": "way/577573625",
        "amenity": "cafe",
        "building": "yes",
        "name": "Kopi Soe - Samarinda",
        "@geometry": "center"
      },
      "geometry": {
        "type": "Point",
        "coordinates": [
          117.1629167,
          -0.4806729
        ]
      },
      "id": "way/577573625"
    },
    {
      "type": "Feature",
      "properties": {
        "@id": "way/577587984",
        "amenity": "university",
        "building": "yes",
        "name": "Fakultas Hukum Unmul",
        "@geometry": "center"
      },
      "geometry": {
        "type": "Point",
        "coordinates": [
          117.1592777,
          -0.4689181
        ]
      },
      "id": "way/577587984"
    },
    {
      "type": "Feature",
      "properties": {
        "@id": "way/577610744",
        "amenity": "school",
        "building": "yes",
        "name": "SD Negeri 017 Samarinda Ulu",
        "@geometry": "center"
      },
      "geometry": {
        "type": "Point",
        "coordinates": [
          117.1402834,
          -0.4616612
        ]
      },
      "id": "way/577610744"
    },
    {
      "type": "Feature",
      "properties": {
        "@id": "way/577610905",
        "amenity": "school",
        "building": "yes",
        "name": "SMA Negri 16 Samarinda",
        "@geometry": "center"
      },
      "geometry": {
        "type": "Point",
        "coordinates": [
          117.139443,
          -0.470649
        ]
      },
      "id": "way/577610905"
    },
    {
      "type": "Feature",
      "properties": {
        "@id": "way/577611450",
        "building": "yes",
        "name": "Dinas Kesehatan Prov Kaltim",
        "office": "government",
        "@geometry": "center"
      },
      "geometry": {
        "type": "Point",
        "coordinates": [
          117.1391651,
          -0.4689858
        ]
      },
      "id": "way/577611450"
    },
    {
      "type": "Feature",
      "properties": {
        "@id": "way/577612143",
        "building": "yes",
        "name": "Toko Rara",
        "shop": "convenience",
        "@geometry": "center"
      },
      "geometry": {
        "type": "Point",
        "coordinates": [
          117.1397486,
          -0.46185
        ]
      },
      "id": "way/577612143"
    },
    {
      "type": "Feature",
      "properties": {
        "@id": "way/577612149",
        "building": "yes",
        "name": "Indomaret Gunung Kelua",
        "shop": "convenience",
        "@geometry": "center"
      },
      "geometry": {
        "type": "Point",
        "coordinates": [
          117.139608,
          -0.461449
        ]
      },
      "id": "way/577612149"
    },
    {
      "type": "Feature",
      "properties": {
        "@id": "way/577622050",
        "amenity": "pharmacy",
        "building": "yes",
        "healthcare": "pharmacy",
        "name": "Apotek Kurniawan",
        "@geometry": "center"
      },
      "geometry": {
        "type": "Point",
        "coordinates": [
          117.1521189,
          -0.4635483
        ]
      },
      "id": "way/577622050"
    },
    {
      "type": "Feature",
      "properties": {
        "@id": "way/577622149",
        "amenity": "cafe",
        "building": "yes",
        "internet_access": "yes",
        "name": "cafe 777",
        "opening_hours": "Mo-Su 09:00-21:00",
        "@geometry": "center"
      },
      "geometry": {
        "type": "Point",
        "coordinates": [
          117.1492589,
          -0.46559
        ]
      },
      "id": "way/577622149"
    },
    {
      "type": "Feature",
      "properties": {
        "@id": "way/577622167",
        "amenity": "cafe",
        "building": "yes",
        "name": "mastumin",
        "@geometry": "center"
      },
      "geometry": {
        "type": "Point",
        "coordinates": [
          117.1497946,
          -0.4648978
        ]
      },
      "id": "way/577622167"
    },
    {
      "type": "Feature",
      "properties": {
        "@id": "way/577622216",
        "amenity": "cafe",
        "building": "yes",
        "name": "kopi dari hati",
        "@geometry": "center"
      },
      "geometry": {
        "type": "Point",
        "coordinates": [
          117.1501705,
          -0.4640479
        ]
      },
      "id": "way/577622216"
    },
    {
      "type": "Feature",
      "properties": {
        "@id": "way/577622328",
        "amenity": "clinic",
        "building": "yes",
        "healthcare": "clinic",
        "name": "Biro Psikologi Mata Hati Samarinda",
        "@geometry": "center"
      },
      "geometry": {
        "type": "Point",
        "coordinates": [
          117.1562551,
          -0.465151
        ]
      },
      "id": "way/577622328"
    },
    {
      "type": "Feature",
      "properties": {
        "@id": "way/577622395",
        "addr:street": "Jalan Perjuangan",
        "air_conditioning": "yes",
        "brand": "Indomaret",
        "brand:wikidata": "Q4262825",
        "brand:wikipedia": "id:Indomaret",
        "building": "yes",
        "name": "Indomaret",
        "name:en": "Indomaret",
        "name:id": "Indomaret",
        "name:ja": "インドマレット",
        "opening_hours": "24/7",
        "operator": "PT. Indomarco Prismatama",
        "payment:cash": "yes",
        "payment:credit_cards": "yes",
        "payment:debit_cards": "yes",
        "payment:mastercard": "yes",
        "payment:visa": "yes",
        "shop": "convenience",
        "toilets": "yes",
        "toilets:access": "permissive",
        "website": "https://www.klikindomaret.com",
        "@geometry": "center"
      },
      "geometry": {
        "type": "Point",
        "coordinates": [
          117.1571796,
          -0.4626241
        ]
      },
      "id": "way/577622395"
    },
    {
      "type": "Feature",
      "properties": {
        "@id": "way/577622487",
        "amenity": "clinic",
        "building": "yes",
        "healthcare": "clinic",
        "name": "Klinik Utama Psikiatri Apotek Famro",
        "@geometry": "center"
      },
      "geometry": {
        "type": "Point",
        "coordinates": [
          117.156521,
          -0.46267
        ]
      },
      "id": "way/577622487"
    },
    {
      "type": "Feature",
      "properties": {
        "@id": "way/577622996",
        "amenity": "clinic",
        "building": "yes",
        "healthcare": "clinic",
        "name": "Praktek Dokter Umum Bersama M Yamin",
        "@geometry": "center"
      },
      "geometry": {
        "type": "Point",
        "coordinates": [
          117.1484863,
          -0.4662602
        ]
      },
      "id": "way/577622996"
    },
    {
      "type": "Feature",
      "properties": {
        "@id": "way/577763244",
        "building": "yes",
        "name": "Balai Wilayah Sungai Kalimantan IV",
        "office": "government",
        "@geometry": "center"
      },
      "geometry": {
        "type": "Point",
        "coordinates": [
          117.1224013,
          -0.4865454
        ]
      },
      "id": "way/577763244"
    },
    {
      "type": "Feature",
      "properties": {
        "@id": "way/577764472",
        "amenity": "bank",
        "branch": "Unit Air Putih",
        "brand": "BRI",
        "brand:wikidata": "Q623042",
        "building": "yes",
        "name": "BRI",
        "official_name": "Bank Rakyat Indonesia",
        "@geometry": "center"
      },
      "geometry": {
        "type": "Point",
        "coordinates": [
          117.125196,
          -0.4856898
        ]
      },
      "id": "way/577764472"
    },
    {
      "type": "Feature",
      "properties": {
        "@id": "way/577764573",
        "building": "yes",
        "name": "DPM - PEMDES Provinsi Kaltim",
        "office": "government",
        "@geometry": "center"
      },
      "geometry": {
        "type": "Point",
        "coordinates": [
          117.1216218,
          -0.4871082
        ]
      },
      "id": "way/577764573"
    },
    {
      "type": "Feature",
      "properties": {
        "@id": "way/577769252",
        "addr:city": "Samarinda",
        "addr:housenumber": "27-C",
        "addr:street": "Juanda 4",
        "amenity": "marketplace",
        "name": "Toko Sembako Om Iyay",
        "@geometry": "center"
      },
      "geometry": {
        "type": "Point",
        "coordinates": [
          117.1336777,
          -0.483447
        ]
      },
      "id": "way/577769252"
    },
    {
      "type": "Feature",
      "properties": {
        "@id": "way/577769278",
        "addr:city": "Samarinda",
        "addr:housenumber": "27C",
        "addr:street": "Juanda 4",
        "amenity": "marketplace",
        "name": "Toko sembako om Iyay",
        "@geometry": "center"
      },
      "geometry": {
        "type": "Point",
        "coordinates": [
          117.1339953,
          -0.4841989
        ]
      },
      "id": "way/577769278"
    },
    {
      "type": "Feature",
      "properties": {
        "@id": "way/578292996",
        "amenity": "doctors",
        "building": "yes",
        "healthcare": "doctor",
        "healthcare:speciality": "general",
        "name": "Praktek Dokter Agung",
        "@geometry": "center"
      },
      "geometry": {
        "type": "Point",
        "coordinates": [
          117.1829378,
          -0.5737343
        ]
      },
      "id": "way/578292996"
    },
    {
      "type": "Feature",
      "properties": {
        "@id": "way/580694533",
        "building": "yes",
        "name": "Budi mart",
        "shop": "supermarket",
        "@geometry": "center"
      },
      "geometry": {
        "type": "Point",
        "coordinates": [
          117.1539629,
          -0.4408468
        ]
      },
      "id": "way/580694533"
    },
    {
      "type": "Feature",
      "properties": {
        "@id": "way/580715475",
        "building": "yes",
        "name": "Toko Bintang Timur",
        "shop": "convenience",
        "@geometry": "center"
      },
      "geometry": {
        "type": "Point",
        "coordinates": [
          117.1816601,
          -0.4644491
        ]
      },
      "id": "way/580715475"
    },
    {
      "type": "Feature",
      "properties": {
        "@id": "way/580715997",
        "building": "yes",
        "name": "Indomaret Damanhuri 2 Samarinda",
        "shop": "convenience",
        "@geometry": "center"
      },
      "geometry": {
        "type": "Point",
        "coordinates": [
          117.1875732,
          -0.4768064
        ]
      },
      "id": "way/580715997"
    },
    {
      "type": "Feature",
      "properties": {
        "@id": "way/580720324",
        "Commercial": "Toko Kelontong",
        "building": "yes",
        "name": "Indogrosir Samarinda",
        "shop": "supermarket",
        "@geometry": "center"
      },
      "geometry": {
        "type": "Point",
        "coordinates": [
          117.1494527,
          -0.4514643
        ]
      },
      "id": "way/580720324"
    },
    {
      "type": "Feature",
      "properties": {
        "@id": "way/581256048",
        "building": "yes",
        "name": "Alfamidi Kapten Soedjono",
        "shop": "supermarket",
        "@geometry": "center"
      },
      "geometry": {
        "type": "Point",
        "coordinates": [
          117.1643983,
          -0.5266526
        ]
      },
      "id": "way/581256048"
    },
    {
      "type": "Feature",
      "properties": {
        "@id": "way/581264497",
        "building": "stilt_house",
        "name": "Toko Syarifudin",
        "shop": "convenience",
        "@geometry": "center"
      },
      "geometry": {
        "type": "Point",
        "coordinates": [
          117.14104,
          -0.5072732
        ]
      },
      "id": "way/581264497"
    },
    {
      "type": "Feature",
      "properties": {
        "@id": "way/581279888",
        "amenity": "clinic",
        "building": "yes",
        "healthcare": "clinic",
        "name": "Klinik Hj. Ninik Kustiani 2",
        "@geometry": "center"
      },
      "geometry": {
        "type": "Point",
        "coordinates": [
          117.1362524,
          -0.5292126
        ]
      },
      "id": "way/581279888"
    },
    {
      "type": "Feature",
      "properties": {
        "@id": "way/582246244",
        "amenity": "school",
        "building": "yes",
        "name": "Yayasan Fastabiqul Khairat",
        "@geometry": "center"
      },
      "geometry": {
        "type": "Point",
        "coordinates": [
          117.141389,
          -0.4550446
        ]
      },
      "id": "way/582246244"
    },
    {
      "type": "Feature",
      "properties": {
        "@id": "way/582490897",
        "building": "yes",
        "name": "Eramart Loa Janan",
        "shop": "supermarket",
        "@geometry": "center"
      },
      "geometry": {
        "type": "Point",
        "coordinates": [
          117.0878801,
          -0.5722848
        ]
      },
      "id": "way/582490897"
    },
    {
      "type": "Feature",
      "properties": {
        "@id": "way/582744766",
        "building": "yes",
        "name": "Toko Imam",
        "shop": "convenience",
        "@geometry": "center"
      },
      "geometry": {
        "type": "Point",
        "coordinates": [
          117.1364821,
          -0.4856524
        ]
      },
      "id": "way/582744766"
    },
    {
      "type": "Feature",
      "properties": {
        "@id": "way/582773067",
        "amenity": "clinic",
        "building": "yes",
        "healthcare": "clinic",
        "name": "Klinik dan Apotek Kimia Farma Amanah",
        "@geometry": "center"
      },
      "geometry": {
        "type": "Point",
        "coordinates": [
          117.155937,
          -0.4502018
        ]
      },
      "id": "way/582773067"
    },
    {
      "type": "Feature",
      "properties": {
        "@id": "way/582773554",
        "building": "yes",
        "government": "prosecutor",
        "name": "Perum Damri",
        "office": "government",
        "@geometry": "center"
      },
      "geometry": {
        "type": "Point",
        "coordinates": [
          117.1469313,
          -0.4513193
        ]
      },
      "id": "way/582773554"
    },
    {
      "type": "Feature",
      "properties": {
        "@id": "way/582773819",
        "building": "yes",
        "name": "PKP2A III LAN Samarinda",
        "office": "government",
        "@geometry": "center"
      },
      "geometry": {
        "type": "Point",
        "coordinates": [
          117.13457,
          -0.4536363
        ]
      },
      "id": "way/582773819"
    },
    {
      "type": "Feature",
      "properties": {
        "@id": "way/582773934",
        "addr:city": "Samarinda",
        "addr:postcode": "75243",
        "addr:street": "K.H. Wahid Hasyim I",
        "building": "yes",
        "name": "Auto Swalayan",
        "opening_hours": "24/7",
        "payment:cash": "yes",
        "payment:coins": "yes",
        "payment:credit_cards": "yes",
        "payment:debit_cards": "yes",
        "payment:mastercard": "yes",
        "payment:visa": "yes",
        "phone": "0821-5415-4819",
        "shop": "supermarket",
        "@geometry": "center"
      },
      "geometry": {
        "type": "Point",
        "coordinates": [
          117.1503107,
          -0.4607058
        ]
      },
      "id": "way/582773934"
    },
    {
      "type": "Feature",
      "properties": {
        "@id": "way/582940667",
        "amenity": "university",
        "building": "yes",
        "name": "Fakultas Kesehatan Masyarakat",
        "@geometry": "center"
      },
      "geometry": {
        "type": "Point",
        "coordinates": [
          117.1602018,
          -0.4688911
        ]
      },
      "id": "way/582940667"
    },
    {
      "type": "Feature",
      "properties": {
        "@id": "way/583414609",
        "admin_level": "7",
        "building": "yes",
        "name": "Kantor Kelurahan Sindang Sari",
        "office": "government",
        "short_name": "Kantor Lurah Sindang Sari",
        "@geometry": "center"
      },
      "geometry": {
        "type": "Point",
        "coordinates": [
          117.2313855,
          -0.5607498
        ]
      },
      "id": "way/583414609"
    },
    {
      "type": "Feature",
      "properties": {
        "@id": "way/612263835",
        "leisure": "stadium",
        "name": "Stadion Segiri",
        "name:en": "Segiri Samarinda Stadium",
        "name:id": "Stadion Segiri",
        "sport": "soccer;athletics",
        "wikidata": "Q7446256",
        "wikipedia": "id:Stadion Segiri",
        "@geometry": "center"
      },
      "geometry": {
        "type": "Point",
        "coordinates": [
          117.1492754,
          -0.4930456
        ]
      },
      "id": "way/612263835"
    },
    {
      "type": "Feature",
      "properties": {
        "@id": "way/627051827",
        "building": "yes",
        "office": "government",
        "@geometry": "center"
      },
      "geometry": {
        "type": "Point",
        "coordinates": [
          117.1188301,
          -0.4911364
        ]
      },
      "id": "way/627051827"
    },
    {
      "type": "Feature",
      "properties": {
        "@id": "way/674055639",
        "aerodrome:type": "international",
        "aeroway": "aerodrome",
        "alt_name": "Bandara Sungai Siring;Bandara Internsional Samarinda",
        "alt_name:en": "Sungai Siring Airport;Samarinda International Airport",
        "city_served": "Samarinda",
        "ele": "25",
        "iata": "AAP",
        "icao": "WALS",
        "name": "Bandar Udara Aji Pangeran Tumenggung Pranoto",
        "name:en": "Aji Pangeran Tumenggung Pranoto International Airport",
        "name:id": "Bandar Udara Udara Aji Pangeran Tumenggung Pranoto",
        "name:vi": "Sân bay quốc tế Samarinda",
        "name:zh": "沙馬林達國際機場",
        "operator": "UPBU Samarinda",
        "short_name": "Bandara APT Pranoto",
        "short_name:en": "APT Pranoto International Airport",
        "short_name:id": "Bandara APT Pranoto",
        "start_date": "2018-05-24",
        "wikidata": "Q1927133",
        "wikipedia": "id:Bandar Udara Aji Pangeran Tumenggung Pranoto",
        "@geometry": "center"
      },
      "geometry": {
        "type": "Point",
        "coordinates": [
          117.2498413,
          -0.3741198
        ]
      },
      "id": "way/674055639"
    },
    {
      "type": "Feature",
      "properties": {
        "@id": "way/686991174",
        "amenity": "school",
        "name": "SD Negeri 012 Samarinda Utara",
        "@geometry": "center"
      },
      "geometry": {
        "type": "Point",
        "coordinates": [
          117.1570902,
          -0.4510722
        ]
      },
      "id": "way/686991174"
    },
    {
      "type": "Feature",
      "properties": {
        "@id": "way/686991180",
        "addr:city": "Samarinda",
        "addr:postcode": "75243",
        "addr:street": "Jalan Perjuangan",
        "amenity": "school",
        "name": "SMA Negeri 16 Samarinda",
        "@geometry": "center"
      },
      "geometry": {
        "type": "Point",
        "coordinates": [
          117.1567132,
          -0.4578917
        ]
      },
      "id": "way/686991180"
    },
    {
      "type": "Feature",
      "properties": {
        "@id": "way/756965364",
        "amenity": "university",
        "name": "Universitas Mulawarman",
        "@geometry": "center"
      },
      "geometry": {
        "type": "Point",
        "coordinates": [
          117.1548732,
          -0.4692957
        ]
      },
      "id": "way/756965364"
    },
    {
      "type": "Feature",
      "properties": {
        "@id": "way/783003606",
        "amenity": "hospital",
        "building": "hospital",
        "healthcare": "hospital",
        "name": "Pavilyun Gemma RS Dirgahayu",
        "@geometry": "center"
      },
      "geometry": {
        "type": "Point",
        "coordinates": [
          117.1370493,
          -0.4965587
        ]
      },
      "id": "way/783003606"
    },
    {
      "type": "Feature",
      "properties": {
        "@id": "way/783009447",
        "addr:city": "Samarinda",
        "addr:full": "Jalan Teuku Umar No.Kelurahan, RT.34, Karang Asam Ilir, Kec. Sungai Kunjang, Kota Samarinda, Kalimantan Timur 75126",
        "amenity": "hospital",
        "healthcare": "hospital",
        "name": "RS Hermina Samarinda",
        "operator:type": "private",
        "website": "https://herminahospitals.com/",
        "@geometry": "center"
      },
      "geometry": {
        "type": "Point",
        "coordinates": [
          117.1092158,
          -0.5074309
        ]
      },
      "id": "way/783009447"
    },
    {
      "type": "Feature",
      "properties": {
        "@id": "way/784433493",
        "amenity": "hospital",
        "building": "hospital",
        "healthcare": "hospital",
        "name": "Perawatan Anak St Theresia RS Dirgahayu",
        "@geometry": "center"
      },
      "geometry": {
        "type": "Point",
        "coordinates": [
          117.1372418,
          -0.4969864
        ]
      },
      "id": "way/784433493"
    },
    {
      "type": "Feature",
      "properties": {
        "@id": "way/784504440",
        "air_conditioning": "yes",
        "brand": "Indomaret",
        "brand:wikidata": "Q4262825",
        "brand:wikipedia": "id:Indomaret",
        "building": "yes",
        "name": "Indomaret",
        "name:en": "Indomaret",
        "name:id": "Indomaret",
        "name:ja": "インドマレット",
        "opening_hours": "Mo-Su 07:00-22:00",
        "operator": "PT. Indomarco Prismatama",
        "shop": "convenience",
        "toilets": "yes",
        "toilets:access": "permissive",
        "website": "https://www.klikindomaret.com",
        "@geometry": "center"
      },
      "geometry": {
        "type": "Point",
        "coordinates": [
          117.1415585,
          -0.4732163
        ]
      },
      "id": "way/784504440"
    },
    {
      "type": "Feature",
      "properties": {
        "@id": "way/839175687",
        "leisure": "park",
        "@geometry": "center"
      },
      "geometry": {
        "type": "Point",
        "coordinates": [
          117.1654116,
          -0.4260868
        ]
      },
      "id": "way/839175687"
    },
    {
      "type": "Feature",
      "properties": {
        "@id": "way/891750953",
        "building": "yes",
        "government": "administrative",
        "name": "Kantor Kelurahan Rapak Dalam",
        "office": "government",
        "short_name": "Kantor Lurah Rapak Dalam",
        "@geometry": "center"
      },
      "geometry": {
        "type": "Point",
        "coordinates": [
          117.1390297,
          -0.518706
        ]
      },
      "id": "way/891750953"
    },
    {
      "type": "Feature",
      "properties": {
        "@id": "way/896909364",
        "leisure": "park",
        "@geometry": "center"
      },
      "geometry": {
        "type": "Point",
        "coordinates": [
          117.1376992,
          -0.5014925
        ]
      },
      "id": "way/896909364"
    },
    {
      "type": "Feature",
      "properties": {
        "@id": "way/897162716",
        "building": "yes",
        "government": "administrative",
        "name": "Dinas Kelautan & Perikan Prov. Kaltim",
        "office": "government",
        "@geometry": "center"
      },
      "geometry": {
        "type": "Point",
        "coordinates": [
          117.148162,
          -0.4902264
        ]
      },
      "id": "way/897162716"
    },
    {
      "type": "Feature",
      "properties": {
        "@id": "way/897162718",
        "building": "yes",
        "government": "administrative",
        "office": "government",
        "@geometry": "center"
      },
      "geometry": {
        "type": "Point",
        "coordinates": [
          117.1483552,
          -0.490082
        ]
      },
      "id": "way/897162718"
    },
    {
      "type": "Feature",
      "properties": {
        "@id": "way/947564047",
        "addr:city": "samarinda",
        "addr:postcode": "75243",
        "addr:street": "Jalan D.I. Pandjaitan",
        "amenity": "school",
        "name": "SMA Islam Bunga Bangsa",
        "website": "https://www.yayasanbungabangsa.org/",
        "@geometry": "center"
      },
      "geometry": {
        "type": "Point",
        "coordinates": [
          117.1910046,
          -0.4593436
        ]
      },
      "id": "way/947564047"
    },
    {
      "type": "Feature",
      "properties": {
        "@id": "way/954519194",
        "amenity": "ferry_terminal",
        "building": "yes",
        "name": "Pelabuhan Samarinda",
        "@geometry": "center"
      },
      "geometry": {
        "type": "Point",
        "coordinates": [
          117.1513728,
          -0.5054474
        ]
      },
      "id": "way/954519194"
    },
    {
      "type": "Feature",
      "properties": {
        "@id": "way/955009065",
        "amenity": "bus_station",
        "building": "yes",
        "bus": "yes",
        "name": "Terminal Bus Sungai Kunjang",
        "public_transport": "station",
        "@geometry": "center"
      },
      "geometry": {
        "type": "Point",
        "coordinates": [
          117.1106732,
          -0.5295966
        ]
      },
      "id": "way/955009065"
    },
    {
      "type": "Feature",
      "properties": {
        "@id": "way/1027658311",
        "amenity": "hospital",
        "healthcare": "hospital",
        "name": "UPT BLUD Pusat Kesehatan Masyarakat Palaran",
        "@geometry": "center"
      },
      "geometry": {
        "type": "Point",
        "coordinates": [
          117.1809597,
          -0.5672315
        ]
      },
      "id": "way/1027658311"
    },
    {
      "type": "Feature",
      "properties": {
        "@id": "way/1037102306",
        "amenity": "cafe",
        "building": "yes",
        "name": "MIGUNANI CAFE",
        "@geometry": "center"
      },
      "geometry": {
        "type": "Point",
        "coordinates": [
          117.1511607,
          -0.4627507
        ]
      },
      "id": "way/1037102306"
    },
    {
      "type": "Feature",
      "properties": {
        "@id": "way/1080238878",
        "amenity": "atm",
        "area": "yes",
        "name": "ATM CIMB Niaga KH Khalid Samarinda",
        "@geometry": "center"
      },
      "geometry": {
        "type": "Point",
        "coordinates": [
          117.1475978,
          -0.5003379
        ]
      },
      "id": "way/1080238878"
    },
    {
      "type": "Feature",
      "properties": {
        "@id": "way/1080438872",
        "amenity": "school",
        "name": "Esa Cipta Harapan School",
        "@geometry": "center"
      },
      "geometry": {
        "type": "Point",
        "coordinates": [
          117.157279,
          -0.502352
        ]
      },
      "id": "way/1080438872"
    },
    {
      "type": "Feature",
      "properties": {
        "@id": "way/1080505056",
        "amenity": "pharmacy",
        "area": "yes",
        "name": "Apotek Kimia Farma Rapak Indah",
        "@geometry": "center"
      },
      "geometry": {
        "type": "Point",
        "coordinates": [
          117.1094921,
          -0.5049923
        ]
      },
      "id": "way/1080505056"
    },
    {
      "type": "Feature",
      "properties": {
        "@id": "way/1080952677",
        "area": "yes",
        "name": "Aisyah Mart",
        "shop": "convenience",
        "@geometry": "center"
      },
      "geometry": {
        "type": "Point",
        "coordinates": [
          117.1095361,
          -0.5051686
        ]
      },
      "id": "way/1080952677"
    },
    {
      "type": "Feature",
      "properties": {
        "@id": "way/1080955211",
        "area": "yes",
        "name": "BPKH Wilayah IV Samarinda",
        "office": "government",
        "@geometry": "center"
      },
      "geometry": {
        "type": "Point",
        "coordinates": [
          117.0975383,
          -0.5073778
        ]
      },
      "id": "way/1080955211"
    },
    {
      "type": "Feature",
      "properties": {
        "@id": "way/1081078178",
        "amenity": "bank",
        "name": "Bank BCA KCP Samarinda Seberang",
        "@geometry": "center"
      },
      "geometry": {
        "type": "Point",
        "coordinates": [
          117.1342586,
          -0.5115448
        ]
      },
      "id": "way/1081078178"
    },
    {
      "type": "Feature",
      "properties": {
        "@id": "way/1090368951",
        "amenity": "school",
        "area": "yes",
        "name": "SMP Negeri 36 Samarinda",
        "@geometry": "center"
      },
      "geometry": {
        "type": "Point",
        "coordinates": [
          117.1260976,
          -0.5440059
        ]
      },
      "id": "way/1090368951"
    },
    {
      "type": "Feature",
      "properties": {
        "@id": "way/1091175361",
        "building": "yes",
        "name": "Indomaret Merbabu",
        "shop": "convenience",
        "@geometry": "center"
      },
      "geometry": {
        "type": "Point",
        "coordinates": [
          117.1364633,
          -0.4990101
        ]
      },
      "id": "way/1091175361"
    },
    {
      "type": "Feature",
      "properties": {
        "@id": "way/1091178802",
        "building": "yes",
        "name": "Indomaret Sejati",
        "shop": "convenience",
        "@geometry": "center"
      },
      "geometry": {
        "type": "Point",
        "coordinates": [
          117.1642777,
          -0.520165
        ]
      },
      "id": "way/1091178802"
    },
    {
      "type": "Feature",
      "properties": {
        "@id": "way/1094516215",
        "building": "yes",
        "name": "Balai Diklat Lingkungan Hidup Dan Kehutanan",
        "office": "government",
        "@geometry": "center"
      },
      "geometry": {
        "type": "Point",
        "coordinates": [
          117.1093641,
          -0.5305695
        ]
      },
      "id": "way/1094516215"
    },
    {
      "type": "Feature",
      "properties": {
        "@id": "way/1178351376",
        "addr:city": "Samarinda",
        "addr:street": "Jalan Untung Suropati",
        "building": "yes",
        "name": "Kantor Balai Pelatihan Kerja (BLK) Samarinda",
        "office": "government",
        "@geometry": "center"
      },
      "geometry": {
        "type": "Point",
        "coordinates": [
          117.1070987,
          -0.5320618
        ]
      },
      "id": "way/1178351376"
    },
    {
      "type": "Feature",
      "properties": {
        "@id": "way/1178372208",
        "addr:city": "Samarinda",
        "addr:street": "Jalan Basuki Rahmat",
        "building": "yes",
        "government": "administrative",
        "name": "Dinas Pertambangan",
        "office": "government",
        "@geometry": "center"
      },
      "geometry": {
        "type": "Point",
        "coordinates": [
          117.1511199,
          -0.4955524
        ]
      },
      "id": "way/1178372208"
    },
    {
      "type": "Feature",
      "properties": {
        "@id": "way/1185225056",
        "addr:city": "Samarinda",
        "addr:postcode": "75243",
        "addr:street": "Gang Persik",
        "amenity": "school",
        "name": "TK Silmi",
        "@geometry": "center"
      },
      "geometry": {
        "type": "Point",
        "coordinates": [
          117.1508961,
          -0.4608789
        ]
      },
      "id": "way/1185225056"
    },
    {
      "type": "Feature",
      "properties": {
        "@id": "way/1195546160",
        "building": "yes",
        "building:levels": "1",
        "government": "administrative",
        "name": "Kantor Kelurahan Sungai Pinang Dalam",
        "office": "government",
        "short_name": "Kantor Lurah Sungai Pinang Dalam",
        "@geometry": "center"
      },
      "geometry": {
        "type": "Point",
        "coordinates": [
          117.1647009,
          -0.4867887
        ]
      },
      "id": "way/1195546160"
    },
    {
      "type": "Feature",
      "properties": {
        "@id": "way/1195546161",
        "building": "yes",
        "building:levels": "1",
        "government": "administrative",
        "name": "Kantor Kelurahan Simpang Tiga",
        "office": "government",
        "short_name": "Kantor Lurah Simpang Tiga",
        "@geometry": "center"
      },
      "geometry": {
        "type": "Point",
        "coordinates": [
          117.0881457,
          -0.5684951
        ]
      },
      "id": "way/1195546161"
    },
    {
      "type": "Feature",
      "properties": {
        "@id": "way/1195546162",
        "building": "yes",
        "building:levels": "1",
        "government": "administrative",
        "name": "Kantor Kelurahan Baqa",
        "office": "government",
        "short_name": "Kantor Lurah Baqa",
        "@geometry": "center"
      },
      "geometry": {
        "type": "Point",
        "coordinates": [
          117.1429859,
          -0.5112089
        ]
      },
      "id": "way/1195546162"
    },
    {
      "type": "Feature",
      "properties": {
        "@id": "way/1195546163",
        "building": "yes",
        "building:levels": "1",
        "government": "administrative",
        "name": "Kantor Kelurahan Gunung Panjang",
        "office": "government",
        "short_name": "Kantor Lurah Gunung Panjang",
        "@geometry": "center"
      },
      "geometry": {
        "type": "Point",
        "coordinates": [
          117.1317519,
          -0.5299258
        ]
      },
      "id": "way/1195546163"
    },
    {
      "type": "Feature",
      "properties": {
        "@id": "way/1195546165",
        "building": "yes",
        "building:levels": "1",
        "government": "administrative",
        "name": "Kantor Kecamatan Sungai Kunjang",
        "office": "government",
        "short_name": "Kantor Camat Sungai Kunjang",
        "@geometry": "center"
      },
      "geometry": {
        "type": "Point",
        "coordinates": [
          117.0918914,
          -0.5149186
        ]
      },
      "id": "way/1195546165"
    },
    {
      "type": "Feature",
      "properties": {
        "@id": "way/1195546166",
        "building": "yes",
        "building:levels": "1",
        "government": "administrative",
        "name": "Kantor Kelurahan Loa Bakung",
        "office": "government",
        "short_name": "Kantor Lurah Loa Bakung",
        "@geometry": "center"
      },
      "geometry": {
        "type": "Point",
        "coordinates": [
          117.0917701,
          -0.5145827
        ]
      },
      "id": "way/1195546166"
    },
    {
      "type": "Feature",
      "properties": {
        "@id": "way/1195546168",
        "addr:full": "Jl. A.W. Syahranie Gg. Walet 1 Sempaja Barat",
        "admin_level": "7",
        "building": "yes",
        "building:levels": "2",
        "government": "administrative",
        "name": "Kantor Kelurahan Sempaja Barat",
        "office": "government",
        "short_name": "Kantor Lurah Sempaja Barat",
        "@geometry": "center"
      },
      "geometry": {
        "type": "Point",
        "coordinates": [
          117.1411523,
          -0.4498098
        ]
      },
      "id": "way/1195546168"
    },
    {
      "type": "Feature",
      "properties": {
        "@id": "way/1214332084",
        "addr:city": "Samarinda",
        "addr:housenumber": "5",
        "addr:postcode": "75124",
        "addr:street": "Doktorandus Haji Anang Hasyim",
        "amenity": "cafe",
        "building": "yes",
        "cuisine": "coffee_shop",
        "internet_access": "yes",
        "internet_access:fee": "no",
        "name": "Kekse Cafe",
        "opening_hours": "Mo-Su 08:00-22:00",
        "phone": "+6282134381663",
        "website": "https://www.instagram.com/keksecookies/",
        "@geometry": "center"
      },
      "geometry": {
        "type": "Point",
        "coordinates": [
          117.1296364,
          -0.4714855
        ]
      },
      "id": "way/1214332084"
    },
    {
      "type": "Feature",
      "properties": {
        "@id": "way/1217063742",
        "building": "yes",
        "name": "Pengadilan Tata Usaha Negara (Kaltim)",
        "office": "government",
        "@geometry": "center"
      },
      "geometry": {
        "type": "Point",
        "coordinates": [
          117.1360633,
          -0.5113773
        ]
      },
      "id": "way/1217063742"
    },
    {
      "type": "Feature",
      "properties": {
        "@id": "way/1217144251",
        "amenity": "bank",
        "brand": "BRI",
        "brand:wikidata": "Q623042",
        "building": "yes",
        "name": "BRI",
        "official_name": "Bank Rakyat Indonesia",
        "operator": "Bank BRI Bukit Pinang",
        "@geometry": "center"
      },
      "geometry": {
        "type": "Point",
        "coordinates": [
          117.1155737,
          -0.4626791
        ]
      },
      "id": "way/1217144251"
    },
    {
      "type": "Feature",
      "properties": {
        "@id": "way/1231435099",
        "amenity": "fuel",
        "brand": "Pertamina",
        "brand:wikidata": "Q1641044",
        "brand:wikipedia": "en:Pertamina",
        "building": "roof",
        "building:levels": "1",
        "name": "Pertamina",
        "name:en": "Pertamina",
        "@geometry": "center"
      },
      "geometry": {
        "type": "Point",
        "coordinates": [
          117.2486224,
          -0.3951244
        ]
      },
      "id": "way/1231435099"
    },
    {
      "type": "Feature",
      "properties": {
        "@id": "way/1302992978",
        "amenity": "school",
        "name": "SMP Negeri 18 Samarinda",
        "@geometry": "center"
      },
      "geometry": {
        "type": "Point",
        "coordinates": [
          117.1078124,
          -0.545271
        ]
      },
      "id": "way/1302992978"
    },
    {
      "type": "Feature",
      "properties": {
        "@id": "way/1302993045",
        "amenity": "pharmacy",
        "building": "yes",
        "name": "Apotek Aima Farma",
        "@geometry": "center"
      },
      "geometry": {
        "type": "Point",
        "coordinates": [
          117.1046028,
          -0.5404316
        ]
      },
      "id": "way/1302993045"
    },
    {
      "type": "Feature",
      "properties": {
        "@id": "way/1302993055",
        "amenity": "pharmacy",
        "building": "yes",
        "name": "Apotek Ricky",
        "@geometry": "center"
      },
      "geometry": {
        "type": "Point",
        "coordinates": [
          117.1051839,
          -0.5400139
        ]
      },
      "id": "way/1302993055"
    },
    {
      "type": "Feature",
      "properties": {
        "@id": "way/1329252298",
        "leisure": "park",
        "@geometry": "center"
      },
      "geometry": {
        "type": "Point",
        "coordinates": [
          117.1077017,
          -0.5078932
        ]
      },
      "id": "way/1329252298"
    },
    {
      "type": "Feature",
      "properties": {
        "@id": "way/1330742834",
        "leisure": "park",
        "name": "a",
        "@geometry": "center"
      },
      "geometry": {
        "type": "Point",
        "coordinates": [
          117.1290426,
          -0.4623836
        ]
      },
      "id": "way/1330742834"
    },
    {
      "type": "Feature",
      "properties": {
        "@id": "way/1352305024",
        "amenity": "school",
        "name": "Pondok Pesantren Al Muna",
        "religion": "muslim",
        "@geometry": "center"
      },
      "geometry": {
        "type": "Point",
        "coordinates": [
          117.1145926,
          -0.5070957
        ]
      },
      "id": "way/1352305024"
    },
    {
      "type": "Feature",
      "properties": {
        "@id": "way/1352462137",
        "amenity": "hospital",
        "emergency": "yes",
        "healthcare": "hospital",
        "name": "Puskesmas Lok Bahu",
        "@geometry": "center"
      },
      "geometry": {
        "type": "Point",
        "coordinates": [
          117.0863194,
          -0.4932618
        ]
      },
      "id": "way/1352462137"
    },
    {
      "type": "Feature",
      "properties": {
        "@id": "way/1352462143",
        "amenity": "school",
        "grades": "10-12",
        "name": "SMK Negeri 15 Samarinda",
        "@geometry": "center"
      },
      "geometry": {
        "type": "Point",
        "coordinates": [
          117.0853869,
          -0.4931595
        ]
      },
      "id": "way/1352462143"
    },
    {
      "type": "Feature",
      "properties": {
        "@id": "way/1360537619",
        "alt_name": "Kanwil BPN Provinsi Kaltim",
        "government": "cadaster",
        "name": "Kantor Wilayah Badan Pertanahan Nasional Provinsi Kalimantan Timur",
        "office": "government",
        "short_name": "Kanwil BPN Kaltim",
        "@geometry": "center"
      },
      "geometry": {
        "type": "Point",
        "coordinates": [
          117.1476633,
          -0.47055
        ]
      },
      "id": "way/1360537619"
    },
    {
      "type": "Feature",
      "properties": {
        "@id": "way/1364139241",
        "admin_level": "7",
        "building": "yes",
        "government": "administrative",
        "name": "Kantor Kelurahan Sungai Pinang Luar",
        "office": "government",
        "short_name": "Kantor Lurah Sungai Pinang Luar",
        "@geometry": "center"
      },
      "geometry": {
        "type": "Point",
        "coordinates": [
          117.1583332,
          -0.4933379
        ]
      },
      "id": "way/1364139241"
    },
    {
      "type": "Feature",
      "properties": {
        "@id": "way/1364139244",
        "amenity": "school",
        "name": "SD Negeri 005 Samarinda Ilir",
        "short_name": "SDN 005 Samarinda Ilir",
        "@geometry": "center"
      },
      "geometry": {
        "type": "Point",
        "coordinates": [
          117.1620588,
          -0.4934211
        ]
      },
      "id": "way/1364139244"
    },
    {
      "type": "Feature",
      "properties": {
        "@id": "way/1364139249",
        "amenity": "school",
        "name": "SD Negeri 002 Samarinda Ilir",
        "short_name": "SDN 002 Samarinda Ilir",
        "@geometry": "center"
      },
      "geometry": {
        "type": "Point",
        "coordinates": [
          117.1625814,
          -0.4918628
        ]
      },
      "id": "way/1364139249"
    },
    {
      "type": "Feature",
      "properties": {
        "@id": "way/1519379315",
        "addr:city": "Samarinda",
        "addr:housename": "Taman",
        "addr:province": "Kalimantan Timur",
        "addr:street": "Penajam",
        "leisure": "park",
        "name": "Taman Universitas Mulawarman",
        "@geometry": "center"
      },
      "geometry": {
        "type": "Point",
        "coordinates": [
          117.154372,
          -0.4711979
        ]
      },
      "id": "way/1519379315"
    },
    {
      "type": "Feature",
      "properties": {
        "@id": "way/1519379316",
        "addr:city": "Samarinda",
        "addr:province": "Kalimantan Timur",
        "addr:street": "Jalan M.A. Pahu",
        "leisure": "park",
        "name": "Taman Universitas Mulawarman",
        "@geometry": "center"
      },
      "geometry": {
        "type": "Point",
        "coordinates": [
          117.154407,
          -0.470666
        ]
      },
      "id": "way/1519379316"
    },
    {
      "type": "Feature",
      "properties": {
        "@id": "way/1519475669",
        "building": "yes",
        "layer": "1",
        "name": "bigmall samarinda",
        "opening_hours": "07:00-22:00",
        "shop": "mall",
        "@geometry": "center"
      },
      "geometry": {
        "type": "Point",
        "coordinates": [
          117.1157152,
          -0.5260383
        ]
      },
      "id": "way/1519475669"
    },
    {
      "type": "Feature",
      "properties": {
        "@id": "node/1547586618",
        "amenity": "ferry_terminal",
        "name": "Samarinda"
      },
      "geometry": {
        "type": "Point",
        "coordinates": [
          117.1548314,
          -0.5080508
        ]
      },
      "id": "node/1547586618"
    },
    {
      "type": "Feature",
      "properties": {
        "@id": "node/1579667131",
        "amenity": "police",
        "name": "Brimob"
      },
      "geometry": {
        "type": "Point",
        "coordinates": [
          117.1418808,
          -0.5121834
        ]
      },
      "id": "node/1579667131"
    },
    {
      "type": "Feature",
      "properties": {
        "@id": "node/1580868483",
        "addr:street": "Jl.KH.Harun Nafsi",
        "amenity": "school",
        "building": "yes",
        "name": "SDN 003"
      },
      "geometry": {
        "type": "Point",
        "coordinates": [
          117.1437704,
          -0.5175183
        ]
      },
      "id": "node/1580868483"
    },
    {
      "type": "Feature",
      "properties": {
        "@id": "node/1584391183",
        "amenity": "bank",
        "atm": "yes",
        "name": "Bank Kaltim Pusat",
        "opening_hours": "Tu-Su 08:00-15:00; Sa 08:00-12:00"
      },
      "geometry": {
        "type": "Point",
        "coordinates": [
          117.1433373,
          -0.5008335
        ]
      },
      "id": "node/1584391183"
    },
    {
      "type": "Feature",
      "properties": {
        "@id": "node/1588591602",
        "amenity": "marketplace",
        "name": "Pasar Sei Keledang"
      },
      "geometry": {
        "type": "Point",
        "coordinates": [
          117.1253024,
          -0.5163621
        ]
      },
      "id": "node/1588591602"
    },
    {
      "type": "Feature",
      "properties": {
        "@id": "node/1607342220",
        "addr:city": "Samarinda",
        "addr:housenumber": "Campus Wicida",
        "addr:postcode": "75123",
        "addr:street": "Jl.M Yamin",
        "amenity": "university",
        "name": "STMIK Widya Cipta Dharma (WICIDA)",
        "operator": "tbustomi@wicida.ac.id"
      },
      "geometry": {
        "type": "Point",
        "coordinates": [
          117.1495554,
          -0.4636242
        ]
      },
      "id": "node/1607342220"
    },
    {
      "type": "Feature",
      "properties": {
        "@id": "node/1607344069",
        "amenity": "school",
        "name": "SMA Negeri 14"
      },
      "geometry": {
        "type": "Point",
        "coordinates": [
          117.0905698,
          -0.5317511
        ]
      },
      "id": "node/1607344069"
    },
    {
      "type": "Feature",
      "properties": {
        "@id": "node/1607355670",
        "name": "BPK",
        "office": "government"
      },
      "geometry": {
        "type": "Point",
        "coordinates": [
          117.1201408,
          -0.4910708
        ]
      },
      "id": "node/1607355670"
    },
    {
      "type": "Feature",
      "properties": {
        "@id": "node/1607355696",
        "government": "administrative",
        "name": "DEPARTEMEN KEHUTANAN PROVINSI",
        "office": "government"
      },
      "geometry": {
        "type": "Point",
        "coordinates": [
          117.150505,
          -0.4916885
        ]
      },
      "id": "node/1607355696"
    },
    {
      "type": "Feature",
      "properties": {
        "@id": "node/1607355702",
        "name": "PT. Biro Klasifikasi Indonesia",
        "office": "government"
      },
      "geometry": {
        "type": "Point",
        "coordinates": [
          117.1245686,
          -0.4853229
        ]
      },
      "id": "node/1607355702"
    },
    {
      "type": "Feature",
      "properties": {
        "@id": "node/1607355759",
        "name": "Pengadilan Tinggi Agama",
        "office": "government"
      },
      "geometry": {
        "type": "Point",
        "coordinates": [
          117.1216667,
          -0.4872972
        ]
      },
      "id": "node/1607355759"
    },
    {
      "type": "Feature",
      "properties": {
        "@id": "node/1607355777",
        "name": "BPKP",
        "office": "government"
      },
      "geometry": {
        "type": "Point",
        "coordinates": [
          117.1218942,
          -0.4886931
        ]
      },
      "id": "node/1607355777"
    },
    {
      "type": "Feature",
      "properties": {
        "@id": "node/1607355779",
        "name": "Kantor Pengadilan Negeri",
        "office": "government"
      },
      "geometry": {
        "type": "Point",
        "coordinates": [
          117.1210383,
          -0.4882526
        ]
      },
      "id": "node/1607355779"
    },
    {
      "type": "Feature",
      "properties": {
        "@id": "node/1607355785",
        "name": "Departemen Pertanian",
        "office": "government"
      },
      "geometry": {
        "type": "Point",
        "coordinates": [
          117.1222484,
          -0.4866305
        ]
      },
      "id": "node/1607355785"
    },
    {
      "type": "Feature",
      "properties": {
        "@id": "node/1608256158",
        "government": "administrative",
        "name": "Departemen Agama",
        "office": "government"
      },
      "geometry": {
        "type": "Point",
        "coordinates": [
          117.152251,
          -0.4958747
        ]
      },
      "id": "node/1608256158"
    },
    {
      "type": "Feature",
      "properties": {
        "@id": "node/1608256168",
        "Commercial": "Toko Kelontong",
        "cuisine": "regional",
        "name": "Toko Bakut",
        "shop": "supermarket"
      },
      "geometry": {
        "type": "Point",
        "coordinates": [
          117.1440365,
          -0.5002426
        ]
      },
      "id": "node/1608256168"
    },
    {
      "type": "Feature",
      "properties": {
        "@id": "node/1611867214",
        "amenity": "university",
        "name": "Akademi Widya Praja"
      },
      "geometry": {
        "type": "Point",
        "coordinates": [
          117.1444493,
          -0.4724529
        ]
      },
      "id": "node/1611867214"
    },
    {
      "type": "Feature",
      "properties": {
        "@id": "node/1611867237",
        "amenity": "bank",
        "atm": "yes",
        "brand": "BRI",
        "brand:wikidata": "Q623042",
        "name": "BRI",
        "official_name": "Bank Rakyat Indonesia"
      },
      "geometry": {
        "type": "Point",
        "coordinates": [
          117.1264867,
          -0.4860158
        ]
      },
      "id": "node/1611867237"
    },
    {
      "type": "Feature",
      "properties": {
        "@id": "node/1611867242",
        "name": "Departemen Hukum dan Perundangan",
        "office": "government"
      },
      "geometry": {
        "type": "Point",
        "coordinates": [
          117.1218155,
          -0.4870634
        ]
      },
      "id": "node/1611867242"
    },
    {
      "type": "Feature",
      "properties": {
        "@id": "node/1611867250",
        "name": "Departemen Koperasi",
        "office": "government"
      },
      "geometry": {
        "type": "Point",
        "coordinates": [
          117.1192748,
          -0.4908005
        ]
      },
      "id": "node/1611867250"
    },
    {
      "type": "Feature",
      "properties": {
        "@id": "node/1611867256",
        "government": "administrative",
        "name": "Dinas Perikanan",
        "office": "government"
      },
      "geometry": {
        "type": "Point",
        "coordinates": [
          117.1502872,
          -0.4915582
        ]
      },
      "id": "node/1611867256"
    },
    {
      "type": "Feature",
      "properties": {
        "@id": "node/1611867265",
        "name": "Dirjen Anggaran",
        "office": "government"
      },
      "geometry": {
        "type": "Point",
        "coordinates": [
          117.1371962,
          -0.47593
        ]
      },
      "id": "node/1611867265"
    },
    {
      "type": "Feature",
      "properties": {
        "@id": "node/1611867267",
        "name": "Dirjen Pajak Kanwil Pajak 17",
        "office": "government"
      },
      "geometry": {
        "type": "Point",
        "coordinates": [
          117.1366661,
          -0.4770243
        ]
      },
      "id": "node/1611867267"
    },
    {
      "type": "Feature",
      "properties": {
        "@id": "node/1611867269",
        "government": "administrative",
        "name": "Disparta Kota",
        "office": "government"
      },
      "geometry": {
        "type": "Point",
        "coordinates": [
          117.1479128,
          -0.4684673
        ]
      },
      "id": "node/1611867269"
    },
    {
      "type": "Feature",
      "properties": {
        "@id": "node/1611867276",
        "name": "Dispenda",
        "office": "government"
      },
      "geometry": {
        "type": "Point",
        "coordinates": [
          117.1226025,
          -0.4873171
        ]
      },
      "id": "node/1611867276"
    },
    {
      "type": "Feature",
      "properties": {
        "@id": "node/1611867278",
        "government": "administrative",
        "name": "Dispenda",
        "office": "government"
      },
      "geometry": {
        "type": "Point",
        "coordinates": [
          117.1505954,
          -0.49183
        ]
      },
      "id": "node/1611867278"
    },
    {
      "type": "Feature",
      "properties": {
        "@id": "node/1611867279",
        "name": "Distamben",
        "office": "government"
      },
      "geometry": {
        "type": "Point",
        "coordinates": [
          117.1209238,
          -0.490165
        ]
      },
      "id": "node/1611867279"
    },
    {
      "type": "Feature",
      "properties": {
        "@id": "node/1611867288",
        "name": "Kanwil 19 Keuangan",
        "office": "government"
      },
      "geometry": {
        "type": "Point",
        "coordinates": [
          117.1369658,
          -0.4763001
        ]
      },
      "id": "node/1611867288"
    },
    {
      "type": "Feature",
      "properties": {
        "@id": "node/1611867302",
        "government": "administrative",
        "name": "Pengadilan Tinggi Kaltim",
        "office": "government"
      },
      "geometry": {
        "type": "Point",
        "coordinates": [
          117.1487936,
          -0.4680105
        ]
      },
      "id": "node/1611867302"
    },
    {
      "type": "Feature",
      "properties": {
        "@id": "node/1611867306",
        "name": "Pengujian Mutu Barang",
        "office": "government"
      },
      "geometry": {
        "type": "Point",
        "coordinates": [
          117.1190697,
          -0.4913573
        ]
      },
      "id": "node/1611867306"
    },
    {
      "type": "Feature",
      "properties": {
        "@id": "node/1611867312",
        "government": "administrative",
        "name": "Perbendaharaan dan Kas Negara",
        "office": "government"
      },
      "geometry": {
        "type": "Point",
        "coordinates": [
          117.1486269,
          -0.4683901
        ]
      },
      "id": "node/1611867312"
    },
    {
      "type": "Feature",
      "properties": {
        "@id": "node/1611867332",
        "addr:city": "Samarinda",
        "addr:street": "Ir. H. Juanda",
        "amenity": "university",
        "name": "STIEM/ STIKES Muhammadiyah",
        "operator": "kuncoro",
        "website": "https://www.stikesmuda.ac.id/"
      },
      "geometry": {
        "type": "Point",
        "coordinates": [
          117.1389869,
          -0.4750124
        ]
      },
      "id": "node/1611867332"
    },
    {
      "type": "Feature",
      "properties": {
        "@id": "node/1612860079",
        "government": "administrative",
        "name": "KSOP Samarinda",
        "name:en": "Samarinda Harbour Master",
        "office": "government"
      },
      "geometry": {
        "type": "Point",
        "coordinates": [
          117.1551319,
          -0.5078444
        ]
      },
      "id": "node/1612860079"
    },
    {
      "type": "Feature",
      "properties": {
        "@id": "node/1612860092",
        "amenity": "bank",
        "atm": "yes",
        "name": "Bank BCA Cabang Pasar Pagi",
        "opening_hours": "Tu-Su 08:00-15:00; Sa 08:00-12:00"
      },
      "geometry": {
        "type": "Point",
        "coordinates": [
          117.1445764,
          -0.5020339
        ]
      },
      "id": "node/1612860092"
    },
    {
      "type": "Feature",
      "properties": {
        "@id": "node/1612860095",
        "amenity": "bank",
        "atm": "yes",
        "name": "Bank BRI Cabang Pasar Pagi",
        "opening_hours": "Tu-Su 08:00-15:00; Sa 08:00-12:00"
      },
      "geometry": {
        "type": "Point",
        "coordinates": [
          117.1435713,
          -0.502485
        ]
      },
      "id": "node/1612860095"
    },
    {
      "type": "Feature",
      "properties": {
        "@id": "node/1612860098",
        "amenity": "bank",
        "atm": "yes",
        "name": "Bank BTN Cabang Teluk Lerong"
      },
      "geometry": {
        "type": "Point",
        "coordinates": [
          117.135003,
          -0.5006292
        ]
      },
      "id": "node/1612860098"
    },
    {
      "type": "Feature",
      "properties": {
        "@id": "node/1612860105",
        "amenity": "bank",
        "atm": "yes",
        "name": "Bank Mega"
      },
      "geometry": {
        "type": "Point",
        "coordinates": [
          117.1511872,
          -0.4939247
        ]
      },
      "id": "node/1612860105"
    },
    {
      "type": "Feature",
      "properties": {
        "@id": "node/1612860106",
        "amenity": "bank",
        "atm": "yes",
        "name": "Bank Muamalat"
      },
      "geometry": {
        "type": "Point",
        "coordinates": [
          117.1490729,
          -0.4974746
        ]
      },
      "id": "node/1612860106"
    },
    {
      "type": "Feature",
      "properties": {
        "@id": "node/1612860107",
        "amenity": "bank",
        "atm": "yes",
        "name": "Bank Permata"
      },
      "geometry": {
        "type": "Point",
        "coordinates": [
          117.1506778,
          -0.494676
        ]
      },
      "id": "node/1612860107"
    },
    {
      "type": "Feature",
      "properties": {
        "@id": "node/1612860110",
        "government": "administrative",
        "name": "Departemen Kesehatan",
        "office": "government"
      },
      "geometry": {
        "type": "Point",
        "coordinates": [
          117.1536186,
          -0.4967021
        ]
      },
      "id": "node/1612860110"
    },
    {
      "type": "Feature",
      "properties": {
        "@id": "node/1612860111",
        "government": "administrative",
        "name": "Departemen Perindustrian dan Perdagangan",
        "office": "government"
      },
      "geometry": {
        "type": "Point",
        "coordinates": [
          117.1527237,
          -0.4959172
        ]
      },
      "id": "node/1612860111"
    },
    {
      "type": "Feature",
      "properties": {
        "@id": "node/1612860114",
        "government": "administrative",
        "name": "Dinas Pertambangan",
        "office": "government"
      },
      "geometry": {
        "type": "Point",
        "coordinates": [
          117.151189,
          -0.4956932
        ]
      },
      "id": "node/1612860114"
    },
    {
      "type": "Feature",
      "properties": {
        "@id": "node/1612860115",
        "government": "administrative",
        "name": "Dinas Peternakan",
        "office": "government"
      },
      "geometry": {
        "type": "Point",
        "coordinates": [
          117.1445013,
          -0.4934434
        ]
      },
      "id": "node/1612860115"
    },
    {
      "type": "Feature",
      "properties": {
        "@id": "node/1612860125",
        "amenity": "hospital",
        "healthcare": "hospital",
        "name": "RSUD Korpri Abdul Wahab Sjahranie"
      },
      "geometry": {
        "type": "Point",
        "coordinates": [
          117.15037,
          -0.4927369
        ]
      },
      "id": "node/1612860125"
    },
    {
      "type": "Feature",
      "properties": {
        "@id": "node/1612860127",
        "government": "administrative",
        "name": "Kantor Bappeda Kota Samarinda",
        "office": "government"
      },
      "geometry": {
        "type": "Point",
        "coordinates": [
          117.1476966,
          -0.4941633
        ]
      },
      "id": "node/1612860127"
    },
    {
      "type": "Feature",
      "properties": {
        "@id": "node/1612860131",
        "government": "administrative",
        "name": "Kantor PBB",
        "office": "government"
      },
      "geometry": {
        "type": "Point",
        "coordinates": [
          117.1508829,
          -0.4956461
        ]
      },
      "id": "node/1612860131"
    },
    {
      "type": "Feature",
      "properties": {
        "@id": "node/1612860138",
        "name": "PLN",
        "office": "government"
      },
      "geometry": {
        "type": "Point",
        "coordinates": [
          117.1374659,
          -0.5007276
        ]
      },
      "id": "node/1612860138"
    },
    {
      "type": "Feature",
      "properties": {
        "@id": "node/1612860139",
        "government": "administrative",
        "name": "PU dan KIMPRASWIL",
        "office": "government"
      },
      "geometry": {
        "type": "Point",
        "coordinates": [
          117.1519553,
          -0.4988755
        ]
      },
      "id": "node/1612860139"
    },
    {
      "type": "Feature",
      "properties": {
        "@id": "node/1612860141",
        "government": "administrative",
        "name": "Pegadaian",
        "office": "government"
      },
      "geometry": {
        "type": "Point",
        "coordinates": [
          117.1530613,
          -0.4959957
        ]
      },
      "id": "node/1612860141"
    },
    {
      "type": "Feature",
      "properties": {
        "@id": "node/1612860144",
        "amenity": "hospital",
        "name": "Rumah Sakit Bhakti Nugraha"
      },
      "geometry": {
        "type": "Point",
        "coordinates": [
          117.1471884,
          -0.4959625
        ]
      },
      "id": "node/1612860144"
    },
    {
      "type": "Feature",
      "properties": {
        "@id": "node/1612860145",
        "amenity": "hospital",
        "healthcare": "hospital",
        "name": "Rumah Sakit Tentara"
      },
      "geometry": {
        "type": "Point",
        "coordinates": [
          117.1428525,
          -0.5015986
        ]
      },
      "id": "node/1612860145"
    },
    {
      "type": "Feature",
      "properties": {
        "@id": "node/2527495679",
        "amenity": "school",
        "name": "SD Negeri 008 Loa Janan Ilir",
        "old_name": "SDN 027 Sengkotek",
        "operator:type": "government",
        "school:type_idn": "SD/MI",
        "website": "https://referensi.data.kemdikbud.go.id/tabs.php?npsn=30400986"
      },
      "geometry": {
        "type": "Point",
        "coordinates": [
          117.0870739,
          -0.5549872
        ]
      },
      "id": "node/2527495679"
    },
    {
      "type": "Feature",
      "properties": {
        "@id": "node/2527519549",
        "amenity": "school",
        "name": "SD Negeri 007 Loa Janan Ilir",
        "old_name": "SDN 026 Simpang Tiga",
        "operator:type": "government",
        "school:type_idn": "SD/MI",
        "website": "https://referensi.data.kemdikbud.go.id/tabs.php?npsn=30400992"
      },
      "geometry": {
        "type": "Point",
        "coordinates": [
          117.0866154,
          -0.5763261
        ]
      },
      "id": "node/2527519549"
    },
    {
      "type": "Feature",
      "properties": {
        "@id": "node/2527522238",
        "amenity": "university",
        "name": "IAIN Samarinda"
      },
      "geometry": {
        "type": "Point",
        "coordinates": [
          117.1098783,
          -0.566841
        ]
      },
      "id": "node/2527522238"
    },
    {
      "type": "Feature",
      "properties": {
        "@id": "node/2527525383",
        "amenity": "university",
        "name": "Universitas Terbuka (Kaltim)"
      },
      "geometry": {
        "type": "Point",
        "coordinates": [
          117.1147872,
          -0.5543074
        ]
      },
      "id": "node/2527525383"
    },
    {
      "type": "Feature",
      "properties": {
        "@id": "node/2529292334",
        "government": "administrative",
        "name": "Kantor Kelurahan Bugis",
        "office": "government"
      },
      "geometry": {
        "type": "Point",
        "coordinates": [
          117.1462116,
          -0.4945781
        ]
      },
      "id": "node/2529292334"
    },
    {
      "type": "Feature",
      "properties": {
        "@id": "node/2530218147",
        "amenity": "marketplace",
        "name": "Pasar Segiri"
      },
      "geometry": {
        "type": "Point",
        "coordinates": [
          117.1494407,
          -0.4823042
        ]
      },
      "id": "node/2530218147"
    },
    {
      "type": "Feature",
      "properties": {
        "@id": "node/2531613458",
        "amenity": "marketplace",
        "name": "Pasar Berkat"
      },
      "geometry": {
        "type": "Point",
        "coordinates": [
          117.0877337,
          -0.5680217
        ]
      },
      "id": "node/2531613458"
    },
    {
      "type": "Feature",
      "properties": {
        "@id": "node/2531613459",
        "amenity": "marketplace",
        "name": "Pasar Sumber Mas"
      },
      "geometry": {
        "type": "Point",
        "coordinates": [
          117.08811,
          -0.5666058
        ]
      },
      "id": "node/2531613459"
    },
    {
      "type": "Feature",
      "properties": {
        "@id": "node/2562370779",
        "amenity": "atm",
        "name": "ATM Bankaltim",
        "operator": "Bankaltim"
      },
      "geometry": {
        "type": "Point",
        "coordinates": [
          117.1015745,
          -0.540256
        ]
      },
      "id": "node/2562370779"
    },
    {
      "type": "Feature",
      "properties": {
        "@id": "node/2562370780",
        "amenity": "atm",
        "name": "ATM Bank Mandiri"
      },
      "geometry": {
        "type": "Point",
        "coordinates": [
          117.0917747,
          -0.5415691
        ]
      },
      "id": "node/2562370780"
    },
    {
      "type": "Feature",
      "properties": {
        "@id": "node/2562370781",
        "amenity": "atm",
        "name": "ATM BRI Syariah"
      },
      "geometry": {
        "type": "Point",
        "coordinates": [
          117.0871,
          -0.5523297
        ]
      },
      "id": "node/2562370781"
    },
    {
      "type": "Feature",
      "properties": {
        "@id": "node/2793976085",
        "amenity": "hospital",
        "name": "RS Tentara"
      },
      "geometry": {
        "type": "Point",
        "coordinates": [
          117.1421515,
          -0.5011442
        ]
      },
      "id": "node/2793976085"
    },
    {
      "type": "Feature",
      "properties": {
        "@id": "node/3086034135",
        "brand": "Alfamidi",
        "brand:wikidata": "Q12471462",
        "name": "Alfamidi",
        "shop": "convenience"
      },
      "geometry": {
        "type": "Point",
        "coordinates": [
          117.1268338,
          -0.4870689
        ]
      },
      "id": "node/3086034135"
    },
    {
      "type": "Feature",
      "properties": {
        "@id": "node/3086034136",
        "name": "Alfimart",
        "shop": "convenience"
      },
      "geometry": {
        "type": "Point",
        "coordinates": [
          117.13546,
          -0.4921441
        ]
      },
      "id": "node/3086034136"
    },
    {
      "type": "Feature",
      "properties": {
        "@id": "node/3086034141",
        "amenity": "atm",
        "name": "Atm & Bank Bca"
      },
      "geometry": {
        "type": "Point",
        "coordinates": [
          117.1274543,
          -0.4933119
        ]
      },
      "id": "node/3086034141"
    },
    {
      "type": "Feature",
      "properties": {
        "@id": "node/3086034149",
        "amenity": "atm",
        "name": "Atm Bni 462"
      },
      "geometry": {
        "type": "Point",
        "coordinates": [
          117.1394232,
          -0.5013576
        ]
      },
      "id": "node/3086034149"
    },
    {
      "type": "Feature",
      "properties": {
        "@id": "node/3086034151",
        "amenity": "atm",
        "name": "ATM BRI"
      },
      "geometry": {
        "type": "Point",
        "coordinates": [
          117.1342228,
          -0.4815858
        ]
      },
      "id": "node/3086034151"
    },
    {
      "type": "Feature",
      "properties": {
        "@id": "node/3086034161",
        "amenity": "atm",
        "brand": "Bank Danamon",
        "brand:wikidata": "Q4855913",
        "name": "ATM Danamon",
        "operator": "Bank Danamon",
        "operator:wikidata": "Q4855913"
      },
      "geometry": {
        "type": "Point",
        "coordinates": [
          117.1329602,
          -0.482115
        ]
      },
      "id": "node/3086034161"
    },
    {
      "type": "Feature",
      "properties": {
        "@id": "node/3086034168",
        "amenity": "atm",
        "brand": "Bank Mandiri",
        "brand:wikidata": "Q806639",
        "indoor": "yes",
        "name": "ATM Mandiri dalam Bank Juanda",
        "operator": "Bank Mandiri",
        "operator:wikidata": "Q806639"
      },
      "geometry": {
        "type": "Point",
        "coordinates": [
          117.133038,
          -0.4821051
        ]
      },
      "id": "node/3086034168"
    },
    {
      "type": "Feature",
      "properties": {
        "@id": "node/3086034233",
        "air_conditioning": "yes",
        "brand": "Indomaret",
        "brand:wikidata": "Q4262825",
        "brand:wikipedia": "id:Indomaret",
        "name": "Indomaret",
        "name:en": "Indomaret",
        "name:id": "Indomaret",
        "name:ja": "インドマレット",
        "operator": "PT. Indomarco Prismatama",
        "shop": "convenience",
        "toilets": "yes",
        "toilets:access": "permissive",
        "website": "https://www.klikindomaret.com"
      },
      "geometry": {
        "type": "Point",
        "coordinates": [
          117.1269178,
          -0.4860806
        ]
      },
      "id": "node/3086034233"
    },
    {
      "type": "Feature",
      "properties": {
        "@id": "node/3086034234",
        "air_conditioning": "yes",
        "brand": "Indomaret",
        "brand:wikidata": "Q4262825",
        "brand:wikipedia": "id:Indomaret",
        "name": "Indomaret",
        "name:en": "Indomaret",
        "name:id": "Indomaret",
        "name:ja": "インドマレット",
        "operator": "PT. Indomarco Prismatama",
        "shop": "convenience",
        "toilets": "yes",
        "toilets:access": "permissive",
        "website": "https://www.klikindomaret.com"
      },
      "geometry": {
        "type": "Point",
        "coordinates": [
          117.1378125,
          -0.4755896
        ]
      },
      "id": "node/3086034234"
    },
    {
      "type": "Feature",
      "properties": {
        "@id": "node/3086034243",
        "amenity": "cafe",
        "cuisine": "korea",
        "name": "Running Korean Street Food"
      },
      "geometry": {
        "type": "Point",
        "coordinates": [
          117.1312666,
          -0.4830798
        ]
      },
      "id": "node/3086034243"
    },
    {
      "type": "Feature",
      "properties": {
        "@id": "node/3086034254",
        "amenity": "pharmacy",
        "name": "Kimia Farma",
        "opening_hours": "24/7"
      },
      "geometry": {
        "type": "Point",
        "coordinates": [
          117.1455414,
          -0.4787349
        ]
      },
      "id": "node/3086034254"
    },
    {
      "type": "Feature",
      "properties": {
        "@id": "node/3086034288",
        "name": "Mini Market Johan",
        "shop": "convenience"
      },
      "geometry": {
        "type": "Point",
        "coordinates": [
          117.1396852,
          -0.4911661
        ]
      },
      "id": "node/3086034288"
    },
    {
      "type": "Feature",
      "properties": {
        "@id": "node/3086034711",
        "amenity": "school"
      },
      "geometry": {
        "type": "Point",
        "coordinates": [
          117.1368657,
          -0.4994003
        ]
      },
      "id": "node/3086034711"
    },
    {
      "type": "Feature",
      "properties": {
        "@id": "node/3086034735",
        "amenity": "school",
        "name": "Taman Kanak-kanak Arga Mulya"
      },
      "geometry": {
        "type": "Point",
        "coordinates": [
          117.142818,
          -0.493505
        ]
      },
      "id": "node/3086034735"
    },
    {
      "type": "Feature",
      "properties": {
        "@id": "node/3086986496",
        "amenity": "college",
        "name": "STMIK SPB Samarinda"
      },
      "geometry": {
        "type": "Point",
        "coordinates": [
          117.1484655,
          -0.4852206
        ]
      },
      "id": "node/3086986496"
    },
    {
      "type": "Feature",
      "properties": {
        "@id": "node/3086986507",
        "amenity": "atm",
        "brand": "BRI",
        "brand:wikidata": "Q623042",
        "name": "Atm Bri1",
        "operator": "BRI",
        "operator:wikidata": "Q623042"
      },
      "geometry": {
        "type": "Point",
        "coordinates": [
          117.1343207,
          -0.4815745
        ]
      },
      "id": "node/3086986507"
    },
    {
      "type": "Feature",
      "properties": {
        "@id": "node/3086986510",
        "amenity": "atm",
        "name": "ATM Mandiri"
      },
      "geometry": {
        "type": "Point",
        "coordinates": [
          117.1342166,
          -0.4815628
        ]
      },
      "id": "node/3086986510"
    },
    {
      "type": "Feature",
      "properties": {
        "@id": "node/3086986521",
        "amenity": "atm",
        "name": "ATM Mandiri"
      },
      "geometry": {
        "type": "Point",
        "coordinates": [
          117.1270669,
          -0.4984281
        ]
      },
      "id": "node/3086986521"
    },
    {
      "type": "Feature",
      "properties": {
        "@id": "node/3086986525",
        "amenity": "atm",
        "name": "ATM BNI"
      },
      "geometry": {
        "type": "Point",
        "coordinates": [
          117.1271324,
          -0.4984188
        ]
      },
      "id": "node/3086986525"
    },
    {
      "type": "Feature",
      "properties": {
        "@id": "node/3086988333",
        "amenity": "atm",
        "name": "ATM BRI;Bank Rakyat Indonesia"
      },
      "geometry": {
        "type": "Point",
        "coordinates": [
          117.1270776,
          -0.4983717
        ]
      },
      "id": "node/3086988333"
    },
    {
      "type": "Feature",
      "properties": {
        "@id": "node/3086988343",
        "amenity": "cafe",
        "name": "Cafe/Diner"
      },
      "geometry": {
        "type": "Point",
        "coordinates": [
          117.1332479,
          -0.5002213
        ]
      },
      "id": "node/3086988343"
    },
    {
      "type": "Feature",
      "properties": {
        "@id": "node/3086988344",
        "amenity": "cafe",
        "name": "Cafe/Diner1"
      },
      "geometry": {
        "type": "Point",
        "coordinates": [
          117.1342778,
          -0.5008006
        ]
      },
      "id": "node/3086988344"
    },
    {
      "type": "Feature",
      "properties": {
        "@id": "node/3086988901",
        "amenity": "university;hospital",
        "name": "Poltekkes Kemenkes Kalimantan Timur;Universitas/Politeknik/D1-D36;Poltekes Kemenkes Kaltim"
      },
      "geometry": {
        "type": "Point",
        "coordinates": [
          117.1439904,
          -0.4841821
        ]
      },
      "id": "node/3086988901"
    },
    {
      "type": "Feature",
      "properties": {
        "@id": "node/3092168386",
        "amenity": "pharmacy",
        "name": "Apotek \"Purnama\""
      },
      "geometry": {
        "type": "Point",
        "coordinates": [
          117.1485043,
          -0.5000496
        ]
      },
      "id": "node/3092168386"
    },
    {
      "type": "Feature",
      "properties": {
        "@id": "node/3092168408",
        "amenity": "atm",
        "name": "ATM BCA - Indomaret",
        "operator": "BCA"
      },
      "geometry": {
        "type": "Point",
        "coordinates": [
          117.1491909,
          -0.5000281
        ]
      },
      "id": "node/3092168408"
    },
    {
      "type": "Feature",
      "properties": {
        "@id": "node/3092168412",
        "amenity": "atm",
        "name": "Atm Bni 46"
      },
      "geometry": {
        "type": "Point",
        "coordinates": [
          117.1578383,
          -0.4776907
        ]
      },
      "id": "node/3092168412"
    },
    {
      "type": "Feature",
      "properties": {
        "@id": "node/3092168415",
        "amenity": "atm",
        "name": "Atm Danamon"
      },
      "geometry": {
        "type": "Point",
        "coordinates": [
          117.1556633,
          -0.480193
        ]
      },
      "id": "node/3092168415"
    },
    {
      "type": "Feature",
      "properties": {
        "@id": "node/3092168416",
        "amenity": "atm",
        "drive_through": "yes",
        "name": "ATM Mandiri - Drive Thru"
      },
      "geometry": {
        "type": "Point",
        "coordinates": [
          117.1481653,
          -0.4765888
        ]
      },
      "id": "node/3092168416"
    },
    {
      "type": "Feature",
      "properties": {
        "@id": "node/3092168744",
        "addr:city": "Samarinda",
        "addr:street": "Panglima Batur",
        "amenity": "atm",
        "name": "ATM BII",
        "operator": "BII"
      },
      "geometry": {
        "type": "Point",
        "coordinates": [
          117.1504557,
          -0.502049
        ]
      },
      "id": "node/3092168744"
    },
    {
      "type": "Feature",
      "properties": {
        "@id": "node/3092168749",
        "amenity": "bank",
        "brand": "Mandiri",
        "name": "Bank Mandiri4"
      },
      "geometry": {
        "type": "Point",
        "coordinates": [
          117.1555148,
          -0.479089
        ]
      },
      "id": "node/3092168749"
    },
    {
      "type": "Feature",
      "properties": {
        "@id": "node/3092168752",
        "amenity": "atm",
        "name": "ATM Mandiri",
        "operator": "Bank Mandiri"
      },
      "geometry": {
        "type": "Point",
        "coordinates": [
          117.1477851,
          -0.4999645
        ]
      },
      "id": "node/3092168752"
    },
    {
      "type": "Feature",
      "properties": {
        "@id": "node/3092168757",
        "amenity": "bank",
        "name": "Bank Muamalat"
      },
      "geometry": {
        "type": "Point",
        "coordinates": [
          117.1486545,
          -0.4973459
        ]
      },
      "id": "node/3092168757"
    },
    {
      "type": "Feature",
      "properties": {
        "@id": "node/3092168760",
        "amenity": "atm",
        "name": "ATM BNI",
        "operator": "BNI 46"
      },
      "geometry": {
        "type": "Point",
        "coordinates": [
          117.1490003,
          -0.4999029
        ]
      },
      "id": "node/3092168760"
    },
    {
      "type": "Feature",
      "properties": {
        "@id": "node/3092168767",
        "amenity": "atm",
        "name": "Bank Rakyat Indonesia"
      },
      "geometry": {
        "type": "Point",
        "coordinates": [
          117.1512199,
          -0.5034638
        ]
      },
      "id": "node/3092168767"
    },
    {
      "type": "Feature",
      "properties": {
        "@id": "node/3092168785",
        "amenity": "atm",
        "bank": "BRI",
        "name": "ATM BRI",
        "operator": "BRI"
      },
      "geometry": {
        "type": "Point",
        "coordinates": [
          117.1512938,
          -0.5042553
        ]
      },
      "id": "node/3092168785"
    },
    {
      "type": "Feature",
      "properties": {
        "@id": "node/3092168812",
        "amenity": "cafe",
        "name": "Excelso Scp"
      },
      "geometry": {
        "type": "Point",
        "coordinates": [
          117.1549416,
          -0.503633
        ]
      },
      "id": "node/3092168812"
    },
    {
      "type": "Feature",
      "properties": {
        "@id": "node/3092168822",
        "Commercial": "Toko Kelontong",
        "name": "Gajah Mada Department Store",
        "shop": "department_store"
      },
      "geometry": {
        "type": "Point",
        "coordinates": [
          117.1486545,
          -0.5000925
        ]
      },
      "id": "node/3092168822"
    },
    {
      "type": "Feature",
      "properties": {
        "@id": "node/3092168857",
        "Commercial": "Toko Kelontong",
        "name": "Giant - SCP",
        "shop": "supermarket"
      },
      "geometry": {
        "type": "Point",
        "coordinates": [
          117.1553267,
          -0.503205
        ]
      },
      "id": "node/3092168857"
    },
    {
      "type": "Feature",
      "properties": {
        "@id": "node/3092168858",
        "Commercial": "Toko Kelontong",
        "name": "Giant",
        "shop": "supermarket"
      },
      "geometry": {
        "type": "Point",
        "coordinates": [
          117.1465542,
          -0.5008795
        ]
      },
      "id": "node/3092168858"
    },
    {
      "type": "Feature",
      "properties": {
        "@id": "node/3092168897",
        "Commercial": "Toko Kelontong",
        "name": "Hypermart",
        "shop": "supermarket"
      },
      "geometry": {
        "type": "Point",
        "coordinates": [
          117.1460795,
          -0.4907799
        ]
      },
      "id": "node/3092168897"
    },
    {
      "type": "Feature",
      "properties": {
        "@id": "node/3092168899",
        "air_conditioning": "yes",
        "brand": "Indomaret",
        "brand:wikidata": "Q4262825",
        "brand:wikipedia": "id:Indomaret",
        "name": "Indomaret",
        "name:en": "Indomaret",
        "name:id": "Indomaret",
        "name:ja": "インドマレット",
        "operator": "PT. Indomarco Prismatama",
        "shop": "convenience",
        "toilets": "yes",
        "toilets:access": "permissive",
        "website": "https://www.klikindomaret.com"
      },
      "geometry": {
        "type": "Point",
        "coordinates": [
          117.1465087,
          -0.5017447
        ]
      },
      "id": "node/3092168899"
    },
    {
      "type": "Feature",
      "properties": {
        "@id": "node/3092168901",
        "air_conditioning": "yes",
        "brand": "Indomaret",
        "brand:wikidata": "Q4262825",
        "brand:wikipedia": "id:Indomaret",
        "name": "Indomaret",
        "name:en": "Indomaret",
        "name:id": "Indomaret",
        "name:ja": "インドマレット",
        "operator": "PT. Indomarco Prismatama",
        "shop": "convenience",
        "toilets": "yes",
        "toilets:access": "permissive",
        "website": "https://www.klikindomaret.com"
      },
      "geometry": {
        "type": "Point",
        "coordinates": [
          117.1536856,
          -0.5015322
        ]
      },
      "id": "node/3092168901"
    },
    {
      "type": "Feature",
      "properties": {
        "@id": "node/3092168959",
        "amenity": "clinic",
        "name": "Klinik11"
      },
      "geometry": {
        "type": "Point",
        "coordinates": [
          117.1487832,
          -0.4971099
        ]
      },
      "id": "node/3092168959"
    },
    {
      "type": "Feature",
      "properties": {
        "@id": "node/3092169012",
        "Commercial": "Toko Kelontong",
        "name": "Mega Swalayan",
        "shop": "convenience"
      },
      "geometry": {
        "type": "Point",
        "coordinates": [
          117.1507573,
          -0.5011439
        ]
      },
      "id": "node/3092169012"
    },
    {
      "type": "Feature",
      "properties": {
        "@id": "node/3092169015",
        "Commercial": "Toko Kelontong",
        "name": "Mini Market \"Arjuna Baru\"",
        "shop": "convenience"
      },
      "geometry": {
        "type": "Point",
        "coordinates": [
          117.1510363,
          -0.5009294
        ]
      },
      "id": "node/3092169015"
    },
    {
      "type": "Feature",
      "properties": {
        "@id": "node/3092169106",
        "amenity": "police",
        "name": "Pos Polisi"
      },
      "geometry": {
        "type": "Point",
        "coordinates": [
          117.1495048,
          -0.5000925
        ]
      },
      "id": "node/3092169106"
    },
    {
      "type": "Feature",
      "properties": {
        "@id": "node/3092169230",
        "amenity": "bank",
        "name": "UOB Bank"
      },
      "geometry": {
        "type": "Point",
        "coordinates": [
          117.1518517,
          -0.5012298
        ]
      },
      "id": "node/3092169230"
    },
    {
      "type": "Feature",
      "properties": {
        "@id": "node/3147268514",
        "amenity": "atm",
        "name": "Bank Muammalat"
      },
      "geometry": {
        "type": "Point",
        "coordinates": [
          117.1239897,
          -0.5330947
        ]
      },
      "id": "node/3147268514"
    },
    {
      "type": "Feature",
      "properties": {
        "@id": "node/3147268515",
        "amenity": "atm",
        "brand": "Bank Mandiri",
        "brand:wikidata": "Q806639",
        "name": "Bank Mandiri",
        "operator": "Bank Mandiri",
        "operator:wikidata": "Q806639"
      },
      "geometry": {
        "type": "Point",
        "coordinates": [
          117.1240215,
          -0.5330798
        ]
      },
      "id": "node/3147268515"
    },
    {
      "type": "Feature",
      "properties": {
        "@id": "node/3228014430",
        "amenity": "clinic",
        "name": "Klinik Melati Husada"
      },
      "geometry": {
        "type": "Point",
        "coordinates": [
          117.0863751,
          -0.5575134
        ]
      },
      "id": "node/3228014430"
    },
    {
      "type": "Feature",
      "properties": {
        "@id": "node/3228016273",
        "amenity": "school",
        "name": "Pondok Pesantren Darul Fata"
      },
      "geometry": {
        "type": "Point",
        "coordinates": [
          117.068384,
          -0.5527745
        ]
      },
      "id": "node/3228016273"
    },
    {
      "type": "Feature",
      "properties": {
        "@id": "node/3228016274",
        "amenity": "school",
        "name": "SDN 015 Loa Buah"
      },
      "geometry": {
        "type": "Point",
        "coordinates": [
          117.0753236,
          -0.5549132
        ]
      },
      "id": "node/3228016274"
    },
    {
      "type": "Feature",
      "properties": {
        "@id": "node/3228339475",
        "amenity": "school",
        "name": "SDN 026 Loa Bakung"
      },
      "geometry": {
        "type": "Point",
        "coordinates": [
          117.0858561,
          -0.5356941
        ]
      },
      "id": "node/3228339475"
    },
    {
      "type": "Feature",
      "properties": {
        "@id": "node/3228419122",
        "amenity": "police",
        "name": "Polsubsektor Loa Buah"
      },
      "geometry": {
        "type": "Point",
        "coordinates": [
          117.0794715,
          -0.5570371
        ]
      },
      "id": "node/3228419122"
    },
    {
      "type": "Feature",
      "properties": {
        "@id": "node/3228419123",
        "amenity": "school",
        "name": "Pondok Pesantren Nurul Hadi"
      },
      "geometry": {
        "type": "Point",
        "coordinates": [
          117.0775482,
          -0.5636986
        ]
      },
      "id": "node/3228419123"
    },
    {
      "type": "Feature",
      "properties": {
        "@id": "node/3228419124",
        "amenity": "school",
        "name": "SMK Negeri 12 Samarinda"
      },
      "geometry": {
        "type": "Point",
        "coordinates": [
          117.0782128,
          -0.5620641
        ]
      },
      "id": "node/3228419124"
    },
    {
      "type": "Feature",
      "properties": {
        "@id": "node/3228419125",
        "amenity": "school",
        "name": "SMP Negeri 28 Samarinda"
      },
      "geometry": {
        "type": "Point",
        "coordinates": [
          117.0783411,
          -0.5621322
        ]
      },
      "id": "node/3228419125"
    },
    {
      "type": "Feature",
      "properties": {
        "@id": "node/3231588448",
        "amenity": "school",
        "name": "SD Negeri 010 Loa Janan Ilir",
        "old_name": "SDN 029 Samarinda Seberang",
        "operator:type": "government",
        "school:type_idn": "SD/MI",
        "website": "https://referensi.data.kemdikbud.go.id/tabs.php?npsn=30400933"
      },
      "geometry": {
        "type": "Point",
        "coordinates": [
          117.0890894,
          -0.5684442
        ]
      },
      "id": "node/3231588448"
    },
    {
      "type": "Feature",
      "properties": {
        "@id": "node/3231588449",
        "amenity": "school",
        "name": "SMK Kesatuan 1",
        "operator": "Yayasan Sumber Mas"
      },
      "geometry": {
        "type": "Point",
        "coordinates": [
          117.0903953,
          -0.5665593
        ]
      },
      "id": "node/3231588449"
    },
    {
      "type": "Feature",
      "properties": {
        "@id": "node/3239068938",
        "amenity": "fuel"
      },
      "geometry": {
        "type": "Point",
        "coordinates": [
          117.1069877,
          -0.5880223
        ]
      },
      "id": "node/3239068938"
    },
    {
      "type": "Feature",
      "properties": {
        "@id": "node/3306920107",
        "amenity": "hospital",
        "name": "RSUD Abdul Wahab Syahranie"
      },
      "geometry": {
        "type": "Point",
        "coordinates": [
          117.1435582,
          -0.4793201
        ]
      },
      "id": "node/3306920107"
    },
    {
      "type": "Feature",
      "properties": {
        "@id": "node/3311493679",
        "amenity": "hospital",
        "name": "Akper Pemprov Kaltim"
      },
      "geometry": {
        "type": "Point",
        "coordinates": [
          117.1415769,
          -0.4824172
        ]
      },
      "id": "node/3311493679"
    },
    {
      "type": "Feature",
      "properties": {
        "@id": "node/3311493680",
        "amenity": "hospital",
        "name": "BAPELKES"
      },
      "geometry": {
        "type": "Point",
        "coordinates": [
          117.1438036,
          -0.4840794
        ]
      },
      "id": "node/3311493680"
    },
    {
      "type": "Feature",
      "properties": {
        "@id": "node/3313322876",
        "Commercial": "Toko Kelontong",
        "name": "Indomaret Plus",
        "shop": "department_store"
      },
      "geometry": {
        "type": "Point",
        "coordinates": [
          117.1462424,
          -0.472222
        ]
      },
      "id": "node/3313322876"
    },
    {
      "type": "Feature",
      "properties": {
        "@id": "node/3329528001",
        "amenity": "fuel"
      },
      "geometry": {
        "type": "Point",
        "coordinates": [
          117.2276262,
          -0.6535264
        ]
      },
      "id": "node/3329528001"
    },
    {
      "type": "Feature",
      "properties": {
        "@id": "node/3353978176",
        "amenity": "cafe",
        "cuisine": "gorengan,,kopi_jos",
        "internet_access": "no",
        "name": "kafe hek"
      },
      "geometry": {
        "type": "Point",
        "coordinates": [
          117.1242837,
          -0.4782189
        ]
      },
      "id": "node/3353978176"
    },
    {
      "type": "Feature",
      "properties": {
        "@id": "node/3357251831",
        "addr:full": "Jl. Markisa",
        "admin_level": "5",
        "building": "yes",
        "government": "administrative",
        "name": "Dinas Kesehatan",
        "office": "government"
      },
      "geometry": {
        "type": "Point",
        "coordinates": [
          117.1428384,
          -0.4695746
        ]
      },
      "id": "node/3357251831"
    },
    {
      "type": "Feature",
      "properties": {
        "@id": "node/3357251886",
        "addr:full": "Jl. Markisa",
        "amenity": "school",
        "building": "yes",
        "name": "Posyandu"
      },
      "geometry": {
        "type": "Point",
        "coordinates": [
          117.1425317,
          -0.4702169
        ]
      },
      "id": "node/3357251886"
    },
    {
      "type": "Feature",
      "properties": {
        "@id": "node/3357251891",
        "addr:full": "Jl. Markisa",
        "amenity": "school",
        "building": "yes",
        "name": "Yayasan Pelita Bunda",
        "school:type_idn": "SD,SMP"
      },
      "geometry": {
        "type": "Point",
        "coordinates": [
          117.1430562,
          -0.4695582
        ]
      },
      "id": "node/3357251891"
    },
    {
      "type": "Feature",
      "properties": {
        "@id": "node/3612322667",
        "amenity": "college",
        "building:structure": "reinforced_masonry",
        "name": "STIMI Samarinda"
      },
      "geometry": {
        "type": "Point",
        "coordinates": [
          117.1496303,
          -0.4625213
        ]
      },
      "id": "node/3612322667"
    },
    {
      "type": "Feature",
      "properties": {
        "@id": "node/3683952971",
        "amenity": "bank",
        "atm": "yes",
        "name": "BII Bank"
      },
      "geometry": {
        "type": "Point",
        "coordinates": [
          117.1266466,
          -0.4865799
        ]
      },
      "id": "node/3683952971"
    },
    {
      "type": "Feature",
      "properties": {
        "@id": "node/4067938418",
        "amenity": "fire_station",
        "building": "yes",
        "name": "Pemadam Kebakaran KRUS"
      },
      "geometry": {
        "type": "Point",
        "coordinates": [
          117.2069353,
          -0.4456448
        ]
      },
      "id": "node/4067938418"
    },
    {
      "type": "Feature",
      "properties": {
        "@id": "node/4103879008",
        "addr:street": "Jl. Slamet Riyadi",
        "amenity": "bank",
        "name": "Bepede Kaltim"
      },
      "geometry": {
        "type": "Point",
        "coordinates": [
          117.1181584,
          -0.5082013
        ]
      },
      "id": "node/4103879008"
    },
    {
      "type": "Feature",
      "properties": {
        "@id": "node/4232938090",
        "government": "administrative",
        "name": "Kantor Dinas Sekda",
        "office": "government"
      },
      "geometry": {
        "type": "Point",
        "coordinates": [
          117.1477723,
          -0.4689368
        ]
      },
      "id": "node/4232938090"
    },
    {
      "type": "Feature",
      "properties": {
        "@id": "node/4237025690",
        "amenity": "doctors",
        "name": "Mubarak"
      },
      "geometry": {
        "type": "Point",
        "coordinates": [
          117.1575773,
          -0.4990256
        ]
      },
      "id": "node/4237025690"
    },
    {
      "type": "Feature",
      "properties": {
        "@id": "node/4263091456",
        "highway": "bus_stop",
        "name": "Halte Islamic Center"
      },
      "geometry": {
        "type": "Point",
        "coordinates": [
          117.1213625,
          -0.5036941
        ]
      },
      "id": "node/4263091456"
    },
    {
      "type": "Feature",
      "properties": {
        "@id": "node/4263091457",
        "highway": "bus_stop",
        "name": "Halte Jl. Pahlawan"
      },
      "geometry": {
        "type": "Point",
        "coordinates": [
          117.147483,
          -0.4872395
        ]
      },
      "id": "node/4263091457"
    },
    {
      "type": "Feature",
      "properties": {
        "@id": "node/4263091458",
        "bus": "yes",
        "highway": "bus_stop",
        "name": "Halte SD Katolik 3",
        "public_transport": "platform"
      },
      "geometry": {
        "type": "Point",
        "coordinates": [
          117.1575942,
          -0.5026958
        ]
      },
      "id": "node/4263091458"
    },
    {
      "type": "Feature",
      "properties": {
        "@id": "node/4317932790",
        "addr:street": "Pahlawan",
        "amenity": "cafe",
        "name": "J.coffee"
      },
      "geometry": {
        "type": "Point",
        "coordinates": [
          117.1460755,
          -0.4906904
        ]
      },
      "id": "node/4317932790"
    },
    {
      "type": "Feature",
      "properties": {
        "@id": "node/4317959690",
        "addr:housenumber": "1",
        "addr:street": "Jl. Tengkawang",
        "name": "Bid. Cipta Karya Dinas PU Prov. Kaltim",
        "office": "government",
        "opening_hours": "Mo-Fr 16:30-16:00"
      },
      "geometry": {
        "type": "Point",
        "coordinates": [
          117.1129172,
          -0.499904
        ]
      },
      "id": "node/4317959690"
    },
    {
      "type": "Feature",
      "properties": {
        "@id": "node/4346826843",
        "name": "Alfamidi KM 3",
        "shop": "convenience"
      },
      "geometry": {
        "type": "Point",
        "coordinates": [
          117.0948954,
          -0.5906926
        ]
      },
      "id": "node/4346826843"
    },
    {
      "type": "Feature",
      "properties": {
        "@id": "node/4412521089",
        "addr:street": "Jl. Abdul Wahab Sjahranie",
        "name": "BPJS Kesehatan",
        "office": "government",
        "opening_hours": "Su-Th 08:00-12:00; Fr 10:00-22:00",
        "phone": "+628164514695"
      },
      "geometry": {
        "type": "Point",
        "coordinates": [
          117.1389587,
          -0.4684248
        ]
      },
      "id": "node/4412521089"
    },
    {
      "type": "Feature",
      "properties": {
        "@id": "node/4438503589",
        "amenity": "clinic",
        "building": "yes",
        "name": "Puskesmas Pembantu Solong"
      },
      "geometry": {
        "type": "Point",
        "coordinates": [
          117.1829318,
          -0.4813691
        ]
      },
      "id": "node/4438503589"
    },
    {
      "type": "Feature",
      "properties": {
        "@id": "node/4472136590",
        "addr:city": "Samarinda",
        "addr:district": "Sungai Kunjang",
        "addr:housenumber": "99",
        "addr:postcode": "75126",
        "addr:province": "Kalimantan Timur",
        "addr:street": "Jalan Rapak Indah",
        "addr:subdistrict": "Karang Asam Ilir",
        "alt_name": "BPHL XIII",
        "government": "government",
        "name": "Balai Pengelolaan Hutan Lestari Wilayah XIII",
        "office": "government",
        "opening_hours": "Mo-Fr 07:00-16:00",
        "wheelchair": "yes"
      },
      "geometry": {
        "type": "Point",
        "coordinates": [
          117.1049347,
          -0.5023541
        ]
      },
      "id": "node/4472136590"
    },
    {
      "type": "Feature",
      "properties": {
        "@id": "node/4474391992",
        "addr:postcode": "75117",
        "addr:street": "Jl. Gunung Lingai",
        "amenity": "cafe",
        "name": "Hery Ituk"
      },
      "geometry": {
        "type": "Point",
        "coordinates": [
          117.1760198,
          -0.4463587
        ]
      },
      "id": "node/4474391992"
    },
    {
      "type": "Feature",
      "properties": {
        "@id": "node/4505595389",
        "amenity": "atm",
        "operator": "BNI Sutomo"
      },
      "geometry": {
        "type": "Point",
        "coordinates": [
          117.1461894,
          -0.4785311
        ]
      },
      "id": "node/4505595389"
    },
    {
      "type": "Feature",
      "properties": {
        "@id": "node/4543972389",
        "addr:street": "Jl. Kadrie Oening",
        "amenity": "school",
        "name": "Briton English Course - Kadrie Oening"
      },
      "geometry": {
        "type": "Point",
        "coordinates": [
          117.1330741,
          -0.4718221
        ]
      },
      "id": "node/4543972389"
    },
    {
      "type": "Feature",
      "properties": {
        "@id": "node/4552290060",
        "amenity": "atm",
        "brand": "BRI",
        "brand:wikidata": "Q623042",
        "name": "Bank BRI",
        "operator": "BRI",
        "operator:wikidata": "Q623042"
      },
      "geometry": {
        "type": "Point",
        "coordinates": [
          117.1240499,
          -0.5330672
        ]
      },
      "id": "node/4552290060"
    },
    {
      "type": "Feature",
      "properties": {
        "@id": "node/4586483189",
        "addr:housenumber": "31",
        "addr:postcode": "75124",
        "addr:street": "Jl. MT Haryono",
        "email": "ar.rahman128@yahoo.co.id",
        "name": "Toko AMANDA",
        "opening_hours": "Mo-Su 08:15-10:15",
        "phone": "085348781113",
        "shop": "supermarket"
      },
      "geometry": {
        "type": "Point",
        "coordinates": [
          117.1261046,
          -0.48474
        ]
      },
      "id": "node/4586483189"
    },
    {
      "type": "Feature",
      "properties": {
        "@id": "node/4603637090",
        "addr:street": "Gang 6",
        "amenity": "doctors",
        "name": "Puskesmas Sidomulyo"
      },
      "geometry": {
        "type": "Point",
        "coordinates": [
          117.1614569,
          -0.500924
        ]
      },
      "id": "node/4603637090"
    },
    {
      "type": "Feature",
      "properties": {
        "@id": "node/4637315390",
        "addr:street": "Jl.Merdeka 3",
        "amenity": "clinic",
        "name": "Klinik Kartika Jaya"
      },
      "geometry": {
        "type": "Point",
        "coordinates": [
          117.1648653,
          -0.4898895
        ]
      },
      "id": "node/4637315390"
    },
    {
      "type": "Feature",
      "properties": {
        "@id": "node/4659113589",
        "amenity": "clinic",
        "name": "Klinik Harmoni"
      },
      "geometry": {
        "type": "Point",
        "coordinates": [
          117.152899,
          -0.4906857
        ]
      },
      "id": "node/4659113589"
    },
    {
      "type": "Feature",
      "properties": {
        "@id": "node/4716124990",
        "amenity": "bank",
        "name": "BANK BCA"
      },
      "geometry": {
        "type": "Point",
        "coordinates": [
          117.1343668,
          -0.5117587
        ]
      },
      "id": "node/4716124990"
    },
    {
      "type": "Feature",
      "properties": {
        "@id": "node/4720545989",
        "brand": "Lotte Mart",
        "brand:wikidata": "Q326715",
        "name": "Lotte Mart",
        "shop": "supermarket"
      },
      "geometry": {
        "type": "Point",
        "coordinates": [
          117.1309225,
          -0.4720147
        ]
      },
      "id": "node/4720545989"
    },
    {
      "type": "Feature",
      "properties": {
        "@id": "node/4721870289",
        "addr:city": "Samarinda",
        "addr:housenumber": "16",
        "addr:street": "Jalan Palang Merah",
        "amenity": "pharmacy",
        "name": "Apotek Sahabat"
      },
      "geometry": {
        "type": "Point",
        "coordinates": [
          117.1447781,
          -0.4784825
        ]
      },
      "id": "node/4721870289"
    },
    {
      "type": "Feature",
      "properties": {
        "@id": "node/4751950122",
        "office": "government"
      },
      "geometry": {
        "type": "Point",
        "coordinates": [
          117.18461,
          -0.5133442
        ]
      },
      "id": "node/4751950122"
    },
    {
      "type": "Feature",
      "properties": {
        "@id": "node/4812409521",
        "amenity": "doctors",
        "name": "Praktek dr. Gunawan"
      },
      "geometry": {
        "type": "Point",
        "coordinates": [
          117.1861953,
          -0.5742221
        ]
      },
      "id": "node/4812409521"
    },
    {
      "type": "Feature",
      "properties": {
        "@id": "node/4812409621",
        "amenity": "doctors",
        "name": "Praktek dr. Honny"
      },
      "geometry": {
        "type": "Point",
        "coordinates": [
          117.1427656,
          -0.5118258
        ]
      },
      "id": "node/4812409621"
    },
    {
      "type": "Feature",
      "properties": {
        "@id": "node/4826572022",
        "addr:street": "Jl. Perjuangan Pelita - Sambutan",
        "office": "government",
        "opening_hours": "Mo-Fr 07:00-16:00"
      },
      "geometry": {
        "type": "Point",
        "coordinates": [
          117.2040263,
          -0.5054718
        ]
      },
      "id": "node/4826572022"
    },
    {
      "type": "Feature",
      "properties": {
        "@id": "node/4835965936",
        "leisure": "park"
      },
      "geometry": {
        "type": "Point",
        "coordinates": [
          117.1149048,
          -0.5583347
        ]
      },
      "id": "node/4835965936"
    },
    {
      "type": "Feature",
      "properties": {
        "@id": "node/4845311898",
        "leisure": "park"
      },
      "geometry": {
        "type": "Point",
        "coordinates": [
          117.1487869,
          -0.4631812
        ]
      },
      "id": "node/4845311898"
    },
    {
      "type": "Feature",
      "properties": {
        "@id": "node/4845312450",
        "leisure": "park"
      },
      "geometry": {
        "type": "Point",
        "coordinates": [
          117.1464392,
          -0.4643662
        ]
      },
      "id": "node/4845312450"
    },
    {
      "type": "Feature",
      "properties": {
        "@id": "node/4845312455",
        "leisure": "park"
      },
      "geometry": {
        "type": "Point",
        "coordinates": [
          117.1467497,
          -0.4646805
        ]
      },
      "id": "node/4845312455"
    },
    {
      "type": "Feature",
      "properties": {
        "@id": "node/4845312544",
        "leisure": "park"
      },
      "geometry": {
        "type": "Point",
        "coordinates": [
          117.1458439,
          -0.4657749
        ]
      },
      "id": "node/4845312544"
    },
    {
      "type": "Feature",
      "properties": {
        "@id": "node/4845312684",
        "leisure": "park"
      },
      "geometry": {
        "type": "Point",
        "coordinates": [
          117.1462667,
          -0.4658086
        ]
      },
      "id": "node/4845312684"
    },
    {
      "type": "Feature",
      "properties": {
        "@id": "node/4845312821",
        "leisure": "park"
      },
      "geometry": {
        "type": "Point",
        "coordinates": [
          117.147529,
          -0.4661313
        ]
      },
      "id": "node/4845312821"
    },
    {
      "type": "Feature",
      "properties": {
        "@id": "node/4845313134",
        "leisure": "park"
      },
      "geometry": {
        "type": "Point",
        "coordinates": [
          117.1467262,
          -0.4678444
        ]
      },
      "id": "node/4845313134"
    },
    {
      "type": "Feature",
      "properties": {
        "@id": "node/4845313321",
        "leisure": "park"
      },
      "geometry": {
        "type": "Point",
        "coordinates": [
          117.1470835,
          -0.4639893
        ]
      },
      "id": "node/4845313321"
    },
    {
      "type": "Feature",
      "properties": {
        "@id": "node/4913897162",
        "amenity": "atm",
        "name": "ATM Bersama"
      },
      "geometry": {
        "type": "Point",
        "coordinates": [
          117.1442996,
          -0.5132392
        ]
      },
      "id": "node/4913897162"
    },
    {
      "type": "Feature",
      "properties": {
        "@id": "node/4913897163",
        "amenity": "atm",
        "name": "ATM Bersama",
        "wheelchair": "no"
      },
      "geometry": {
        "type": "Point",
        "coordinates": [
          117.138641,
          -0.510849
        ]
      },
      "id": "node/4913897163"
    },
    {
      "type": "Feature",
      "properties": {
        "@id": "node/4929680729",
        "amenity": "cafe",
        "name": "Meat Love"
      },
      "geometry": {
        "type": "Point",
        "coordinates": [
          117.1546674,
          -0.4809267
        ]
      },
      "id": "node/4929680729"
    },
    {
      "type": "Feature",
      "properties": {
        "@id": "node/5078178564",
        "amenity": "atm",
        "operator": "Jl. Hamm rifadin"
      },
      "geometry": {
        "type": "Point",
        "coordinates": [
          117.1208684,
          -0.5501825
        ]
      },
      "id": "node/5078178564"
    },
    {
      "type": "Feature",
      "properties": {
        "@id": "node/5162359627",
        "leisure": "park"
      },
      "geometry": {
        "type": "Point",
        "coordinates": [
          117.1177165,
          -0.5075506
        ]
      },
      "id": "node/5162359627"
    },
    {
      "type": "Feature",
      "properties": {
        "@id": "node/5309545821",
        "addr:full": "Jl. Telkom",
        "amenity": "school",
        "building": "yes",
        "building:levels": "1",
        "capacity:persons": "200",
        "name": "Ponpes Nurul Muhibin",
        "operator:type": "private",
        "school:type_idn": "Pesantren"
      },
      "geometry": {
        "type": "Point",
        "coordinates": [
          117.1967213,
          -0.5363934
        ]
      },
      "id": "node/5309545821"
    },
    {
      "type": "Feature",
      "properties": {
        "@id": "node/5766254453",
        "addr:street": "Flamboyan",
        "amenity": "school",
        "name": "asrama putri pondok pesantren darul fata"
      },
      "geometry": {
        "type": "Point",
        "coordinates": [
          117.0689254,
          -0.5527504
        ]
      },
      "id": "node/5766254453"
    },
    {
      "type": "Feature",
      "properties": {
        "@id": "node/6649429084",
        "amenity": "atm",
        "drive_through": "yes"
      },
      "geometry": {
        "type": "Point",
        "coordinates": [
          117.1450162,
          -0.474558
        ]
      },
      "id": "node/6649429084"
    },
    {
      "type": "Feature",
      "properties": {
        "@id": "node/6649444160",
        "amenity": "atm",
        "name": "ATM Center"
      },
      "geometry": {
        "type": "Point",
        "coordinates": [
          117.147158,
          -0.4747973
        ]
      },
      "id": "node/6649444160"
    },
    {
      "type": "Feature",
      "properties": {
        "@id": "node/6778582086",
        "amenity": "school",
        "name": "Ma'had Hasan bin Ali"
      },
      "geometry": {
        "type": "Point",
        "coordinates": [
          117.1355528,
          -0.4910305
        ]
      },
      "id": "node/6778582086"
    },
    {
      "type": "Feature",
      "properties": {
        "@id": "node/7428254394",
        "addr:city": "Samarinda",
        "addr:full": "Jalan Gurami No.48 Samarinda",
        "amenity": "pharmacy",
        "name": "Apotek Gabjav"
      },
      "geometry": {
        "type": "Point",
        "coordinates": [
          117.1588401,
          -0.5063462
        ]
      },
      "id": "node/7428254394"
    },
    {
      "type": "Feature",
      "properties": {
        "@id": "node/7831063471",
        "amenity": "school",
        "name": "SMAN 10"
      },
      "geometry": {
        "type": "Point",
        "coordinates": [
          117.120674,
          -0.5531647
        ]
      },
      "id": "node/7831063471"
    },
    {
      "type": "Feature",
      "properties": {
        "@id": "node/8337026526",
        "amenity": "atm",
        "drive_through": "yes"
      },
      "geometry": {
        "type": "Point",
        "coordinates": [
          117.1397228,
          -0.5015484
        ]
      },
      "id": "node/8337026526"
    },
    {
      "type": "Feature",
      "properties": {
        "@id": "node/8338910305",
        "addr:full": "Jl. Balaikota Samarinda",
        "admin_level": "5",
        "government": "administrative",
        "name": "DISPENDA Kota Samarinda",
        "office": "government",
        "website": "https://dispenda.samarindakota.go.id/"
      },
      "geometry": {
        "type": "Point",
        "coordinates": [
          117.1456642,
          -0.4928003
        ]
      },
      "id": "node/8338910305"
    },
    {
      "type": "Feature",
      "properties": {
        "@id": "node/8587068483",
        "addr:city": "samarinda",
        "addr:street": "Jalan Cendana",
        "amenity": "school",
        "name": "TK Muslimat NU Darul Falah 2"
      },
      "geometry": {
        "type": "Point",
        "coordinates": [
          117.1261048,
          -0.4981934
        ]
      },
      "id": "node/8587068483"
    },
    {
      "type": "Feature",
      "properties": {
        "@id": "node/8587068497",
        "name": "Kantor Kelurahan Teluk Lerong Ulu",
        "office": "government"
      },
      "geometry": {
        "type": "Point",
        "coordinates": [
          117.1256358,
          -0.4980402
        ]
      },
      "id": "node/8587068497"
    },
    {
      "type": "Feature",
      "properties": {
        "@id": "node/8587068498",
        "amenity": "clinic",
        "healthcare": "clinic",
        "name": "Puskesmas Wonerejo"
      },
      "geometry": {
        "type": "Point",
        "coordinates": [
          117.1251966,
          -0.4979537
        ]
      },
      "id": "node/8587068498"
    },
    {
      "type": "Feature",
      "properties": {
        "@id": "node/8587068500",
        "amenity": "pharmacy",
        "dispensing": "yes",
        "healthcare": "pharmacy",
        "name": "Toko Obat Kem-Kem Cendana"
      },
      "geometry": {
        "type": "Point",
        "coordinates": [
          117.1254862,
          -0.4975735
        ]
      },
      "id": "node/8587068500"
    },
    {
      "type": "Feature",
      "properties": {
        "@id": "node/8587068501",
        "name": "Alfamidi Cendana",
        "shop": "supermarket"
      },
      "geometry": {
        "type": "Point",
        "coordinates": [
          117.1251899,
          -0.4973925
        ]
      },
      "id": "node/8587068501"
    },
    {
      "type": "Feature",
      "properties": {
        "@id": "node/9063327003",
        "brand": "Alfamidi",
        "brand:wikidata": "Q12471462",
        "brand:wikipedia": "id:Alfamidi",
        "name": "Alfamidi",
        "name:en": "Alfamidi",
        "shop": "convenience"
      },
      "geometry": {
        "type": "Point",
        "coordinates": [
          117.2572873,
          -0.3709
        ]
      },
      "id": "node/9063327003"
    },
    {
      "type": "Feature",
      "properties": {
        "@id": "node/9063327004",
        "air_conditioning": "yes",
        "brand": "Indomaret",
        "brand:wikidata": "Q4262825",
        "brand:wikipedia": "id:Indomaret",
        "name": "Indomaret",
        "name:en": "Indomaret",
        "name:id": "Indomaret",
        "name:ja": "インドマレット",
        "operator": "PT. Indomarco Prismatama",
        "shop": "convenience",
        "toilets": "yes",
        "toilets:access": "permissive",
        "website": "https://www.klikindomaret.com"
      },
      "geometry": {
        "type": "Point",
        "coordinates": [
          117.2574429,
          -0.3708839
        ]
      },
      "id": "node/9063327004"
    },
    {
      "type": "Feature",
      "properties": {
        "@id": "node/9063327934",
        "amenity": "cafe",
        "brand": "Excelso",
        "cuisine": "coffee_shop",
        "name": "Excelso",
        "official_name": "Excelso Coffee"
      },
      "geometry": {
        "type": "Point",
        "coordinates": [
          117.2577862,
          -0.3707364
        ]
      },
      "id": "node/9063327934"
    },
    {
      "type": "Feature",
      "properties": {
        "@id": "node/9074421607",
        "amenity": "atm",
        "brand": "Bank Mandiri",
        "brand:wikidata": "Q806639",
        "brand:wikipedia": "en:Bank Mandiri",
        "name": "Bank Mandiri",
        "operator": "Bank Mandiri",
        "operator:wikidata": "Q806639",
        "operator:wikipedia": "en:Bank Mandiri"
      },
      "geometry": {
        "type": "Point",
        "coordinates": [
          117.2577296,
          -0.3706351
        ]
      },
      "id": "node/9074421607"
    },
    {
      "type": "Feature",
      "properties": {
        "@id": "node/9074421608",
        "amenity": "atm",
        "brand": "BNI",
        "brand:wikidata": "Q2882611",
        "brand:wikipedia": "id:Bank Negara Indonesia",
        "name": "BNI",
        "official_name": "Bank Negara Indonesia",
        "operator": "BNI",
        "operator:wikidata": "Q2882611",
        "operator:wikipedia": "id:Bank Negara Indonesia"
      },
      "geometry": {
        "type": "Point",
        "coordinates": [
          117.257737,
          -0.3706304
        ]
      },
      "id": "node/9074421608"
    },
    {
      "type": "Feature",
      "properties": {
        "@id": "node/9074421609",
        "amenity": "atm",
        "operator": "Bank Kaltimtara"
      },
      "geometry": {
        "type": "Point",
        "coordinates": [
          117.2577457,
          -0.3706258
        ]
      },
      "id": "node/9074421609"
    },
    {
      "type": "Feature",
      "properties": {
        "@id": "node/9074692837",
        "bus": "yes",
        "highway": "bus_stop",
        "name": "Sun Jaya",
        "name:en": "Sun",
        "public_transport": "platform"
      },
      "geometry": {
        "type": "Point",
        "coordinates": [
          117.2578684,
          -0.3709644
        ]
      },
      "id": "node/9074692837"
    },
    {
      "type": "Feature",
      "properties": {
        "@id": "node/9074692843",
        "bus": "yes",
        "highway": "bus_stop",
        "name": "Damri",
        "name:en": "Damri",
        "public_transport": "platform"
      },
      "geometry": {
        "type": "Point",
        "coordinates": [
          117.2578584,
          -0.3710562
        ]
      },
      "id": "node/9074692843"
    },
    {
      "type": "Feature",
      "properties": {
        "@id": "node/9834865026",
        "name": "UPTD Pengembangan Produktivitas Daerah Kaltim",
        "office": "government"
      },
      "geometry": {
        "type": "Point",
        "coordinates": [
          117.1392344,
          -0.4708273
        ]
      },
      "id": "node/9834865026"
    },
    {
      "type": "Feature",
      "properties": {
        "@id": "node/9835293579",
        "Commercial": "Toko Kelontong",
        "name": "Segiri Grosir",
        "shop": "supermarket"
      },
      "geometry": {
        "type": "Point",
        "coordinates": [
          117.1491888,
          -0.4830053
        ]
      },
      "id": "node/9835293579"
    },
    {
      "type": "Feature",
      "properties": {
        "@id": "node/9835368000",
        "amenity": "school",
        "name": "SDN 007 Samarinda"
      },
      "geometry": {
        "type": "Point",
        "coordinates": [
          117.1492069,
          -0.4884378
        ]
      },
      "id": "node/9835368000"
    },
    {
      "type": "Feature",
      "properties": {
        "@id": "node/9835704797",
        "amenity": "school",
        "name": "SMP Al Khairiyah"
      },
      "geometry": {
        "type": "Point",
        "coordinates": [
          117.148733,
          -0.4960231
        ]
      },
      "id": "node/9835704797"
    },
    {
      "type": "Feature",
      "properties": {
        "@id": "node/9835704845",
        "government": "administrative",
        "name": "Dinas Kepemudaan Dan Olahraga Kota Samarinda",
        "office": "government"
      },
      "geometry": {
        "type": "Point",
        "coordinates": [
          117.1468675,
          -0.4940363
        ]
      },
      "id": "node/9835704845"
    },
    {
      "type": "Feature",
      "properties": {
        "@id": "node/9835747147",
        "amenity": "school",
        "name": "SMK Muhammadiyah 2 Samarinda"
      },
      "geometry": {
        "type": "Point",
        "coordinates": [
          117.1337785,
          -0.4975757
        ]
      },
      "id": "node/9835747147"
    },
    {
      "type": "Feature",
      "properties": {
        "@id": "node/9840097810",
        "bus": "yes",
        "highway": "bus_stop",
        "name": "Halte SMKN 4 SMK Negeri 4 Samarinda",
        "public_transport": "platform"
      },
      "geometry": {
        "type": "Point",
        "coordinates": [
          117.1547962,
          -0.4950024
        ]
      },
      "id": "node/9840097810"
    },
    {
      "type": "Feature",
      "properties": {
        "@id": "node/9840129848",
        "bus": "yes",
        "highway": "bus_stop",
        "name": "Halte SMPN 2 Samarinda SMP Negeri 2 Samarinda",
        "public_transport": "platform"
      },
      "geometry": {
        "type": "Point",
        "coordinates": [
          117.1543306,
          -0.4957012
        ]
      },
      "id": "node/9840129848"
    },
    {
      "type": "Feature",
      "properties": {
        "@id": "node/9840150454",
        "amenity": "school",
        "name": "SMK Alkhariah"
      },
      "geometry": {
        "type": "Point",
        "coordinates": [
          117.1486069,
          -0.4959629
        ]
      },
      "id": "node/9840150454"
    },
    {
      "type": "Feature",
      "properties": {
        "@id": "node/9884768657",
        "amenity": "school",
        "name": "Sekolah Budi Bakti Samarinda"
      },
      "geometry": {
        "type": "Point",
        "coordinates": [
          117.1617385,
          -0.4517193
        ]
      },
      "id": "node/9884768657"
    },
    {
      "type": "Feature",
      "properties": {
        "@id": "node/9886211102",
        "amenity": "school",
        "name": "Pondok Pesantren Hidayatullah Samarinda"
      },
      "geometry": {
        "type": "Point",
        "coordinates": [
          117.1596284,
          -0.4557531
        ]
      },
      "id": "node/9886211102"
    },
    {
      "type": "Feature",
      "properties": {
        "@id": "node/9886322400",
        "amenity": "school",
        "name": "TP Al - Quran Ash-Shiddiq"
      },
      "geometry": {
        "type": "Point",
        "coordinates": [
          117.1354057,
          -0.4794558
        ]
      },
      "id": "node/9886322400"
    },
    {
      "type": "Feature",
      "properties": {
        "@id": "node/9886392099",
        "amenity": "school",
        "name": "SDN 002 Samarinda Ulu"
      },
      "geometry": {
        "type": "Point",
        "coordinates": [
          117.1384637,
          -0.4971805
        ]
      },
      "id": "node/9886392099"
    },
    {
      "type": "Feature",
      "properties": {
        "@id": "node/9886986240",
        "amenity": "pharmacy",
        "branch": "Wahid Hasyim 2",
        "brand": "Kimia Farma",
        "brand:wikidata": "Q11264892",
        "healthcare": "pharmacy",
        "name": "Kimia Farma"
      },
      "geometry": {
        "type": "Point",
        "coordinates": [
          117.1556326,
          -0.4432403
        ]
      },
      "id": "node/9886986240"
    },
    {
      "type": "Feature",
      "properties": {
        "@id": "node/9887068894",
        "amenity": "pharmacy",
        "healthcare": "pharmacy",
        "name": "Apotek M Yamin"
      },
      "geometry": {
        "type": "Point",
        "coordinates": [
          117.1485155,
          -0.4663129
        ]
      },
      "id": "node/9887068894"
    },
    {
      "type": "Feature",
      "properties": {
        "@id": "node/9887220475",
        "amenity": "clinic",
        "healthcare": "clinic",
        "name": "Tirta Medical Centre Samarinda"
      },
      "geometry": {
        "type": "Point",
        "coordinates": [
          117.1310665,
          -0.4716683
        ]
      },
      "id": "node/9887220475"
    },
    {
      "type": "Feature",
      "properties": {
        "@id": "node/9887252404",
        "amenity": "pharmacy",
        "healthcare": "pharmacy",
        "name": "Apotek Sinar Merdeka"
      },
      "geometry": {
        "type": "Point",
        "coordinates": [
          117.1653555,
          -0.4873523
        ]
      },
      "id": "node/9887252404"
    },
    {
      "type": "Feature",
      "properties": {
        "@id": "node/9887474579",
        "amenity": "bus_station",
        "bus": "yes",
        "name": "Halte Lembuswana",
        "public_transport": "station"
      },
      "geometry": {
        "type": "Point",
        "coordinates": [
          117.1478355,
          -0.4761932
        ]
      },
      "id": "node/9887474579"
    },
    {
      "type": "Feature",
      "properties": {
        "@id": "node/9888863259",
        "amenity": "clinic",
        "healthcare": "clinic",
        "name": "Klinik Kulit Umara"
      },
      "geometry": {
        "type": "Point",
        "coordinates": [
          117.1234072,
          -0.477218
        ]
      },
      "id": "node/9888863259"
    },
    {
      "type": "Feature",
      "properties": {
        "@id": "node/9888970377",
        "amenity": "clinic",
        "healthcare": "clinic",
        "name": "Kantor NCI Centre Samarinda"
      },
      "geometry": {
        "type": "Point",
        "coordinates": [
          117.1415229,
          -0.4845036
        ]
      },
      "id": "node/9888970377"
    },
    {
      "type": "Feature",
      "properties": {
        "@id": "node/9894383263",
        "amenity": "cafe",
        "name": "Tawon Coffee - Sempaja Selatan"
      },
      "geometry": {
        "type": "Point",
        "coordinates": [
          117.146501,
          -0.450792
        ]
      },
      "id": "node/9894383263"
    },
    {
      "type": "Feature",
      "properties": {
        "@id": "node/9894514975",
        "amenity": "cafe",
        "name": "Kopi Lain Hati - Citraland City Samarinda"
      },
      "geometry": {
        "type": "Point",
        "coordinates": [
          117.1869558,
          -0.4587779
        ]
      },
      "id": "node/9894514975"
    },
    {
      "type": "Feature",
      "properties": {
        "@id": "node/9894529627",
        "amenity": "cafe",
        "name": "Yukaffe - Sungai Pinang Dalam"
      },
      "geometry": {
        "type": "Point",
        "coordinates": [
          117.1818432,
          -0.4616421
        ]
      },
      "id": "node/9894529627"
    },
    {
      "type": "Feature",
      "properties": {
        "@id": "node/9894863933",
        "amenity": "cafe",
        "name": "Fortunate Coffee"
      },
      "geometry": {
        "type": "Point",
        "coordinates": [
          117.1830201,
          -0.4626471
        ]
      },
      "id": "node/9894863933"
    },
    {
      "type": "Feature",
      "properties": {
        "@id": "node/9896490125",
        "amenity": "cafe",
        "name": "Brustto - Temindung Permai"
      },
      "geometry": {
        "type": "Point",
        "coordinates": [
          117.1691238,
          -0.4710861
        ]
      },
      "id": "node/9896490125"
    },
    {
      "type": "Feature",
      "properties": {
        "@id": "node/9896498773",
        "amenity": "cafe",
        "name": "Kings Coffee - Gunung Kelua"
      },
      "geometry": {
        "type": "Point",
        "coordinates": [
          117.1484283,
          -0.4753641
        ]
      },
      "id": "node/9896498773"
    },
    {
      "type": "Feature",
      "properties": {
        "@id": "node/9896498902",
        "amenity": "cafe",
        "name": "Pick Cup - Lembuswana Mall"
      },
      "geometry": {
        "type": "Point",
        "coordinates": [
          117.1474938,
          -0.4749259
        ]
      },
      "id": "node/9896498902"
    },
    {
      "type": "Feature",
      "properties": {
        "@id": "node/9896535136",
        "Commercial": "Toko Kelontong",
        "name": "Foodmart - Samarinda",
        "shop": "supermarket"
      },
      "geometry": {
        "type": "Point",
        "coordinates": [
          117.1476928,
          -0.4752211
        ]
      },
      "id": "node/9896535136"
    },
    {
      "type": "Feature",
      "properties": {
        "@id": "node/9896541842",
        "amenity": "cafe",
        "name": "Papa Muda - Sidodadi"
      },
      "geometry": {
        "type": "Point",
        "coordinates": [
          117.1497835,
          -0.476664
        ]
      },
      "id": "node/9896541842"
    },
    {
      "type": "Feature",
      "properties": {
        "@id": "node/9896551362",
        "amenity": "cafe",
        "name": "Jurdol Squire Cendol"
      },
      "geometry": {
        "type": "Point",
        "coordinates": [
          117.1360681,
          -0.4796489
        ]
      },
      "id": "node/9896551362"
    },
    {
      "type": "Feature",
      "properties": {
        "@id": "node/9896559782",
        "amenity": "cafe",
        "name": "Menantea - S.Parman Samarinda"
      },
      "geometry": {
        "type": "Point",
        "coordinates": [
          117.1531076,
          -0.4777935
        ]
      },
      "id": "node/9896559782"
    },
    {
      "type": "Feature",
      "properties": {
        "@id": "node/9896615758",
        "amenity": "cafe",
        "name": "Lotus Coffee - Sidodadi"
      },
      "geometry": {
        "type": "Point",
        "coordinates": [
          117.1352321,
          -0.4808525
        ]
      },
      "id": "node/9896615758"
    },
    {
      "type": "Feature",
      "properties": {
        "@id": "node/9896635131",
        "amenity": "cafe",
        "name": "Excelso Juanda Samarinda"
      },
      "geometry": {
        "type": "Point",
        "coordinates": [
          117.1333005,
          -0.4815893
        ]
      },
      "id": "node/9896635131"
    },
    {
      "type": "Feature",
      "properties": {
        "@id": "node/9897232908",
        "amenity": "cafe",
        "name": "WKB Cafe"
      },
      "geometry": {
        "type": "Point",
        "coordinates": [
          117.1347485,
          -0.4831116
        ]
      },
      "id": "node/9897232908"
    },
    {
      "type": "Feature",
      "properties": {
        "@id": "node/9897504065",
        "amenity": "cafe",
        "name": "Nom Nom Dessert - Air Putih"
      },
      "geometry": {
        "type": "Point",
        "coordinates": [
          117.1155383,
          -0.48676
        ]
      },
      "id": "node/9897504065"
    },
    {
      "type": "Feature",
      "properties": {
        "@id": "node/9898602645",
        "amenity": "cafe",
        "name": "Cetroo Coffee - Air Putih"
      },
      "geometry": {
        "type": "Point",
        "coordinates": [
          117.130307,
          -0.4902609
        ]
      },
      "id": "node/9898602645"
    },
    {
      "type": "Feature",
      "properties": {
        "@id": "node/9898641260",
        "amenity": "cafe",
        "name": "Taki Coffee - Teluk Lerong Ilir"
      },
      "geometry": {
        "type": "Point",
        "coordinates": [
          117.1349181,
          -0.4919602
        ]
      },
      "id": "node/9898641260"
    },
    {
      "type": "Feature",
      "properties": {
        "@id": "node/9898647646",
        "amenity": "cafe",
        "name": "Safaa Coffee - Teluk Lerong Ilir"
      },
      "geometry": {
        "type": "Point",
        "coordinates": [
          117.1353734,
          -0.4921154
        ]
      },
      "id": "node/9898647646"
    },
    {
      "type": "Feature",
      "properties": {
        "@id": "node/9898664656",
        "amenity": "cafe",
        "name": "Kopi Janji Jiwa - Grand Mahakam"
      },
      "geometry": {
        "type": "Point",
        "coordinates": [
          117.1343916,
          -0.4914804
        ]
      },
      "id": "node/9898664656"
    },
    {
      "type": "Feature",
      "properties": {
        "@id": "node/9901453005",
        "amenity": "cafe",
        "building": "yes",
        "name": "Kopiria - Samarinda Kota"
      },
      "geometry": {
        "type": "Point",
        "coordinates": [
          117.1494116,
          -0.5000435
        ]
      },
      "id": "node/9901453005"
    },
    {
      "type": "Feature",
      "properties": {
        "@id": "node/9901489299",
        "amenity": "atm",
        "name": "ATM Bank Permata Diponegoro"
      },
      "geometry": {
        "type": "Point",
        "coordinates": [
          117.1499417,
          -0.5001285
        ]
      },
      "id": "node/9901489299"
    },
    {
      "type": "Feature",
      "properties": {
        "@id": "node/9903402215",
        "Commercial": "Toko Kelontong",
        "name": "City Centrum Mall",
        "shop": "mall"
      },
      "geometry": {
        "type": "Point",
        "coordinates": [
          117.1521432,
          -0.5028263
        ]
      },
      "id": "node/9903402215"
    },
    {
      "type": "Feature",
      "properties": {
        "@id": "node/9903580167",
        "amenity": "pharmacy",
        "name": "Apotek Surya"
      },
      "geometry": {
        "type": "Point",
        "coordinates": [
          117.1536091,
          -0.5037409
        ]
      },
      "id": "node/9903580167"
    },
    {
      "type": "Feature",
      "properties": {
        "@id": "node/9903895920",
        "amenity": "cafe",
        "name": "My Kopi O - City Centrum Mall"
      },
      "geometry": {
        "type": "Point",
        "coordinates": [
          117.1518631,
          -0.5027034
        ]
      },
      "id": "node/9903895920"
    },
    {
      "type": "Feature",
      "properties": {
        "@id": "node/9903919337",
        "amenity": "cafe",
        "name": "Gildak - City Centrum Samarinda"
      },
      "geometry": {
        "type": "Point",
        "coordinates": [
          117.1521206,
          -0.5030866
        ]
      },
      "id": "node/9903919337"
    },
    {
      "type": "Feature",
      "properties": {
        "@id": "node/9908833822",
        "highway": "bus_stop",
        "name": "Halte SDN 23"
      },
      "geometry": {
        "type": "Point",
        "coordinates": [
          117.1390832,
          -0.5090514
        ]
      },
      "id": "node/9908833822"
    },
    {
      "type": "Feature",
      "properties": {
        "@id": "node/9908877550",
        "amenity": "bank",
        "name": "Bank BRI Sultan Hasanuddin"
      },
      "geometry": {
        "type": "Point",
        "coordinates": [
          117.1397302,
          -0.5111508
        ]
      },
      "id": "node/9908877550"
    },
    {
      "type": "Feature",
      "properties": {
        "@id": "node/9908950679",
        "amenity": "atm",
        "name": "ATM BCA KCP Samarinda Seberang"
      },
      "geometry": {
        "type": "Point",
        "coordinates": [
          117.134273,
          -0.5116047
        ]
      },
      "id": "node/9908950679"
    },
    {
      "type": "Feature",
      "properties": {
        "@id": "node/9984320383",
        "amenity": "cafe",
        "branch": "Big Mall Samarinda",
        "brand": "Starbucks",
        "brand:wikidata": "Q37158",
        "cuisine": "coffee_shop",
        "name": "Starbucks",
        "official_name": "Starbucks Coffee",
        "shop": "coffee",
        "takeaway": "yes"
      },
      "geometry": {
        "type": "Point",
        "coordinates": [
          117.1148282,
          -0.5262965
        ]
      },
      "id": "node/9984320383"
    },
    {
      "type": "Feature",
      "properties": {
        "@id": "node/9990727252",
        "amenity": "atm",
        "name": "ATM Mandiri Budi Mart"
      },
      "geometry": {
        "type": "Point",
        "coordinates": [
          117.1539149,
          -0.4407516
        ]
      },
      "id": "node/9990727252"
    },
    {
      "type": "Feature",
      "properties": {
        "@id": "node/9994363756",
        "air_conditioning": "yes",
        "branch": "Siradj Salman",
        "brand": "Indomaret",
        "brand:wikidata": "Q4262825",
        "brand:wikipedia": "id:Indomaret",
        "name": "Indomaret",
        "name:en": "Indomaret",
        "name:id": "Indomaret",
        "name:ja": "インドマレット",
        "operator": "PT. Indomarco Prismatama",
        "shop": "convenience",
        "toilets": "yes",
        "toilets:access": "permissive",
        "website": "https://www.klikindomaret.com"
      },
      "geometry": {
        "type": "Point",
        "coordinates": [
          117.1290207,
          -0.4908166
        ]
      },
      "id": "node/9994363756"
    },
    {
      "type": "Feature",
      "properties": {
        "@id": "node/9994473866",
        "amenity": "school",
        "name": "SDN 004 SLB Pelita"
      },
      "geometry": {
        "type": "Point",
        "coordinates": [
          117.1643336,
          -0.4842563
        ]
      },
      "id": "node/9994473866"
    },
    {
      "type": "Feature",
      "properties": {
        "@id": "node/9994483723",
        "amenity": "atm",
        "name": "ATM BCA Indomaret Siradj Salman"
      },
      "geometry": {
        "type": "Point",
        "coordinates": [
          117.1289972,
          -0.4907983
        ]
      },
      "id": "node/9994483723"
    },
    {
      "type": "Feature",
      "properties": {
        "@id": "node/10017522877",
        "name": "V-Mart Mini Market & Stockist Unihealth",
        "shop": "convenience"
      },
      "geometry": {
        "type": "Point",
        "coordinates": [
          117.1441249,
          -0.4508741
        ]
      },
      "id": "node/10017522877"
    },
    {
      "type": "Feature",
      "properties": {
        "@id": "node/10020254720",
        "Commercial": "Toko Kelontong",
        "name": "Toko Ronny",
        "shop": "convenience"
      },
      "geometry": {
        "type": "Point",
        "coordinates": [
          117.1647199,
          -0.486367
        ]
      },
      "id": "node/10020254720"
    },
    {
      "type": "Feature",
      "properties": {
        "@id": "node/10021380635",
        "amenity": "atm",
        "name": "ATM Bukopin Indomaret Ir Sutami"
      },
      "geometry": {
        "type": "Point",
        "coordinates": [
          117.1156673,
          -0.5221818
        ]
      },
      "id": "node/10021380635"
    },
    {
      "type": "Feature",
      "properties": {
        "@id": "node/10021413762",
        "amenity": "bus_station",
        "internet_access": "yes",
        "internet_access:fee": "no",
        "name": "Terminal Bayangan Bus Baru",
        "operator": "samarinda - Balikpapan's"
      },
      "geometry": {
        "type": "Point",
        "coordinates": [
          117.1275875,
          -0.5253896
        ]
      },
      "id": "node/10021413762"
    },
    {
      "type": "Feature",
      "properties": {
        "@id": "node/10054310137",
        "amenity": "pharmacy",
        "name": "Mulita Apotek"
      },
      "geometry": {
        "type": "Point",
        "coordinates": [
          117.1787937,
          -0.4840632
        ]
      },
      "id": "node/10054310137"
    },
    {
      "type": "Feature",
      "properties": {
        "@id": "node/10177342050",
        "amenity": "cafe",
        "name": "Ice Cincau Wadidaw"
      },
      "geometry": {
        "type": "Point",
        "coordinates": [
          117.1379801,
          -0.49158
        ]
      },
      "id": "node/10177342050"
    },
    {
      "type": "Feature",
      "properties": {
        "@id": "node/10294873316",
        "addr:city": "Samarinda",
        "addr:housenumber": "14",
        "addr:postcode": "75123",
        "addr:street": "Jalan Pramuka",
        "description": "Toko Produk Perawatan dan Kecantikan",
        "name": "Meta Cosmetics",
        "opening_hours": "Mo-Su 09:30-21:30",
        "payment:cash": "yes",
        "payment:credit_cards": "yes",
        "payment:debit_cards": "yes",
        "payment:maestro": "yes",
        "payment:mastercard": "yes",
        "payment:visa": "yes",
        "phone": "+6281256242797",
        "shop": "supermarket"
      },
      "geometry": {
        "type": "Point",
        "coordinates": [
          117.1521089,
          -0.4634664
        ]
      },
      "id": "node/10294873316"
    },
    {
      "type": "Feature",
      "properties": {
        "@id": "node/10605541444",
        "addr:city": "samarinda",
        "addr:housenumber": "2",
        "addr:postcode": "75242",
        "addr:street": "Jalan Perjuangan",
        "air_conditioning": "yes",
        "branch": "Perjuangan",
        "brand": "Indomaret",
        "brand:wikidata": "Q4262825",
        "brand:wikipedia": "id:Indomaret",
        "name": "Indomaret",
        "name:en": "Indomaret",
        "name:id": "Indomaret",
        "name:ja": "インドマレット",
        "opening_hours": "24/7",
        "operator": "PT. Indomarco Prismatama",
        "payment:cash": "yes",
        "payment:credit_cards": "yes",
        "payment:debit_cards": "yes",
        "payment:mastercard": "yes",
        "payment:visa": "yes",
        "shop": "convenience",
        "toilets": "yes",
        "toilets:access": "permissive",
        "website": "https://www.klikindomaret.com"
      },
      "geometry": {
        "type": "Point",
        "coordinates": [
          117.1566072,
          -0.4636334
        ]
      },
      "id": "node/10605541444"
    },
    {
      "type": "Feature",
      "properties": {
        "@id": "node/11276948920",
        "amenity": "atm",
        "brand": "BRI",
        "brand:wikidata": "Q623042",
        "official_name": "Bank Rakyat Indonesia",
        "operator": "BRI",
        "operator:wikidata": "Q623042"
      },
      "geometry": {
        "type": "Point",
        "coordinates": [
          117.1156001,
          -0.4626504
        ]
      },
      "id": "node/11276948920"
    },
    {
      "type": "Feature",
      "properties": {
        "@id": "node/11276958492",
        "air_conditioning": "yes",
        "brand": "Indomaret",
        "brand:wikidata": "Q4262825",
        "brand:wikipedia": "id:Indomaret",
        "name": "Indomaret",
        "name:en": "Indomaret",
        "name:id": "Indomaret",
        "name:ja": "インドマレット",
        "operator": "PT. Indomarco Prismatama",
        "shop": "convenience",
        "toilets": "yes",
        "toilets:access": "permissive",
        "website": "https://www.klikindomaret.com"
      },
      "geometry": {
        "type": "Point",
        "coordinates": [
          117.1156721,
          -0.4627928
        ]
      },
      "id": "node/11276958492"
    },
    {
      "type": "Feature",
      "properties": {
        "@id": "node/11277817081",
        "addr:city": "Samarinda",
        "addr:postcode": "75243",
        "addr:street": "Jl. Jakarta, Loa Bakung, Kec. Sungai Kunjang, Kota Samarinda, Kalimantan Timur",
        "amenity": "school",
        "name": "SMP Muhammadiyah 6",
        "operator": "Muhammadiyah",
        "operator:type": "private",
        "religion": "muslim"
      },
      "geometry": {
        "type": "Point",
        "coordinates": [
          117.0908646,
          -0.5177329
        ]
      },
      "id": "node/11277817081"
    },
    {
      "type": "Feature",
      "properties": {
        "@id": "node/11277868489",
        "amenity": "atm",
        "brand": "Bank Mandiri",
        "brand:wikidata": "Q806639",
        "cash_in": "no",
        "currency:IDR": "yes",
        "name": "ATM Mandiri",
        "operator": "Bank Mandiri",
        "operator:wikidata": "Q806639"
      },
      "geometry": {
        "type": "Point",
        "coordinates": [
          117.1157127,
          -0.4627784
        ]
      },
      "id": "node/11277868489"
    },
    {
      "type": "Feature",
      "properties": {
        "@id": "node/11282596343",
        "amenity": "atm",
        "brand": "Bank Central Asia",
        "brand:wikidata": "Q806626",
        "name": "ATM BCA Indogrosir",
        "official_name": "Bank Central Asia",
        "operator": "Bank Central Asia",
        "operator:wikidata": "Q806626"
      },
      "geometry": {
        "type": "Point",
        "coordinates": [
          117.1491485,
          -0.4509209
        ]
      },
      "id": "node/11282596343"
    },
    {
      "type": "Feature",
      "properties": {
        "@id": "node/11282596344",
        "addr:full": "Depan Sriwijaya Teknik, Samarinda",
        "amenity": "atm",
        "brand": "Bank Mandiri",
        "brand:wikidata": "Q806639",
        "name": "ATM Mandiri",
        "operator": "Bank Mandiri",
        "operator:wikidata": "Q806639"
      },
      "geometry": {
        "type": "Point",
        "coordinates": [
          117.1478695,
          -0.4510033
        ]
      },
      "id": "node/11282596344"
    },
    {
      "type": "Feature",
      "properties": {
        "@id": "node/11282941130",
        "addr:city": "Samarinda",
        "addr:street": "Jalan Abdul Wahab Sjahranie / Jl AW Syahranie",
        "amenity": "bank",
        "atm": "yes",
        "brand": "BNI",
        "brand:wikidata": "Q2882611",
        "name": "BNI",
        "official_name": "Bank Negara Indonesia",
        "operator": "Bank BNI"
      },
      "geometry": {
        "type": "Point",
        "coordinates": [
          117.1473368,
          -0.4510458
        ]
      },
      "id": "node/11282941130"
    },
    {
      "type": "Feature",
      "properties": {
        "@id": "node/11282941131",
        "addr:housenumber": "129 A",
        "amenity": "atm",
        "brand": "BNI",
        "brand:wikidata": "Q2882611",
        "drive_through": "no",
        "indoor": "yes",
        "name": "ATM BNI AWS",
        "official_name": "Bank Negara Indonesia",
        "operator": "BNI",
        "operator:wikidata": "Q2882611"
      },
      "geometry": {
        "type": "Point",
        "coordinates": [
          117.1473269,
          -0.4510664
        ]
      },
      "id": "node/11282941131"
    },
    {
      "type": "Feature",
      "properties": {
        "@id": "node/11287322875",
        "addr:city": "Samarinda",
        "addr:street": "P. Suryanata",
        "air_conditioning": "yes",
        "branch": "P Suryanata 2",
        "brand": "Indomaret",
        "brand:wikidata": "Q4262825",
        "brand:wikipedia": "id:Indomaret",
        "name": "Indomaret",
        "name:en": "Indomaret",
        "name:id": "Indomaret",
        "name:ja": "インドマレット",
        "operator": "PT. Indomarco Prismatama",
        "shop": "convenience",
        "toilets": "yes",
        "toilets:access": "permissive",
        "website": "https://www.klikindomaret.com"
      },
      "geometry": {
        "type": "Point",
        "coordinates": [
          117.1224087,
          -0.4717422
        ]
      },
      "id": "node/11287322875"
    },
    {
      "type": "Feature",
      "properties": {
        "@id": "node/11287322876",
        "amenity": "atm",
        "brand": "Bank Mandiri",
        "brand:wikidata": "Q806639",
        "name": "ATM Mandiri Indomaret Suryanata 2",
        "operator": "Bank Mandiri",
        "operator:wikidata": "Q806639"
      },
      "geometry": {
        "type": "Point",
        "coordinates": [
          117.1224404,
          -0.4717551
        ]
      },
      "id": "node/11287322876"
    },
    {
      "type": "Feature",
      "properties": {
        "@id": "node/11287323167",
        "amenity": "atm",
        "brand": "Bank Mandiri",
        "brand:wikidata": "Q806639",
        "name": "ATM Mandiri Indomaret Suryanata No. 39",
        "operator": "Bank Mandiri",
        "operator:wikidata": "Q806639"
      },
      "geometry": {
        "type": "Point",
        "coordinates": [
          117.1232106,
          -0.4752449
        ]
      },
      "id": "node/11287323167"
    },
    {
      "type": "Feature",
      "properties": {
        "@id": "node/11287323168",
        "amenity": "atm",
        "brand": "BNI",
        "brand:wikidata": "Q2882611",
        "name": "ATM BNI Indomaret Suryanata No. 39",
        "official_name": "Bank Negara Indonesia",
        "operator": "BNI",
        "operator:wikidata": "Q2882611"
      },
      "geometry": {
        "type": "Point",
        "coordinates": [
          117.1232116,
          -0.4752721
        ]
      },
      "id": "node/11287323168"
    },
    {
      "type": "Feature",
      "properties": {
        "@id": "node/11287374639",
        "addr:city": "Samarinda",
        "addr:housenumber": "39",
        "addr:street": "Jalan Pangeran Suryanata",
        "air_conditioning": "yes",
        "brand": "Indomaret",
        "brand:wikidata": "Q4262825",
        "brand:wikipedia": "id:Indomaret",
        "name": "Indomaret",
        "name:en": "Indomaret",
        "name:id": "Indomaret",
        "name:ja": "インドマレット",
        "operator": "PT. Indomarco Prismatama",
        "shop": "convenience",
        "toilets": "yes",
        "toilets:access": "permissive",
        "website": "https://www.klikindomaret.com"
      },
      "geometry": {
        "type": "Point",
        "coordinates": [
          117.1232698,
          -0.4753129
        ]
      },
      "id": "node/11287374639"
    },
    {
      "type": "Feature",
      "properties": {
        "@id": "node/11287401269",
        "amenity": "atm",
        "brand": "Bank Mandiri",
        "brand:wikidata": "Q806639",
        "name": "ATM Mandiri Hexa Gym Suryanata",
        "operator": "Bank Mandiri",
        "operator:wikidata": "Q806639",
        "short_name": "ATM Mandiri"
      },
      "geometry": {
        "type": "Point",
        "coordinates": [
          117.123559,
          -0.4770149
        ]
      },
      "id": "node/11287401269"
    },
    {
      "type": "Feature",
      "properties": {
        "@id": "node/11287401270",
        "amenity": "atm",
        "name": "ATM Bankkaltimtara Hexa Gym Suryanata",
        "operator": "Bankkaltimtara",
        "short_name": "ATM Bank Kaltimtara"
      },
      "geometry": {
        "type": "Point",
        "coordinates": [
          117.1235681,
          -0.4770327
        ]
      },
      "id": "node/11287401270"
    },
    {
      "type": "Feature",
      "properties": {
        "@id": "node/11288691069",
        "amenity": "atm",
        "brand": "Bank Central Asia",
        "brand:wikidata": "Q806626",
        "name": "ATM BCA Indomaret Suryanata",
        "official_name": "Bank Central Asia",
        "operator": "Bank Central Asia",
        "operator:wikidata": "Q806626",
        "short_name": "ATM BCA Suryanata"
      },
      "geometry": {
        "type": "Point",
        "coordinates": [
          117.1244261,
          -0.4790881
        ]
      },
      "id": "node/11288691069"
    },
    {
      "type": "Feature",
      "properties": {
        "@id": "node/11288691074",
        "addr:city": "Samarinda",
        "addr:street": "Jalan Pangeran Suryanata",
        "air_conditioning": "yes",
        "branch": "Fresh Surya",
        "brand": "Indomaret",
        "brand:wikidata": "Q4262825",
        "brand:wikipedia": "id:Indomaret",
        "fixme": "Indomaret Fresh",
        "name": "Indomaret",
        "name:en": "Indomaret",
        "name:id": "Indomaret",
        "name:ja": "インドマレット",
        "operator": "PT. Indomarco Prismatama",
        "shop": "convenience",
        "toilets": "yes",
        "toilets:access": "permissive",
        "website": "https://www.klikindomaret.com"
      },
      "geometry": {
        "type": "Point",
        "coordinates": [
          117.1244032,
          -0.4790584
        ]
      },
      "id": "node/11288691074"
    },
    {
      "type": "Feature",
      "properties": {
        "@id": "node/11288695271",
        "amenity": "atm",
        "brand": "BNI",
        "brand:wikidata": "Q2882611",
        "name": "ATM BNI EraMart Suryanata 2",
        "official_name": "Bank Negara Indonesia",
        "operator": "BNI",
        "operator:wikidata": "Q2882611"
      },
      "geometry": {
        "type": "Point",
        "coordinates": [
          117.1249724,
          -0.4798151
        ]
      },
      "id": "node/11288695271"
    },
    {
      "type": "Feature",
      "properties": {
        "@id": "node/11288698122",
        "addr:city": "samarinda",
        "amenity": "atm",
        "brand": "BRI",
        "brand:wikidata": "Q623042",
        "name": "ATM BRI EraMart Suryanata",
        "official_name": "Bank Rakyat Indonesia",
        "operator": "BRI",
        "operator:wikidata": "Q623042"
      },
      "geometry": {
        "type": "Point",
        "coordinates": [
          117.125001,
          -0.4798261
        ]
      },
      "id": "node/11288698122"
    },
    {
      "type": "Feature",
      "properties": {
        "@id": "node/11288790531",
        "amenity": "atm",
        "brand": "Bank Central Asia",
        "brand:wikidata": "Q806626",
        "name": "ATM BCA SPBU Pertamina Juanda",
        "official_name": "Bank Central Asia",
        "operator": "Bank Central Asia",
        "operator:wikidata": "Q806626"
      },
      "geometry": {
        "type": "Point",
        "coordinates": [
          117.1306277,
          -0.4827973
        ]
      },
      "id": "node/11288790531"
    },
    {
      "type": "Feature",
      "properties": {
        "@id": "node/11288832971",
        "amenity": "atm",
        "brand": "BNI",
        "brand:wikidata": "Q2882611",
        "name": "ATM BNI SPBU Pertamina Juanda",
        "official_name": "Bank Negara Indonesia",
        "operator": "BNI",
        "operator:wikidata": "Q2882611"
      },
      "geometry": {
        "type": "Point",
        "coordinates": [
          117.1319951,
          -0.4825265
        ]
      },
      "id": "node/11288832971"
    },
    {
      "type": "Feature",
      "properties": {
        "@id": "node/11288832972",
        "amenity": "atm",
        "brand": "Panin Bank",
        "brand:wikidata": "Q12502751",
        "name": "ATM Panin Bank SPBU Pertamina Juanda",
        "operator": "Panin Bank",
        "operator:wikidata": "Q12502751"
      },
      "geometry": {
        "type": "Point",
        "coordinates": [
          117.132025,
          -0.4825835
        ]
      },
      "id": "node/11288832972"
    },
    {
      "type": "Feature",
      "properties": {
        "@id": "node/11288845222",
        "amenity": "atm",
        "operator": "ATM Bank Kaltimtara UNTAG Juanda Samarinda",
        "short_name": "ATM Bankkaltimtara"
      },
      "geometry": {
        "type": "Point",
        "coordinates": [
          117.1343625,
          -0.4811208
        ]
      },
      "id": "node/11288845222"
    },
    {
      "type": "Feature",
      "properties": {
        "@id": "node/11288875159",
        "addr:street": "Jl Juanda",
        "amenity": "atm",
        "brand": "Bank Mandiri",
        "brand:wikidata": "Q806639",
        "name": "ATM Mandiri depan Toko Pilala",
        "operator": "Bank Mandiri",
        "operator:wikidata": "Q806639"
      },
      "geometry": {
        "type": "Point",
        "coordinates": [
          117.1374122,
          -0.4756216
        ]
      },
      "id": "node/11288875159"
    },
    {
      "type": "Feature",
      "properties": {
        "@id": "node/11288875160",
        "amenity": "atm",
        "brand": "BRI",
        "brand:wikidata": "Q623042",
        "name": "ATM BRI Juanda 8",
        "official_name": "Bank Rakyat Indonesia",
        "operator": "BRI",
        "operator:wikidata": "Q623042"
      },
      "geometry": {
        "type": "Point",
        "coordinates": [
          117.1375403,
          -0.4752456
        ]
      },
      "id": "node/11288875160"
    },
    {
      "type": "Feature",
      "properties": {
        "@id": "node/11288881991",
        "amenity": "atm",
        "brand": "BTN",
        "brand:en": "BTN",
        "brand:id": "BTN",
        "brand:wikidata": "Q12474534",
        "name": "ATM Bank BTN Juanda",
        "official_name": "Bank Tabungan Negara",
        "operator": "BTN",
        "operator:wikidata": "Q12474534"
      },
      "geometry": {
        "type": "Point",
        "coordinates": [
          117.133497,
          -0.4818374
        ]
      },
      "id": "node/11288881991"
    },
    {
      "type": "Feature",
      "properties": {
        "@id": "node/11288885943",
        "amenity": "atm",
        "brand": "Bank Central Asia",
        "brand:wikidata": "Q806626",
        "name": "ATM BCA Indomaret Juanda",
        "official_name": "Bank Central Asia",
        "operator": "Bank Central Asia",
        "operator:wikidata": "Q806626"
      },
      "geometry": {
        "type": "Point",
        "coordinates": [
          117.1378086,
          -0.4755653
        ]
      },
      "id": "node/11288885943"
    },
    {
      "type": "Feature",
      "properties": {
        "@id": "node/11288901392",
        "addr:street": "Jl Ir H Juanda",
        "amenity": "atm",
        "brand": "BNI",
        "brand:wikidata": "Q2882611",
        "name": "ATM BNI Graha Juanda 8",
        "official_name": "Bank Negara Indonesia",
        "operator": "BNI",
        "operator:wikidata": "Q2882611"
      },
      "geometry": {
        "type": "Point",
        "coordinates": [
          117.13736,
          -0.4757644
        ]
      },
      "id": "node/11288901392"
    },
    {
      "type": "Feature",
      "properties": {
        "@id": "node/11288943889",
        "amenity": "atm",
        "brand": "Bank Syariah Indonesia",
        "brand:wikidata": "Q105574200",
        "name": "ATM BSI UMKT Juanda",
        "operator": "Bank Syariah Indonesia",
        "operator:wikidata": "Q105574200",
        "short_name": "BSI"
      },
      "geometry": {
        "type": "Point",
        "coordinates": [
          117.1382213,
          -0.4746902
        ]
      },
      "id": "node/11288943889"
    },
    {
      "type": "Feature",
      "properties": {
        "@id": "node/11288943890",
        "amenity": "atm",
        "brand": "Bank Muamalat",
        "brand:wikidata": "Q4855949",
        "name": "ATM Bank Muamalat UMKT Juanda",
        "operator": "Bank Muamalat",
        "operator:wikidata": "Q4855949"
      },
      "geometry": {
        "type": "Point",
        "coordinates": [
          117.1382454,
          -0.4746306
        ]
      },
      "id": "node/11288943890"
    },
    {
      "type": "Feature",
      "properties": {
        "@id": "node/11288943891",
        "amenity": "atm",
        "operator": "ATM Bank Kaltimtara UMKT"
      },
      "geometry": {
        "type": "Point",
        "coordinates": [
          117.1381844,
          -0.4747094
        ]
      },
      "id": "node/11288943891"
    },
    {
      "type": "Feature",
      "properties": {
        "@id": "node/11309430689",
        "amenity": "atm",
        "brand": "Bank Mandiri",
        "operator": "Bank Mandiri",
        "parking": "lane"
      },
      "geometry": {
        "type": "Point",
        "coordinates": [
          117.1632086,
          -0.4524731
        ]
      },
      "id": "node/11309430689"
    },
    {
      "type": "Feature",
      "properties": {
        "@id": "node/11309430690",
        "addr:street": "Jalan P. M. Noor",
        "amenity": "atm",
        "brand": "Bank Kaltimtara",
        "operator": "Bank Kaltimtara"
      },
      "geometry": {
        "type": "Point",
        "coordinates": [
          117.1630951,
          -0.4524413
        ]
      },
      "id": "node/11309430690"
    },
    {
      "type": "Feature",
      "properties": {
        "@id": "node/11309430691",
        "amenity": "atm",
        "brand": "BNI",
        "brand:wikidata": "Q2882611",
        "operator": "BNI",
        "operator:wikidata": "Q2882611"
      },
      "geometry": {
        "type": "Point",
        "coordinates": [
          117.1631596,
          -0.4524484
        ]
      },
      "id": "node/11309430691"
    },
    {
      "type": "Feature",
      "properties": {
        "@id": "node/11350595022",
        "addr:city": "Samarinda",
        "addr:street": "Bung Tomo",
        "name": "Joymart",
        "phone": "+625417273219",
        "shop": "supermarket"
      },
      "geometry": {
        "type": "Point",
        "coordinates": [
          117.1322157,
          -0.513334
        ]
      },
      "id": "node/11350595022"
    },
    {
      "type": "Feature",
      "properties": {
        "@id": "node/12067433631",
        "name": "Eramart Harapan Baru",
        "shop": "convenience"
      },
      "geometry": {
        "type": "Point",
        "coordinates": [
          117.105605,
          -0.539981
        ]
      },
      "id": "node/12067433631"
    },
    {
      "type": "Feature",
      "properties": {
        "@id": "node/12067433632",
        "amenity": "bank",
        "atm": "yes",
        "name": "BRI Unit Harapan Baru"
      },
      "geometry": {
        "type": "Point",
        "coordinates": [
          117.1057002,
          -0.5399676
        ]
      },
      "id": "node/12067433632"
    },
    {
      "type": "Feature",
      "properties": {
        "@id": "node/12298244198",
        "leisure": "park"
      },
      "geometry": {
        "type": "Point",
        "coordinates": [
          117.1077665,
          -0.507988
        ]
      },
      "id": "node/12298244198"
    },
    {
      "type": "Feature",
      "properties": {
        "@id": "node/12324424917",
        "leisure": "park",
        "name": "l"
      },
      "geometry": {
        "type": "Point",
        "coordinates": [
          117.1229817,
          -0.5305375
        ]
      },
      "id": "node/12324424917"
    },
    {
      "type": "Feature",
      "properties": {
        "@id": "node/12397934322",
        "addr:district": "Kota Samarinda",
        "addr:province": "Kalimantan Timur",
        "addr:street": "Kantor- Aptap- dan Lab. Distribusi : Jl. Palang Merah Indonesia No. 1 Samarinda 75123",
        "addr:subdistrict": "Samarinda Ulu",
        "addr:village": "Sidodadi",
        "amenity": "blood_bank",
        "email": "humas.uddpmismd@gmail.com",
        "name": "UDD PMI Kota Samarinda",
        "operator": "Palang Merah Indonesia",
        "operator:short": "PMI",
        "phone": "82215803624.0"
      },
      "geometry": {
        "type": "Point",
        "coordinates": [
          117.145751,
          -0.479302
        ]
      },
      "id": "node/12397934322"
    },
    {
      "type": "Feature",
      "properties": {
        "@id": "node/12477203297",
        "name": "Alfamidi Untung Suropati",
        "shop": "convenience"
      },
      "geometry": {
        "type": "Point",
        "coordinates": [
          117.1162158,
          -0.5223087
        ]
      },
      "id": "node/12477203297"
    },
    {
      "type": "Feature",
      "properties": {
        "@id": "node/12916768705",
        "amenity": "atm",
        "opening_hours": "24/7",
        "operator": "ATM BRI TEMINDUNG"
      },
      "geometry": {
        "type": "Point",
        "coordinates": [
          117.1713999,
          -0.4686293
        ]
      },
      "id": "node/12916768705"
    },
    {
      "type": "Feature",
      "properties": {
        "@id": "node/13083754603",
        "amenity": "atm"
      },
      "geometry": {
        "type": "Point",
        "coordinates": [
          117.1447692,
          -0.4743775
        ]
      },
      "id": "node/13083754603"
    },
    {
      "type": "Feature",
      "properties": {
        "@id": "node/13713059389",
        "addr:city": "Samarinda",
        "addr:district": "Samarinda Ulu",
        "addr:housename": "Indomaret Kantor Gubernur Kaltim",
        "addr:housenumber": "2",
        "addr:province": "Kalimantan Timur",
        "addr:street": "Jalan Gajah Mada",
        "addr:subdistrict": "Jawa",
        "addr:unit": "1",
        "name": "Indomaret Kantor Gubernur Kaltim",
        "opening_hours": "Mo-Fr 09:00-17:00",
        "shop": "supermarket"
      },
      "geometry": {
        "type": "Point",
        "coordinates": [
          117.139021,
          -0.5009701
        ]
      },
      "id": "node/13713059389"
    },
    {
      "type": "Feature",
      "properties": {
        "@id": "node/13820526545",
        "addr:housename": "Gazebo Pertanian",
        "addr:street": "Jalan Tanah Grogot",
        "leisure": "park",
        "name": "Gazebo"
      },
      "geometry": {
        "type": "Point",
        "coordinates": [
          117.153707,
          -0.467039
        ]
      },
      "id": "node/13820526545"
    },
    {
      "type": "Feature",
      "properties": {
        "@id": "node/13820589608",
        "amenity": "university",
        "education": "university",
        "name": "Gedung D6"
      },
      "geometry": {
        "type": "Point",
        "coordinates": [
          117.1530017,
          -0.4682434
        ]
      },
      "id": "node/13820589608"
    },
    {
      "type": "Feature",
      "properties": {
        "@id": "node/13820589609",
        "amenity": "university",
        "education": "university",
        "name": "Gedung D2"
      },
      "geometry": {
        "type": "Point",
        "coordinates": [
          117.1531423,
          -0.4679982
        ]
      },
      "id": "node/13820589609"
    },
    {
      "type": "Feature",
      "properties": {
        "@id": "node/13820589610",
        "amenity": "university",
        "education": "university",
        "name": "Dekanat FISIP"
      },
      "geometry": {
        "type": "Point",
        "coordinates": [
          117.1537133,
          -0.4676717
        ]
      },
      "id": "node/13820589610"
    },
    {
      "type": "Feature",
      "properties": {
        "@id": "node/13820589612",
        "Area": "Gedung D8",
        "amenity": "university",
        "education": "university",
        "name": "Gedung D8"
      },
      "geometry": {
        "type": "Point",
        "coordinates": [
          117.1529378,
          -0.4686321
        ]
      },
      "id": "node/13820589612"
    },
    {
      "type": "Feature",
      "properties": {
        "@id": "node/13820589613",
        "amenity": "university",
        "education": "university",
        "name": "Gedung D9"
      },
      "geometry": {
        "type": "Point",
        "coordinates": [
          117.1527562,
          -0.4689677
        ]
      },
      "id": "node/13820589613"
    },
    {
      "type": "Feature",
      "properties": {
        "@id": "node/13848507568",
        "addr:housename": "Gedung Fahutan",
        "leisure": "park",
        "name": "Fahutan"
      },
      "geometry": {
        "type": "Point",
        "coordinates": [
          117.1530375,
          -0.471466
        ]
      },
      "id": "node/13848507568"
    },
    {
      "type": "Feature",
      "properties": {
        "@id": "node/13848507569",
        "amenity": "hospital",
        "healthcare": "hospital",
        "name": "Lab Konservasi Tanah, air dan iklim"
      },
      "geometry": {
        "type": "Point",
        "coordinates": [
          117.1530092,
          -0.4717462
        ]
      },
      "id": "node/13848507569"
    },
    {
      "type": "Feature",
      "properties": {
        "@id": "node/13848507571",
        "amenity": "hospital",
        "healthcare": "hospital",
        "name": "Laboratorium Rekayasa dan Pengujian bahan berkayu"
      },
      "geometry": {
        "type": "Point",
        "coordinates": [
          117.1532985,
          -0.4715599
        ]
      },
      "id": "node/13848507571"
    },
    {
      "type": "Feature",
      "properties": {
        "@id": "node/13848507572",
        "leisure": "park",
        "name": "Perhimpunan Alumni Jepang"
      },
      "geometry": {
        "type": "Point",
        "coordinates": [
          117.1534829,
          -0.4717222
        ]
      },
      "id": "node/13848507572"
    },
    {
      "type": "Feature",
      "properties": {
        "@id": "node/13848507573",
        "leisure": "park",
        "name": "Fahutan UNMUL"
      },
      "geometry": {
        "type": "Point",
        "coordinates": [
          117.1532183,
          -0.4721531
        ]
      },
      "id": "node/13848507573"
    },
    {
      "type": "Feature",
      "properties": {
        "@id": "node/13848507574",
        "leisure": "park",
        "name": "Fahutan UNMUL"
      },
      "geometry": {
        "type": "Point",
        "coordinates": [
          117.1530738,
          -0.4720917
        ]
      },
      "id": "node/13848507574"
    },
    {
      "type": "Feature",
      "properties": {
        "@id": "node/13848552695",
        "amenity": "cafe",
        "cuisine": "coffee_shop",
        "internet_access": "wlan",
        "internet_access:fee": "no",
        "name": "KOPI KENANGAN SUTOYO"
      },
      "geometry": {
        "type": "Point",
        "coordinates": [
          117.1647403,
          -0.4753342
        ]
      },
      "id": "node/13848552695"
    },
    {
      "type": "Feature",
      "properties": {
        "@id": "node/13864735240",
        "addr:city": "Kota Samarinda",
        "addr:district": "Sambutan",
        "addr:housename": "Indomaret",
        "addr:neighbourhood": "0",
        "addr:province": "Kalimantan Timur",
        "addr:street": "Jalan Sultan Sulaiman",
        "addr:subdistrict": "Sambutan",
        "name": "Indomaret",
        "opening_hours": "07:00-22:00",
        "payment:app": "yes",
        "payment:cash": "yes",
        "payment:debit_cards": "yes",
        "shop": "convenience"
      },
      "geometry": {
        "type": "Point",
        "coordinates": [
          117.1697528,
          -0.5077298
        ]
      },
      "id": "node/13864735240"
    },
    {
      "type": "Feature",
      "properties": {
        "@id": "node/13864778068",
        "addr:city": "Samarinda",
        "addr:district": "Samarinda Kota",
        "addr:housename": "Samrinda Central Plaza",
        "addr:housenumber": "1",
        "addr:postcode": "75242",
        "addr:province": "Kalimantan Timur",
        "addr:street": "Jalan Pulau Irian",
        "addr:subdistrict": "Karang Mumus",
        "name": "Samarinda Central Plaza",
        "opening_hours": "10.00-22.00",
        "phone": "082191569910",
        "shop": "mall"
      },
      "geometry": {
        "type": "Point",
        "coordinates": [
          117.1549619,
          -0.5037345
        ]
      },
      "id": "node/13864778068"
    },
    {
      "type": "Feature",
      "properties": {
        "@id": "node/13865579784",
        "amenity": "hospital",
        "healthcare": "hospital",
        "name": "Klinik FK Unmul"
      },
      "geometry": {
        "type": "Point",
        "coordinates": [
          117.1562709,
          -0.467187
        ]
      },
      "id": "node/13865579784"
    },
    {
      "type": "Feature",
      "properties": {
        "@id": "node/13866377496",
        "amenity": "cafe",
        "name": "Cafe Odah Meko"
      },
      "geometry": {
        "type": "Point",
        "coordinates": [
          117.1577202,
          -0.4617146
        ]
      },
      "id": "node/13866377496"
    }
  ]
}